[CED-LOCK] held Phy-ID=[4]
can not use command: npu-smi info
{"mock_ready": true, "device": 0, "host_buffer_bytes": 67108864, "transport_initialized": false}
127.0.0.1 - - [09/Oct/2026 07:58:31] "GET /health HTTP/1.1" 200 -
WARNING: Logging before InitGoogleLogging() is written to STDERR
W1009 07:58:42.269183     1 transfer_engine_py.cpp:96] Using default malloc/free for protocol: ascend
I1009 07:58:42.269265     1 transfer_engine_impl.cpp:811] Metrics reporting is disabled (set MC_TE_METRIC=1 to enable)
I1009 07:58:42.269275     1 transfer_engine_impl.cpp:115] Transfer Engine parseHostNameWithPort. server_name: 192.168.45.21 port: 12001
I1009 07:58:42.269425     1 transfer_engine_impl.cpp:182] Transfer Engine RPC using P2P handshake, listening on 192.168.45.21:15164
I1009 07:58:42.269960     1 ascend_direct_transport.cpp:83] install AscendDirectTransport for: 192.168.45.21:15164
I1009 07:58:42.269994     1 utils.cpp:82] Find available between 20400 and 20500
I1009 07:58:42.647403     1 transfer_executor_base.cpp:227] Success to initialize adxl engine:192.168.45.21:20470, pid:1
E1009 07:58:42.648000     1 ascend_direct_transport.cpp:342] mem addr:0x48f0c010000 can not be recognized, try set to host mem.
I1009 07:58:42.648074     1 transfer_executor_base.cpp:452] TransferExecutor register mem addr:0x48f0c010000, length:67108864, mem type:host, engine index:0
{"mock_transport_ready": true, "engine_host": "192.168.45.21", "rpc_port": 15164}
{"mock_phase": "planned", "request_id": "cmpl-a081412896f47e06-0-a8475f9c", "rank": 0, "pages": 139, "bytes": 8590336}
{"mock_phase": "before_read", "rank": 0, "copies": 64, "bytes": 1771520}
I1009 07:58:43.482872   125 transfer_executor_base.cpp:269] Connected to segment: 192.168.45.21:20682
{"mock_phase": "read_complete", "rank": 0, "ret": 0, "bytes": 1771520}
{"mock_phase": "before_read", "rank": 0, "copies": 64, "bytes": 5377024}
{"mock_phase": "read_complete", "rank": 0, "ret": 0, "bytes": 5377024}
{"mock_phase": "before_read", "rank": 0, "copies": 11, "bytes": 1441792}
{"mock_phase": "read_complete", "rank": 0, "ret": 0, "bytes": 1441792}
{"mock_phase": "planned", "request_id": "cmpl-a081412896f47e06-0-a8475f9c", "rank": 1, "pages": 139, "bytes": 8590336}
{"mock_phase": "before_read", "rank": 1, "copies": 64, "bytes": 1771520}
I1009 07:58:43.619469   128 transfer_executor_base.cpp:269] Connected to segment: 192.168.45.21:20743
{"mock_phase": "read_complete", "rank": 1, "ret": 0, "bytes": 1771520}
{"mock_phase": "before_read", "rank": 1, "copies": 64, "bytes": 5377024}
{"mock_phase": "read_complete", "rank": 1, "ret": 0, "bytes": 5377024}
{"mock_phase": "before_read", "rank": 1, "copies": 11, "bytes": 1441792}
{"mock_phase": "read_complete", "rank": 1, "ret": 0, "bytes": 1441792}
{"mock_phase": "planned", "request_id": "cmpl-a081412896f47e06-0-a8475f9c", "rank": 2, "pages": 139, "bytes": 8590336}
{"mock_phase": "before_read", "rank": 2, "copies": 64, "bytes": 1771520}
I1009 07:58:43.757030   131 transfer_executor_base.cpp:269] Connected to segment: 192.168.45.21:20871
{"mock_phase": "read_complete", "rank": 2, "ret": 0, "bytes": 1771520}
{"mock_phase": "before_read", "rank": 2, "copies": 64, "bytes": 5377024}
{"mock_phase": "read_complete", "rank": 2, "ret": 0, "bytes": 5377024}
{"mock_phase": "before_read", "rank": 2, "copies": 11, "bytes": 1441792}
{"mock_phase": "read_complete", "rank": 2, "ret": 0, "bytes": 1441792}
{"mock_phase": "planned", "request_id": "cmpl-a081412896f47e06-0-a8475f9c", "rank": 3, "pages": 139, "bytes": 8590336}
{"mock_phase": "before_read", "rank": 3, "copies": 64, "bytes": 1771520}
I1009 07:58:43.884904   126 transfer_executor_base.cpp:269] Connected to segment: 192.168.45.21:20915
{"mock_phase": "read_complete", "rank": 3, "ret": 0, "bytes": 1771520}
{"mock_phase": "before_read", "rank": 3, "copies": 64, "bytes": 5377024}
{"mock_phase": "read_complete", "rank": 3, "ret": 0, "bytes": 5377024}
{"mock_phase": "before_read", "rank": 3, "copies": 11, "bytes": 1441792}
{"mock_phase": "read_complete", "rank": 3, "ret": 0, "bytes": 1441792}
{"mock_phase": "planned", "request_id": "cmpl-a081412896f47e06-0-a8475f9c", "rank": 4, "pages": 139, "bytes": 8590336}
{"mock_phase": "before_read", "rank": 4, "copies": 64, "bytes": 1771520}
I1009 07:58:44.076610   129 transfer_executor_base.cpp:269] Connected to segment: 192.168.45.21:21085
{"mock_phase": "read_complete", "rank": 4, "ret": 0, "bytes": 1771520}
{"mock_phase": "before_read", "rank": 4, "copies": 64, "bytes": 5377024}
{"mock_phase": "read_complete", "rank": 4, "ret": 0, "bytes": 5377024}
{"mock_phase": "before_read", "rank": 4, "copies": 11, "bytes": 1441792}
{"mock_phase": "read_complete", "rank": 4, "ret": 0, "bytes": 1441792}
{"mock_phase": "planned", "request_id": "cmpl-a081412896f47e06-0-a8475f9c", "rank": 5, "pages": 139, "bytes": 8590336}
{"mock_phase": "before_read", "rank": 5, "copies": 64, "bytes": 1771520}
I1009 07:58:44.202214   132 transfer_executor_base.cpp:269] Connected to segment: 192.168.45.21:21195
{"mock_phase": "read_complete", "rank": 5, "ret": 0, "bytes": 1771520}
{"mock_phase": "before_read", "rank": 5, "copies": 64, "bytes": 5377024}
{"mock_phase": "read_complete", "rank": 5, "ret": 0, "bytes": 5377024}
{"mock_phase": "before_read", "rank": 5, "copies": 11, "bytes": 1441792}
{"mock_phase": "read_complete", "rank": 5, "ret": 0, "bytes": 1441792}
{"mock_phase": "planned", "request_id": "cmpl-a081412896f47e06-0-a8475f9c", "rank": 6, "pages": 139, "bytes": 8590336}
{"mock_phase": "before_read", "rank": 6, "copies": 64, "bytes": 1771520}
I1009 07:58:44.334357   127 transfer_executor_base.cpp:269] Connected to segment: 192.168.45.21:21232
{"mock_phase": "read_complete", "rank": 6, "ret": 0, "bytes": 1771520}
{"mock_phase": "before_read", "rank": 6, "copies": 64, "bytes": 5377024}
{"mock_phase": "read_complete", "rank": 6, "ret": 0, "bytes": 5377024}
{"mock_phase": "before_read", "rank": 6, "copies": 11, "bytes": 1441792}
{"mock_phase": "read_complete", "rank": 6, "ret": 0, "bytes": 1441792}
{"mock_phase": "planned", "request_id": "cmpl-a081412896f47e06-0-a8475f9c", "rank": 7, "pages": 139, "bytes": 8590336}
{"mock_phase": "before_read", "rank": 7, "copies": 64, "bytes": 1771520}
I1009 07:58:44.465615   130 transfer_executor_base.cpp:269] Connected to segment: 192.168.45.21:21301
{"mock_phase": "read_complete", "rank": 7, "ret": 0, "bytes": 1771520}
{"mock_phase": "before_read", "rank": 7, "copies": 64, "bytes": 5377024}
{"mock_phase": "read_complete", "rank": 7, "ret": 0, "bytes": 5377024}
{"mock_phase": "before_read", "rank": 7, "copies": 11, "bytes": 1441792}
{"mock_phase": "read_complete", "rank": 7, "ret": 0, "bytes": 1441792}
{"ok": true, "request_id": "cmpl-a081412896f47e06-0-a8475f9c", "ranks": [{"rank": 0, "bytes": 8590336, "read_s": 0.8336563701741397, "hash_s": 0.007946619763970375, "nonzero_groups": [0, 1, 2, 3, 4, 5, 6]}, {"rank": 1, "bytes": 8590336, "read_s": 0.12418809020891786, "hash_s": 0.007755699567496777, "nonzero_groups": [0, 1, 2, 3, 4, 5, 6]}, {"rank": 2, "bytes": 8590336, "read_s": 0.1274483702145517, "hash_s": 0.007588440086692572, "nonzero_groups": [0, 1, 2, 3, 4, 5, 6]}, {"rank": 3, "bytes": 8590336, "read_s": 0.11888978956267238, "hash_s": 0.007643680088222027, "nonzero_groups": [0, 1, 2, 3, 4, 5, 6]}, {"rank": 4, "bytes": 8590336, "read_s": 0.1824690499342978, "hash_s": 0.0077309198677539825, "nonzero_groups": [0, 1, 2, 3, 4, 5, 6]}, {"rank": 5, "bytes": 8590336, "read_s": 0.11655992968007922, "hash_s": 0.0076465304009616375, "nonzero_groups": [0, 1, 2, 3, 4, 5, 6]}, {"rank": 6, "bytes": 8590336, "read_s": 0.12281722016632557, "hash_s": 0.007593609858304262, "nonzero_groups": [0, 1, 2, 3, 4, 5, 6]}, {"rank": 7, "bytes": 8590336, "read_s": 0.1221833098679781, "hash_s": 0.00777705991640687, "nonzero_groups": [0, 1, 2, 3, 4, 5, 6]}], "bytes": 68722688, "consume_s": 1.827262439765036, "ack_s": 0.0021867300383746624, "total_s": 1.829449649900198, "hold_ms": 0}
127.0.0.1 - - [09/Oct/2026 07:58:44] "POST /consume HTTP/1.1" 200 -
{"mock_phase": "planned", "request_id": "cmpl-9d59a7a806e84128-0-bcc4aa69", "rank": 0, "pages": 1579, "bytes": 52903936}
{"mock_phase": "before_read", "rank": 0, "copies": 64, "bytes": 4194304}
{"mock_phase": "read_complete", "rank": 0, "ret": 0, "bytes": 4194304}
{"mock_phase": "before_read", "rank": 0, "copies": 64, "bytes": 4194304}
{"mock_phase": "read_complete", "rank": 0, "ret": 0, "bytes": 4194304}
{"mock_phase": "before_read", "rank": 0, "copies": 64, "bytes": 524288}
{"mock_phase": "read_complete", "rank": 0, "ret": 0, "bytes": 524288}
{"mock_phase": "before_read", "rank": 0, "copies": 64, "bytes": 524288}
{"mock_phase": "read_complete", "rank": 0, "ret": 0, "bytes": 524288}
{"mock_phase": "before_read", "rank": 0, "copies": 64, "bytes": 8192}
{"mock_phase": "read_complete", "rank": 0, "ret": 0, "bytes": 8192}
{"mock_phase": "before_read", "rank": 0, "copies": 64, "bytes": 8192}
{"mock_phase": "read_complete", "rank": 0, "ret": 0, "bytes": 8192}
{"mock_phase": "before_read", "rank": 0, "copies": 64, "bytes": 4194304}
{"mock_phase": "read_complete", "rank": 0, "ret": 0, "bytes": 4194304}
{"mock_phase": "before_read", "rank": 0, "copies": 64, "bytes": 4194304}
{"mock_phase": "read_complete", "rank": 0, "ret": 0, "bytes": 4194304}
{"mock_phase": "before_read", "rank": 0, "copies": 64, "bytes": 524288}
{"mock_phase": "read_complete", "rank": 0, "ret": 0, "bytes": 524288}
{"mock_phase": "before_read", "rank": 0, "copies": 64, "bytes": 524288}
{"mock_phase": "read_complete", "rank": 0, "ret": 0, "bytes": 524288}
{"mock_phase": "before_read", "rank": 0, "copies": 64, "bytes": 8192}
{"mock_phase": "read_complete", "rank": 0, "ret": 0, "bytes": 8192}
{"mock_phase": "before_read", "rank": 0, "copies": 64, "bytes": 8192}
{"mock_phase": "read_complete", "rank": 0, "ret": 0, "bytes": 8192}
{"mock_phase": "before_read", "rank": 0, "copies": 64, "bytes": 4194304}
{"mock_phase": "read_complete", "rank": 0, "ret": 0, "bytes": 4194304}
{"mock_phase": "before_read", "rank": 0, "copies": 64, "bytes": 4194304}
{"mock_phase": "read_complete", "rank": 0, "ret": 0, "bytes": 4194304}
{"mock_phase": "before_read", "rank": 0, "copies": 64, "bytes": 524288}
{"mock_phase": "read_complete", "rank": 0, "ret": 0, "bytes": 524288}
{"mock_phase": "before_read", "rank": 0, "copies": 64, "bytes": 524288}
{"mock_phase": "read_complete", "rank": 0, "ret": 0, "bytes": 524288}
{"mock_phase": "before_read", "rank": 0, "copies": 64, "bytes": 8192}
{"mock_phase": "read_complete", "rank": 0, "ret": 0, "bytes": 8192}
{"mock_phase": "before_read", "rank": 0, "copies": 64, "bytes": 8192}
{"mock_phase": "read_complete", "rank": 0, "ret": 0, "bytes": 8192}
{"mock_phase": "before_read", "rank": 0, "copies": 64, "bytes": 8388608}
{"mock_phase": "read_complete", "rank": 0, "ret": 0, "bytes": 8388608}
{"mock_phase": "before_read", "rank": 0, "copies": 64, "bytes": 8388608}
{"mock_phase": "read_complete", "rank": 0, "ret": 0, "bytes": 8388608}
{"mock_phase": "before_read", "rank": 0, "copies": 64, "bytes": 1048576}
{"mock_phase": "read_complete", "rank": 0, "ret": 0, "bytes": 1048576}
{"mock_phase": "before_read", "rank": 0, "copies": 64, "bytes": 1048576}
{"mock_phase": "read_complete", "rank": 0, "ret": 0, "bytes": 1048576}
{"mock_phase": "before_read", "rank": 0, "copies": 64, "bytes": 16384}
{"mock_phase": "read_complete", "rank": 0, "ret": 0, "bytes": 16384}
{"mock_phase": "before_read", "rank": 0, "copies": 64, "bytes": 16384}
{"mock_phase": "read_complete", "rank": 0, "ret": 0, "bytes": 16384}
{"mock_phase": "before_read", "rank": 0, "copies": 43, "bytes": 5636096}
{"mock_phase": "read_complete", "rank": 0, "ret": 0, "bytes": 5636096}
{"mock_phase": "planned", "request_id": "cmpl-9d59a7a806e84128-0-bcc4aa69", "rank": 1, "pages": 1579, "bytes": 52903936}
{"mock_phase": "before_read", "rank": 1, "copies": 64, "bytes": 4194304}
{"mock_phase": "read_complete", "rank": 1, "ret": 0, "bytes": 4194304}
{"mock_phase": "before_read", "rank": 1, "copies": 64, "bytes": 4194304}
{"mock_phase": "read_complete", "rank": 1, "ret": 0, "bytes": 4194304}
{"mock_phase": "before_read", "rank": 1, "copies": 64, "bytes": 524288}
{"mock_phase": "read_complete", "rank": 1, "ret": 0, "bytes": 524288}
{"mock_phase": "before_read", "rank": 1, "copies": 64, "bytes": 524288}
{"mock_phase": "read_complete", "rank": 1, "ret": 0, "bytes": 524288}
{"mock_phase": "before_read", "rank": 1, "copies": 64, "bytes": 8192}
{"mock_phase": "read_complete", "rank": 1, "ret": 0, "bytes": 8192}
{"mock_phase": "before_read", "rank": 1, "copies": 64, "bytes": 8192}
{"mock_phase": "read_complete", "rank": 1, "ret": 0, "bytes": 8192}
{"mock_phase": "before_read", "rank": 1, "copies": 64, "bytes": 4194304}
{"mock_phase": "read_complete", "rank": 1, "ret": 0, "bytes": 4194304}
{"mock_phase": "before_read", "rank": 1, "copies": 64, "bytes": 4194304}
{"mock_phase": "read_complete", "rank": 1, "ret": 0, "bytes": 4194304}
{"mock_phase": "before_read", "rank": 1, "copies": 64, "bytes": 524288}
{"mock_phase": "read_complete", "rank": 1, "ret": 0, "bytes": 524288}
{"mock_phase": "before_read", "rank": 1, "copies": 64, "bytes": 524288}
{"mock_phase": "read_complete", "rank": 1, "ret": 0, "bytes": 524288}
{"mock_phase": "before_read", "rank": 1, "copies": 64, "bytes": 8192}
{"mock_phase": "read_complete", "rank": 1, "ret": 0, "bytes": 8192}
{"mock_phase": "before_read", "rank": 1, "copies": 64, "bytes": 8192}
{"mock_phase": "read_complete", "rank": 1, "ret": 0, "bytes": 8192}
{"mock_phase": "before_read", "rank": 1, "copies": 64, "bytes": 4194304}
{"mock_phase": "read_complete", "rank": 1, "ret": 0, "bytes": 4194304}
{"mock_phase": "before_read", "rank": 1, "copies": 64, "bytes": 4194304}
{"mock_phase": "read_complete", "rank": 1, "ret": 0, "bytes": 4194304}
{"mock_phase": "before_read", "rank": 1, "copies": 64, "bytes": 524288}
{"mock_phase": "read_complete", "rank": 1, "ret": 0, "bytes": 524288}
{"mock_phase": "before_read", "rank": 1, "copies": 64, "bytes": 524288}
{"mock_phase": "read_complete", "rank": 1, "ret": 0, "bytes": 524288}
{"mock_phase": "before_read", "rank": 1, "copies": 64, "bytes": 8192}
{"mock_phase": "read_complete", "rank": 1, "ret": 0, "bytes": 8192}
{"mock_phase": "before_read", "rank": 1, "copies": 64, "bytes": 8192}
{"mock_phase": "read_complete", "rank": 1, "ret": 0, "bytes": 8192}
{"mock_phase": "before_read", "rank": 1, "copies": 64, "bytes": 8388608}
{"mock_phase": "read_complete", "rank": 1, "ret": 0, "bytes": 8388608}
{"mock_phase": "before_read", "rank": 1, "copies": 64, "bytes": 8388608}
{"mock_phase": "read_complete", "rank": 1, "ret": 0, "bytes": 8388608}
{"mock_phase": "before_read", "rank": 1, "copies": 64, "bytes": 1048576}
{"mock_phase": "read_complete", "rank": 1, "ret": 0, "bytes": 1048576}
{"mock_phase": "before_read", "rank": 1, "copies": 64, "bytes": 1048576}
{"mock_phase": "read_complete", "rank": 1, "ret": 0, "bytes": 1048576}
{"mock_phase": "before_read", "rank": 1, "copies": 64, "bytes": 16384}
{"mock_phase": "read_complete", "rank": 1, "ret": 0, "bytes": 16384}
{"mock_phase": "before_read", "rank": 1, "copies": 64, "bytes": 16384}
{"mock_phase": "read_complete", "rank": 1, "ret": 0, "bytes": 16384}
{"mock_phase": "before_read", "rank": 1, "copies": 43, "bytes": 5636096}
{"mock_phase": "read_complete", "rank": 1, "ret": 0, "bytes": 5636096}
{"mock_phase": "planned", "request_id": "cmpl-9d59a7a806e84128-0-bcc4aa69", "rank": 2, "pages": 1579, "bytes": 52903936}
{"mock_phase": "before_read", "rank": 2, "copies": 64, "bytes": 4194304}
{"mock_phase": "read_complete", "rank": 2, "ret": 0, "bytes": 4194304}
{"mock_phase": "before_read", "rank": 2, "copies": 64, "bytes": 4194304}
{"mock_phase": "read_complete", "rank": 2, "ret": 0, "bytes": 4194304}
{"mock_phase": "before_read", "rank": 2, "copies": 64, "bytes": 524288}
{"mock_phase": "read_complete", "rank": 2, "ret": 0, "bytes": 524288}
{"mock_phase": "before_read", "rank": 2, "copies": 64, "bytes": 524288}
{"mock_phase": "read_complete", "rank": 2, "ret": 0, "bytes": 524288}
{"mock_phase": "before_read", "rank": 2, "copies": 64, "bytes": 8192}
{"mock_phase": "read_complete", "rank": 2, "ret": 0, "bytes": 8192}
{"mock_phase": "before_read", "rank": 2, "copies": 64, "bytes": 8192}
{"mock_phase": "read_complete", "rank": 2, "ret": 0, "bytes": 8192}
{"mock_phase": "before_read", "rank": 2, "copies": 64, "bytes": 4194304}
{"mock_phase": "read_complete", "rank": 2, "ret": 0, "bytes": 4194304}
{"mock_phase": "before_read", "rank": 2, "copies": 64, "bytes": 4194304}
{"mock_phase": "read_complete", "rank": 2, "ret": 0, "bytes": 4194304}
{"mock_phase": "before_read", "rank": 2, "copies": 64, "bytes": 524288}
{"mock_phase": "read_complete", "rank": 2, "ret": 0, "bytes": 524288}
{"mock_phase": "before_read", "rank": 2, "copies": 64, "bytes": 524288}
{"mock_phase": "read_complete", "rank": 2, "ret": 0, "bytes": 524288}
{"mock_phase": "before_read", "rank": 2, "copies": 64, "bytes": 8192}
{"mock_phase": "read_complete", "rank": 2, "ret": 0, "bytes": 8192}
{"mock_phase": "before_read", "rank": 2, "copies": 64, "bytes": 8192}
{"mock_phase": "read_complete", "rank": 2, "ret": 0, "bytes": 8192}
{"mock_phase": "before_read", "rank": 2, "copies": 64, "bytes": 4194304}
{"mock_phase": "read_complete", "rank": 2, "ret": 0, "bytes": 4194304}
{"mock_phase": "before_read", "rank": 2, "copies": 64, "bytes": 4194304}
{"mock_phase": "read_complete", "rank": 2, "ret": 0, "bytes": 4194304}
{"mock_phase": "before_read", "rank": 2, "copies": 64, "bytes": 524288}
{"mock_phase": "read_complete", "rank": 2, "ret": 0, "bytes": 524288}
{"mock_phase": "before_read", "rank": 2, "copies": 64, "bytes": 524288}
{"mock_phase": "read_complete", "rank": 2, "ret": 0, "bytes": 524288}
{"mock_phase": "before_read", "rank": 2, "copies": 64, "bytes": 8192}
{"mock_phase": "read_complete", "rank": 2, "ret": 0, "bytes": 8192}
{"mock_phase": "before_read", "rank": 2, "copies": 64, "bytes": 8192}
{"mock_phase": "read_complete", "rank": 2, "ret": 0, "bytes": 8192}
{"mock_phase": "before_read", "rank": 2, "copies": 64, "bytes": 8388608}
{"mock_phase": "read_complete", "rank": 2, "ret": 0, "bytes": 8388608}
{"mock_phase": "before_read", "rank": 2, "copies": 64, "bytes": 8388608}
{"mock_phase": "read_complete", "rank": 2, "ret": 0, "bytes": 8388608}
{"mock_phase": "before_read", "rank": 2, "copies": 64, "bytes": 1048576}
{"mock_phase": "read_complete", "rank": 2, "ret": 0, "bytes": 1048576}
{"mock_phase": "before_read", "rank": 2, "copies": 64, "bytes": 1048576}
{"mock_phase": "read_complete", "rank": 2, "ret": 0, "bytes": 1048576}
{"mock_phase": "before_read", "rank": 2, "copies": 64, "bytes": 16384}
{"mock_phase": "read_complete", "rank": 2, "ret": 0, "bytes": 16384}
{"mock_phase": "before_read", "rank": 2, "copies": 64, "bytes": 16384}
{"mock_phase": "read_complete", "rank": 2, "ret": 0, "bytes": 16384}
{"mock_phase": "before_read", "rank": 2, "copies": 43, "bytes": 5636096}
{"mock_phase": "read_complete", "rank": 2, "ret": 0, "bytes": 5636096}
{"mock_phase": "planned", "request_id": "cmpl-9d59a7a806e84128-0-bcc4aa69", "rank": 3, "pages": 1579, "bytes": 52903936}
{"mock_phase": "before_read", "rank": 3, "copies": 64, "bytes": 4194304}
{"mock_phase": "read_complete", "rank": 3, "ret": 0, "bytes": 4194304}
{"mock_phase": "before_read", "rank": 3, "copies": 64, "bytes": 4194304}
{"mock_phase": "read_complete", "rank": 3, "ret": 0, "bytes": 4194304}
{"mock_phase": "before_read", "rank": 3, "copies": 64, "bytes": 524288}
{"mock_phase": "read_complete", "rank": 3, "ret": 0, "bytes": 524288}
{"mock_phase": "before_read", "rank": 3, "copies": 64, "bytes": 524288}
{"mock_phase": "read_complete", "rank": 3, "ret": 0, "bytes": 524288}
{"mock_phase": "before_read", "rank": 3, "copies": 64, "bytes": 8192}
{"mock_phase": "read_complete", "rank": 3, "ret": 0, "bytes": 8192}
{"mock_phase": "before_read", "rank": 3, "copies": 64, "bytes": 8192}
{"mock_phase": "read_complete", "rank": 3, "ret": 0, "bytes": 8192}
{"mock_phase": "before_read", "rank": 3, "copies": 64, "bytes": 4194304}
{"mock_phase": "read_complete", "rank": 3, "ret": 0, "bytes": 4194304}
{"mock_phase": "before_read", "rank": 3, "copies": 64, "bytes": 4194304}
{"mock_phase": "read_complete", "rank": 3, "ret": 0, "bytes": 4194304}
{"mock_phase": "before_read", "rank": 3, "copies": 64, "bytes": 524288}
{"mock_phase": "read_complete", "rank": 3, "ret": 0, "bytes": 524288}
{"mock_phase": "before_read", "rank": 3, "copies": 64, "bytes": 524288}
{"mock_phase": "read_complete", "rank": 3, "ret": 0, "bytes": 524288}
{"mock_phase": "before_read", "rank": 3, "copies": 64, "bytes": 8192}
{"mock_phase": "read_complete", "rank": 3, "ret": 0, "bytes": 8192}
{"mock_phase": "before_read", "rank": 3, "copies": 64, "bytes": 8192}
{"mock_phase": "read_complete", "rank": 3, "ret": 0, "bytes": 8192}
{"mock_phase": "before_read", "rank": 3, "copies": 64, "bytes": 4194304}
{"mock_phase": "read_complete", "rank": 3, "ret": 0, "bytes": 4194304}
{"mock_phase": "before_read", "rank": 3, "copies": 64, "bytes": 4194304}
{"mock_phase": "read_complete", "rank": 3, "ret": 0, "bytes": 4194304}
{"mock_phase": "before_read", "rank": 3, "copies": 64, "bytes": 524288}
{"mock_phase": "read_complete", "rank": 3, "ret": 0, "bytes": 524288}
{"mock_phase": "before_read", "rank": 3, "copies": 64, "bytes": 524288}
{"mock_phase": "read_complete", "rank": 3, "ret": 0, "bytes": 524288}
{"mock_phase": "before_read", "rank": 3, "copies": 64, "bytes": 8192}
{"mock_phase": "read_complete", "rank": 3, "ret": 0, "bytes": 8192}
{"mock_phase": "before_read", "rank": 3, "copies": 64, "bytes": 8192}
{"mock_phase": "read_complete", "rank": 3, "ret": 0, "bytes": 8192}
{"mock_phase": "before_read", "rank": 3, "copies": 64, "bytes": 8388608}
{"mock_phase": "read_complete", "rank": 3, "ret": 0, "bytes": 8388608}
{"mock_phase": "before_read", "rank": 3, "copies": 64, "bytes": 8388608}
{"mock_phase": "read_complete", "rank": 3, "ret": 0, "bytes": 8388608}
{"mock_phase": "before_read", "rank": 3, "copies": 64, "bytes": 1048576}
{"mock_phase": "read_complete", "rank": 3, "ret": 0, "bytes": 1048576}
{"mock_phase": "before_read", "rank": 3, "copies": 64, "bytes": 1048576}
{"mock_phase": "read_complete", "rank": 3, "ret": 0, "bytes": 1048576}
{"mock_phase": "before_read", "rank": 3, "copies": 64, "bytes": 16384}
{"mock_phase": "read_complete", "rank": 3, "ret": 0, "bytes": 16384}
{"mock_phase": "before_read", "rank": 3, "copies": 64, "bytes": 16384}
{"mock_phase": "read_complete", "rank": 3, "ret": 0, "bytes": 16384}
{"mock_phase": "before_read", "rank": 3, "copies": 43, "bytes": 5636096}
{"mock_phase": "read_complete", "rank": 3, "ret": 0, "bytes": 5636096}
{"mock_phase": "planned", "request_id": "cmpl-9d59a7a806e84128-0-bcc4aa69", "rank": 4, "pages": 1579, "bytes": 52903936}
{"mock_phase": "before_read", "rank": 4, "copies": 64, "bytes": 4194304}
{"mock_phase": "read_complete", "rank": 4, "ret": 0, "bytes": 4194304}
{"mock_phase": "before_read", "rank": 4, "copies": 64, "bytes": 4194304}
{"mock_phase": "read_complete", "rank": 4, "ret": 0, "bytes": 4194304}
{"mock_phase": "before_read", "rank": 4, "copies": 64, "bytes": 524288}
{"mock_phase": "read_complete", "rank": 4, "ret": 0, "bytes": 524288}
{"mock_phase": "before_read", "rank": 4, "copies": 64, "bytes": 524288}
{"mock_phase": "read_complete", "rank": 4, "ret": 0, "bytes": 524288}
{"mock_phase": "before_read", "rank": 4, "copies": 64, "bytes": 8192}
{"mock_phase": "read_complete", "rank": 4, "ret": 0, "bytes": 8192}
{"mock_phase": "before_read", "rank": 4, "copies": 64, "bytes": 8192}
{"mock_phase": "read_complete", "rank": 4, "ret": 0, "bytes": 8192}
{"mock_phase": "before_read", "rank": 4, "copies": 64, "bytes": 4194304}
{"mock_phase": "read_complete", "rank": 4, "ret": 0, "bytes": 4194304}
{"mock_phase": "before_read", "rank": 4, "copies": 64, "bytes": 4194304}
{"mock_phase": "read_complete", "rank": 4, "ret": 0, "bytes": 4194304}
{"mock_phase": "before_read", "rank": 4, "copies": 64, "bytes": 524288}
{"mock_phase": "read_complete", "rank": 4, "ret": 0, "bytes": 524288}
{"mock_phase": "before_read", "rank": 4, "copies": 64, "bytes": 524288}
{"mock_phase": "read_complete", "rank": 4, "ret": 0, "bytes": 524288}
{"mock_phase": "before_read", "rank": 4, "copies": 64, "bytes": 8192}
{"mock_phase": "read_complete", "rank": 4, "ret": 0, "bytes": 8192}
{"mock_phase": "before_read", "rank": 4, "copies": 64, "bytes": 8192}
{"mock_phase": "read_complete", "rank": 4, "ret": 0, "bytes": 8192}
{"mock_phase": "before_read", "rank": 4, "copies": 64, "bytes": 4194304}
{"mock_phase": "read_complete", "rank": 4, "ret": 0, "bytes": 4194304}
{"mock_phase": "before_read", "rank": 4, "copies": 64, "bytes": 4194304}
{"mock_phase": "read_complete", "rank": 4, "ret": 0, "bytes": 4194304}
{"mock_phase": "before_read", "rank": 4, "copies": 64, "bytes": 524288}
{"mock_phase": "read_complete", "rank": 4, "ret": 0, "bytes": 524288}
{"mock_phase": "before_read", "rank": 4, "copies": 64, "bytes": 524288}
{"mock_phase": "read_complete", "rank": 4, "ret": 0, "bytes": 524288}
{"mock_phase": "before_read", "rank": 4, "copies": 64, "bytes": 8192}
{"mock_phase": "read_complete", "rank": 4, "ret": 0, "bytes": 8192}
{"mock_phase": "before_read", "rank": 4, "copies": 64, "bytes": 8192}
{"mock_phase": "read_complete", "rank": 4, "ret": 0, "bytes": 8192}
{"mock_phase": "before_read", "rank": 4, "copies": 64, "bytes": 8388608}
{"mock_phase": "read_complete", "rank": 4, "ret": 0, "bytes": 8388608}
{"mock_phase": "before_read", "rank": 4, "copies": 64, "bytes": 8388608}
{"mock_phase": "read_complete", "rank": 4, "ret": 0, "bytes": 8388608}
{"mock_phase": "before_read", "rank": 4, "copies": 64, "bytes": 1048576}
{"mock_phase": "read_complete", "rank": 4, "ret": 0, "bytes": 1048576}
{"mock_phase": "before_read", "rank": 4, "copies": 64, "bytes": 1048576}
{"mock_phase": "read_complete", "rank": 4, "ret": 0, "bytes": 1048576}
{"mock_phase": "before_read", "rank": 4, "copies": 64, "bytes": 16384}
{"mock_phase": "read_complete", "rank": 4, "ret": 0, "bytes": 16384}
{"mock_phase": "before_read", "rank": 4, "copies": 64, "bytes": 16384}
{"mock_phase": "read_complete", "rank": 4, "ret": 0, "bytes": 16384}
{"mock_phase": "before_read", "rank": 4, "copies": 43, "bytes": 5636096}
{"mock_phase": "read_complete", "rank": 4, "ret": 0, "bytes": 5636096}
{"mock_phase": "planned", "request_id": "cmpl-9d59a7a806e84128-0-bcc4aa69", "rank": 5, "pages": 1579, "bytes": 52903936}
{"mock_phase": "before_read", "rank": 5, "copies": 64, "bytes": 4194304}
{"mock_phase": "read_complete", "rank": 5, "ret": 0, "bytes": 4194304}
{"mock_phase": "before_read", "rank": 5, "copies": 64, "bytes": 4194304}
{"mock_phase": "read_complete", "rank": 5, "ret": 0, "bytes": 4194304}
{"mock_phase": "before_read", "rank": 5, "copies": 64, "bytes": 524288}
{"mock_phase": "read_complete", "rank": 5, "ret": 0, "bytes": 524288}
{"mock_phase": "before_read", "rank": 5, "copies": 64, "bytes": 524288}
{"mock_phase": "read_complete", "rank": 5, "ret": 0, "bytes": 524288}
{"mock_phase": "before_read", "rank": 5, "copies": 64, "bytes": 8192}
{"mock_phase": "read_complete", "rank": 5, "ret": 0, "bytes": 8192}
{"mock_phase": "before_read", "rank": 5, "copies": 64, "bytes": 8192}
{"mock_phase": "read_complete", "rank": 5, "ret": 0, "bytes": 8192}
{"mock_phase": "before_read", "rank": 5, "copies": 64, "bytes": 4194304}
{"mock_phase": "read_complete", "rank": 5, "ret": 0, "bytes": 4194304}
{"mock_phase": "before_read", "rank": 5, "copies": 64, "bytes": 4194304}
{"mock_phase": "read_complete", "rank": 5, "ret": 0, "bytes": 4194304}
{"mock_phase": "before_read", "rank": 5, "copies": 64, "bytes": 524288}
{"mock_phase": "read_complete", "rank": 5, "ret": 0, "bytes": 524288}
{"mock_phase": "before_read", "rank": 5, "copies": 64, "bytes": 524288}
{"mock_phase": "read_complete", "rank": 5, "ret": 0, "bytes": 524288}
{"mock_phase": "before_read", "rank": 5, "copies": 64, "bytes": 8192}
{"mock_phase": "read_complete", "rank": 5, "ret": 0, "bytes": 8192}
{"mock_phase": "before_read", "rank": 5, "copies": 64, "bytes": 8192}
{"mock_phase": "read_complete", "rank": 5, "ret": 0, "bytes": 8192}
{"mock_phase": "before_read", "rank": 5, "copies": 64, "bytes": 4194304}
{"mock_phase": "read_complete", "rank": 5, "ret": 0, "bytes": 4194304}
{"mock_phase": "before_read", "rank": 5, "copies": 64, "bytes": 4194304}
{"mock_phase": "read_complete", "rank": 5, "ret": 0, "bytes": 4194304}
{"mock_phase": "before_read", "rank": 5, "copies": 64, "bytes": 524288}
{"mock_phase": "read_complete", "rank": 5, "ret": 0, "bytes": 524288}
{"mock_phase": "before_read", "rank": 5, "copies": 64, "bytes": 524288}
{"mock_phase": "read_complete", "rank": 5, "ret": 0, "bytes": 524288}
{"mock_phase": "before_read", "rank": 5, "copies": 64, "bytes": 8192}
{"mock_phase": "read_complete", "rank": 5, "ret": 0, "bytes": 8192}
{"mock_phase": "before_read", "rank": 5, "copies": 64, "bytes": 8192}
{"mock_phase": "read_complete", "rank": 5, "ret": 0, "bytes": 8192}
{"mock_phase": "before_read", "rank": 5, "copies": 64, "bytes": 8388608}
{"mock_phase": "read_complete", "rank": 5, "ret": 0, "bytes": 8388608}
{"mock_phase": "before_read", "rank": 5, "copies": 64, "bytes": 8388608}
{"mock_phase": "read_complete", "rank": 5, "ret": 0, "bytes": 8388608}
{"mock_phase": "before_read", "rank": 5, "copies": 64, "bytes": 1048576}
{"mock_phase": "read_complete", "rank": 5, "ret": 0, "bytes": 1048576}
{"mock_phase": "before_read", "rank": 5, "copies": 64, "bytes": 1048576}
{"mock_phase": "read_complete", "rank": 5, "ret": 0, "bytes": 1048576}
{"mock_phase": "before_read", "rank": 5, "copies": 64, "bytes": 16384}
{"mock_phase": "read_complete", "rank": 5, "ret": 0, "bytes": 16384}
{"mock_phase": "before_read", "rank": 5, "copies": 64, "bytes": 16384}
{"mock_phase": "read_complete", "rank": 5, "ret": 0, "bytes": 16384}
{"mock_phase": "before_read", "rank": 5, "copies": 43, "bytes": 5636096}
{"mock_phase": "read_complete", "rank": 5, "ret": 0, "bytes": 5636096}
{"mock_phase": "planned", "request_id": "cmpl-9d59a7a806e84128-0-bcc4aa69", "rank": 6, "pages": 1579, "bytes": 52903936}
{"mock_phase": "before_read", "rank": 6, "copies": 64, "bytes": 4194304}
{"mock_phase": "read_complete", "rank": 6, "ret": 0, "bytes": 4194304}
{"mock_phase": "before_read", "rank": 6, "copies": 64, "bytes": 4194304}
{"mock_phase": "read_complete", "rank": 6, "ret": 0, "bytes": 4194304}
{"mock_phase": "before_read", "rank": 6, "copies": 64, "bytes": 524288}
{"mock_phase": "read_complete", "rank": 6, "ret": 0, "bytes": 524288}
{"mock_phase": "before_read", "rank": 6, "copies": 64, "bytes": 524288}
{"mock_phase": "read_complete", "rank": 6, "ret": 0, "bytes": 524288}
{"mock_phase": "before_read", "rank": 6, "copies": 64, "bytes": 8192}
{"mock_phase": "read_complete", "rank": 6, "ret": 0, "bytes": 8192}
{"mock_phase": "before_read", "rank": 6, "copies": 64, "bytes": 8192}
{"mock_phase": "read_complete", "rank": 6, "ret": 0, "bytes": 8192}
{"mock_phase": "before_read", "rank": 6, "copies": 64, "bytes": 4194304}
{"mock_phase": "read_complete", "rank": 6, "ret": 0, "bytes": 4194304}
{"mock_phase": "before_read", "rank": 6, "copies": 64, "bytes": 4194304}
{"mock_phase": "read_complete", "rank": 6, "ret": 0, "bytes": 4194304}
{"mock_phase": "before_read", "rank": 6, "copies": 64, "bytes": 524288}
{"mock_phase": "read_complete", "rank": 6, "ret": 0, "bytes": 524288}
{"mock_phase": "before_read", "rank": 6, "copies": 64, "bytes": 524288}
{"mock_phase": "read_complete", "rank": 6, "ret": 0, "bytes": 524288}
{"mock_phase": "before_read", "rank": 6, "copies": 64, "bytes": 8192}
{"mock_phase": "read_complete", "rank": 6, "ret": 0, "bytes": 8192}
{"mock_phase": "before_read", "rank": 6, "copies": 64, "bytes": 8192}
{"mock_phase": "read_complete", "rank": 6, "ret": 0, "bytes": 8192}
{"mock_phase": "before_read", "rank": 6, "copies": 64, "bytes": 4194304}
{"mock_phase": "read_complete", "rank": 6, "ret": 0, "bytes": 4194304}
{"mock_phase": "before_read", "rank": 6, "copies": 64, "bytes": 4194304}
{"mock_phase": "read_complete", "rank": 6, "ret": 0, "bytes": 4194304}
{"mock_phase": "before_read", "rank": 6, "copies": 64, "bytes": 524288}
{"mock_phase": "read_complete", "rank": 6, "ret": 0, "bytes": 524288}
{"mock_phase": "before_read", "rank": 6, "copies": 64, "bytes": 524288}
{"mock_phase": "read_complete", "rank": 6, "ret": 0, "bytes": 524288}
{"mock_phase": "before_read", "rank": 6, "copies": 64, "bytes": 8192}
{"mock_phase": "read_complete", "rank": 6, "ret": 0, "bytes": 8192}
{"mock_phase": "before_read", "rank": 6, "copies": 64, "bytes": 8192}
{"mock_phase": "read_complete", "rank": 6, "ret": 0, "bytes": 8192}
{"mock_phase": "before_read", "rank": 6, "copies": 64, "bytes": 8388608}
{"mock_phase": "read_complete", "rank": 6, "ret": 0, "bytes": 8388608}
{"mock_phase": "before_read", "rank": 6, "copies": 64, "bytes": 8388608}
{"mock_phase": "read_complete", "rank": 6, "ret": 0, "bytes": 8388608}
{"mock_phase": "before_read", "rank": 6, "copies": 64, "bytes": 1048576}
{"mock_phase": "read_complete", "rank": 6, "ret": 0, "bytes": 1048576}
{"mock_phase": "before_read", "rank": 6, "copies": 64, "bytes": 1048576}
{"mock_phase": "read_complete", "rank": 6, "ret": 0, "bytes": 1048576}
{"mock_phase": "before_read", "rank": 6, "copies": 64, "bytes": 16384}
{"mock_phase": "read_complete", "rank": 6, "ret": 0, "bytes": 16384}
{"mock_phase": "before_read", "rank": 6, "copies": 64, "bytes": 16384}
{"mock_phase": "read_complete", "rank": 6, "ret": 0, "bytes": 16384}
{"mock_phase": "before_read", "rank": 6, "copies": 43, "bytes": 5636096}
{"mock_phase": "read_complete", "rank": 6, "ret": 0, "bytes": 5636096}
{"mock_phase": "planned", "request_id": "cmpl-9d59a7a806e84128-0-bcc4aa69", "rank": 7, "pages": 1579, "bytes": 52903936}
{"mock_phase": "before_read", "rank": 7, "copies": 64, "bytes": 4194304}
{"mock_phase": "read_complete", "rank": 7, "ret": 0, "bytes": 4194304}
{"mock_phase": "before_read", "rank": 7, "copies": 64, "bytes": 4194304}
{"mock_phase": "read_complete", "rank": 7, "ret": 0, "bytes": 4194304}
{"mock_phase": "before_read", "rank": 7, "copies": 64, "bytes": 524288}
{"mock_phase": "read_complete", "rank": 7, "ret": 0, "bytes": 524288}
{"mock_phase": "before_read", "rank": 7, "copies": 64, "bytes": 524288}
{"mock_phase": "read_complete", "rank": 7, "ret": 0, "bytes": 524288}
{"mock_phase": "before_read", "rank": 7, "copies": 64, "bytes": 8192}
{"mock_phase": "read_complete", "rank": 7, "ret": 0, "bytes": 8192}
{"mock_phase": "before_read", "rank": 7, "copies": 64, "bytes": 8192}
{"mock_phase": "read_complete", "rank": 7, "ret": 0, "bytes": 8192}
{"mock_phase": "before_read", "rank": 7, "copies": 64, "bytes": 4194304}
{"mock_phase": "read_complete", "rank": 7, "ret": 0, "bytes": 4194304}
{"mock_phase": "before_read", "rank": 7, "copies": 64, "bytes": 4194304}
{"mock_phase": "read_complete", "rank": 7, "ret": 0, "bytes": 4194304}
{"mock_phase": "before_read", "rank": 7, "copies": 64, "bytes": 524288}
{"mock_phase": "read_complete", "rank": 7, "ret": 0, "bytes": 524288}
{"mock_phase": "before_read", "rank": 7, "copies": 64, "bytes": 524288}
{"mock_phase": "read_complete", "rank": 7, "ret": 0, "bytes": 524288}
{"mock_phase": "before_read", "rank": 7, "copies": 64, "bytes": 8192}
{"mock_phase": "read_complete", "rank": 7, "ret": 0, "bytes": 8192}
{"mock_phase": "before_read", "rank": 7, "copies": 64, "bytes": 8192}
{"mock_phase": "read_complete", "rank": 7, "ret": 0, "bytes": 8192}
{"mock_phase": "before_read", "rank": 7, "copies": 64, "bytes": 4194304}
{"mock_phase": "read_complete", "rank": 7, "ret": 0, "bytes": 4194304}
{"mock_phase": "before_read", "rank": 7, "copies": 64, "bytes": 4194304}
{"mock_phase": "read_complete", "rank": 7, "ret": 0, "bytes": 4194304}
{"mock_phase": "before_read", "rank": 7, "copies": 64, "bytes": 524288}
{"mock_phase": "read_complete", "rank": 7, "ret": 0, "bytes": 524288}
{"mock_phase": "before_read", "rank": 7, "copies": 64, "bytes": 524288}
{"mock_phase": "read_complete", "rank": 7, "ret": 0, "bytes": 524288}
{"mock_phase": "before_read", "rank": 7, "copies": 64, "bytes": 8192}
{"mock_phase": "read_complete", "rank": 7, "ret": 0, "bytes": 8192}
{"mock_phase": "before_read", "rank": 7, "copies": 64, "bytes": 8192}
{"mock_phase": "read_complete", "rank": 7, "ret": 0, "bytes": 8192}
{"mock_phase": "before_read", "rank": 7, "copies": 64, "bytes": 8388608}
{"mock_phase": "read_complete", "rank": 7, "ret": 0, "bytes": 8388608}
{"mock_phase": "before_read", "rank": 7, "copies": 64, "bytes": 8388608}
{"mock_phase": "read_complete", "rank": 7, "ret": 0, "bytes": 8388608}
{"mock_phase": "before_read", "rank": 7, "copies": 64, "bytes": 1048576}
{"mock_phase": "read_complete", "rank": 7, "ret": 0, "bytes": 1048576}
{"mock_phase": "before_read", "rank": 7, "copies": 64, "bytes": 1048576}
{"mock_phase": "read_complete", "rank": 7, "ret": 0, "bytes": 1048576}
{"mock_phase": "before_read", "rank": 7, "copies": 64, "bytes": 16384}
{"mock_phase": "read_complete", "rank": 7, "ret": 0, "bytes": 16384}
{"mock_phase": "before_read", "rank": 7, "copies": 64, "bytes": 16384}
{"mock_phase": "read_complete", "rank": 7, "ret": 0, "bytes": 16384}
{"mock_phase": "before_read", "rank": 7, "copies": 43, "bytes": 5636096}
{"mock_phase": "read_complete", "rank": 7, "ret": 0, "bytes": 5636096}
{"ok": true, "request_id": "cmpl-9d59a7a806e84128-0-bcc4aa69", "ranks": [{"rank": 0, "bytes": 52903936, "read_s": 0.013825398869812489, "hash_s": 0.07061503920704126, "nonzero_groups": [0, 1, 2, 3, 4, 5, 6]}, {"rank": 1, "bytes": 52903936, "read_s": 0.012883189599961042, "hash_s": 0.06995312962681055, "nonzero_groups": [0, 1, 2, 3, 4, 5, 6]}, {"rank": 2, "bytes": 52903936, "read_s": 0.013881351333111525, "hash_s": 0.07906555896624923, "nonzero_groups": [0, 1, 2, 3, 4, 5, 6]}, {"rank": 3, "bytes": 52903936, "read_s": 0.012958930805325508, "hash_s": 0.07854273216798902, "nonzero_groups": [0, 1, 2, 3, 4, 5, 6]}, {"rank": 4, "bytes": 52903936, "read_s": 0.012444918509572744, "hash_s": 0.072893510106951, "nonzero_groups": [0, 1, 2, 3, 4, 5, 6]}, {"rank": 5, "bytes": 52903936, "read_s": 0.011913278605788946, "hash_s": 0.07018737029284239, "nonzero_groups": [0, 1, 2, 3, 4, 5, 6]}, {"rank": 6, "bytes": 52903936, "read_s": 0.01196687901392579, "hash_s": 0.07065072003751993, "nonzero_groups": [0, 1, 2, 3, 4, 5, 6]}, {"rank": 7, "bytes": 52903936, "read_s": 0.01238902099430561, "hash_s": 0.07000502059236169, "nonzero_groups": [0, 1, 2, 3, 4, 5, 6]}], "bytes": 423231488, "consume_s": 0.7573435199446976, "ack_s": 0.002440350130200386, "total_s": 0.7597841597162187, "hold_ms": 0}
127.0.0.1 - - [09/Oct/2026 07:58:46] "POST /consume HTTP/1.1" 200 -
{"mock_phase": "planned", "request_id": "cmpl-962a0c8f1a301f96-0-b36e75ae", "rank": 0, "pages": 1579, "bytes": 52903936}
{"mock_phase": "before_read", "rank": 0, "copies": 64, "bytes": 4194304}
{"mock_phase": "read_complete", "rank": 0, "ret": 0, "bytes": 4194304}
{"mock_phase": "before_read", "rank": 0, "copies": 64, "bytes": 4194304}
{"mock_phase": "read_complete", "rank": 0, "ret": 0, "bytes": 4194304}
{"mock_phase": "before_read", "rank": 0, "copies": 64, "bytes": 524288}
{"mock_phase": "read_complete", "rank": 0, "ret": 0, "bytes": 524288}
{"mock_phase": "before_read", "rank": 0, "copies": 64, "bytes": 524288}
{"mock_phase": "read_complete", "rank": 0, "ret": 0, "bytes": 524288}
{"mock_phase": "before_read", "rank": 0, "copies": 64, "bytes": 8192}
{"mock_phase": "read_complete", "rank": 0, "ret": 0, "bytes": 8192}
{"mock_phase": "before_read", "rank": 0, "copies": 64, "bytes": 8192}
{"mock_phase": "read_complete", "rank": 0, "ret": 0, "bytes": 8192}
{"mock_phase": "before_read", "rank": 0, "copies": 64, "bytes": 4194304}
{"mock_phase": "read_complete", "rank": 0, "ret": 0, "bytes": 4194304}
{"mock_phase": "before_read", "rank": 0, "copies": 64, "bytes": 4194304}
{"mock_phase": "read_complete", "rank": 0, "ret": 0, "bytes": 4194304}
{"mock_phase": "before_read", "rank": 0, "copies": 64, "bytes": 524288}
{"mock_phase": "read_complete", "rank": 0, "ret": 0, "bytes": 524288}
{"mock_phase": "before_read", "rank": 0, "copies": 64, "bytes": 524288}
{"mock_phase": "read_complete", "rank": 0, "ret": 0, "bytes": 524288}
{"mock_phase": "before_read", "rank": 0, "copies": 64, "bytes": 8192}
{"mock_phase": "read_complete", "rank": 0, "ret": 0, "bytes": 8192}
{"mock_phase": "before_read", "rank": 0, "copies": 64, "bytes": 8192}
{"mock_phase": "read_complete", "rank": 0, "ret": 0, "bytes": 8192}
{"mock_phase": "before_read", "rank": 0, "copies": 64, "bytes": 4194304}
{"mock_phase": "read_complete", "rank": 0, "ret": 0, "bytes": 4194304}
{"mock_phase": "before_read", "rank": 0, "copies": 64, "bytes": 4194304}
{"mock_phase": "read_complete", "rank": 0, "ret": 0, "bytes": 4194304}
{"mock_phase": "before_read", "rank": 0, "copies": 64, "bytes": 524288}
{"mock_phase": "read_complete", "rank": 0, "ret": 0, "bytes": 524288}
{"mock_phase": "before_read", "rank": 0, "copies": 64, "bytes": 524288}
{"mock_phase": "read_complete", "rank": 0, "ret": 0, "bytes": 524288}
{"mock_phase": "before_read", "rank": 0, "copies": 64, "bytes": 8192}
{"mock_phase": "read_complete", "rank": 0, "ret": 0, "bytes": 8192}
{"mock_phase": "before_read", "rank": 0, "copies": 64, "bytes": 8192}
{"mock_phase": "read_complete", "rank": 0, "ret": 0, "bytes": 8192}
{"mock_phase": "before_read", "rank": 0, "copies": 64, "bytes": 8388608}
{"mock_phase": "read_complete", "rank": 0, "ret": 0, "bytes": 8388608}
{"mock_phase": "before_read", "rank": 0, "copies": 64, "bytes": 8388608}
{"mock_phase": "read_complete", "rank": 0, "ret": 0, "bytes": 8388608}
{"mock_phase": "before_read", "rank": 0, "copies": 64, "bytes": 1048576}
{"mock_phase": "read_complete", "rank": 0, "ret": 0, "bytes": 1048576}
{"mock_phase": "before_read", "rank": 0, "copies": 64, "bytes": 1048576}
{"mock_phase": "read_complete", "rank": 0, "ret": 0, "bytes": 1048576}
{"mock_phase": "before_read", "rank": 0, "copies": 64, "bytes": 16384}
{"mock_phase": "read_complete", "rank": 0, "ret": 0, "bytes": 16384}
{"mock_phase": "before_read", "rank": 0, "copies": 64, "bytes": 16384}
{"mock_phase": "read_complete", "rank": 0, "ret": 0, "bytes": 16384}
{"mock_phase": "before_read", "rank": 0, "copies": 43, "bytes": 5636096}
{"mock_phase": "read_complete", "rank": 0, "ret": 0, "bytes": 5636096}
{"mock_phase": "planned", "request_id": "cmpl-962a0c8f1a301f96-0-b36e75ae", "rank": 1, "pages": 1579, "bytes": 52903936}
{"mock_phase": "before_read", "rank": 1, "copies": 64, "bytes": 4194304}
{"mock_phase": "read_complete", "rank": 1, "ret": 0, "bytes": 4194304}
{"mock_phase": "before_read", "rank": 1, "copies": 64, "bytes": 4194304}
{"mock_phase": "read_complete", "rank": 1, "ret": 0, "bytes": 4194304}
{"mock_phase": "before_read", "rank": 1, "copies": 64, "bytes": 524288}
{"mock_phase": "read_complete", "rank": 1, "ret": 0, "bytes": 524288}
{"mock_phase": "before_read", "rank": 1, "copies": 64, "bytes": 524288}
{"mock_phase": "read_complete", "rank": 1, "ret": 0, "bytes": 524288}
{"mock_phase": "before_read", "rank": 1, "copies": 64, "bytes": 8192}
{"mock_phase": "read_complete", "rank": 1, "ret": 0, "bytes": 8192}
{"mock_phase": "before_read", "rank": 1, "copies": 64, "bytes": 8192}
{"mock_phase": "read_complete", "rank": 1, "ret": 0, "bytes": 8192}
{"mock_phase": "before_read", "rank": 1, "copies": 64, "bytes": 4194304}
{"mock_phase": "read_complete", "rank": 1, "ret": 0, "bytes": 4194304}
{"mock_phase": "before_read", "rank": 1, "copies": 64, "bytes": 4194304}
{"mock_phase": "read_complete", "rank": 1, "ret": 0, "bytes": 4194304}
{"mock_phase": "before_read", "rank": 1, "copies": 64, "bytes": 524288}
{"mock_phase": "read_complete", "rank": 1, "ret": 0, "bytes": 524288}
{"mock_phase": "before_read", "rank": 1, "copies": 64, "bytes": 524288}
{"mock_phase": "read_complete", "rank": 1, "ret": 0, "bytes": 524288}
{"mock_phase": "before_read", "rank": 1, "copies": 64, "bytes": 8192}
{"mock_phase": "read_complete", "rank": 1, "ret": 0, "bytes": 8192}
{"mock_phase": "before_read", "rank": 1, "copies": 64, "bytes": 8192}
{"mock_phase": "read_complete", "rank": 1, "ret": 0, "bytes": 8192}
{"mock_phase": "before_read", "rank": 1, "copies": 64, "bytes": 4194304}
{"mock_phase": "read_complete", "rank": 1, "ret": 0, "bytes": 4194304}
{"mock_phase": "before_read", "rank": 1, "copies": 64, "bytes": 4194304}
{"mock_phase": "read_complete", "rank": 1, "ret": 0, "bytes": 4194304}
{"mock_phase": "before_read", "rank": 1, "copies": 64, "bytes": 524288}
{"mock_phase": "read_complete", "rank": 1, "ret": 0, "bytes": 524288}
{"mock_phase": "before_read", "rank": 1, "copies": 64, "bytes": 524288}
{"mock_phase": "read_complete", "rank": 1, "ret": 0, "bytes": 524288}
{"mock_phase": "before_read", "rank": 1, "copies": 64, "bytes": 8192}
{"mock_phase": "read_complete", "rank": 1, "ret": 0, "bytes": 8192}
{"mock_phase": "before_read", "rank": 1, "copies": 64, "bytes": 8192}
{"mock_phase": "read_complete", "rank": 1, "ret": 0, "bytes": 8192}
{"mock_phase": "before_read", "rank": 1, "copies": 64, "bytes": 8388608}
{"mock_phase": "read_complete", "rank": 1, "ret": 0, "bytes": 8388608}
{"mock_phase": "before_read", "rank": 1, "copies": 64, "bytes": 8388608}
{"mock_phase": "read_complete", "rank": 1, "ret": 0, "bytes": 8388608}
{"mock_phase": "before_read", "rank": 1, "copies": 64, "bytes": 1048576}
{"mock_phase": "read_complete", "rank": 1, "ret": 0, "bytes": 1048576}
{"mock_phase": "before_read", "rank": 1, "copies": 64, "bytes": 1048576}
{"mock_phase": "read_complete", "rank": 1, "ret": 0, "bytes": 1048576}
{"mock_phase": "before_read", "rank": 1, "copies": 64, "bytes": 16384}
{"mock_phase": "read_complete", "rank": 1, "ret": 0, "bytes": 16384}
{"mock_phase": "before_read", "rank": 1, "copies": 64, "bytes": 16384}
{"mock_phase": "read_complete", "rank": 1, "ret": 0, "bytes": 16384}
{"mock_phase": "before_read", "rank": 1, "copies": 43, "bytes": 5636096}
{"mock_phase": "read_complete", "rank": 1, "ret": 0, "bytes": 5636096}
{"mock_phase": "planned", "request_id": "cmpl-962a0c8f1a301f96-0-b36e75ae", "rank": 2, "pages": 1579, "bytes": 52903936}
{"mock_phase": "before_read", "rank": 2, "copies": 64, "bytes": 4194304}
{"mock_phase": "read_complete", "rank": 2, "ret": 0, "bytes": 4194304}
{"mock_phase": "before_read", "rank": 2, "copies": 64, "bytes": 4194304}
{"mock_phase": "read_complete", "rank": 2, "ret": 0, "bytes": 4194304}
{"mock_phase": "before_read", "rank": 2, "copies": 64, "bytes": 524288}
{"mock_phase": "read_complete", "rank": 2, "ret": 0, "bytes": 524288}
{"mock_phase": "before_read", "rank": 2, "copies": 64, "bytes": 524288}
{"mock_phase": "read_complete", "rank": 2, "ret": 0, "bytes": 524288}
{"mock_phase": "before_read", "rank": 2, "copies": 64, "bytes": 8192}
{"mock_phase": "read_complete", "rank": 2, "ret": 0, "bytes": 8192}
{"mock_phase": "before_read", "rank": 2, "copies": 64, "bytes": 8192}
{"mock_phase": "read_complete", "rank": 2, "ret": 0, "bytes": 8192}
{"mock_phase": "before_read", "rank": 2, "copies": 64, "bytes": 4194304}
{"mock_phase": "read_complete", "rank": 2, "ret": 0, "bytes": 4194304}
{"mock_phase": "before_read", "rank": 2, "copies": 64, "bytes": 4194304}
{"mock_phase": "read_complete", "rank": 2, "ret": 0, "bytes": 4194304}
{"mock_phase": "before_read", "rank": 2, "copies": 64, "bytes": 524288}
{"mock_phase": "read_complete", "rank": 2, "ret": 0, "bytes": 524288}
{"mock_phase": "before_read", "rank": 2, "copies": 64, "bytes": 524288}
{"mock_phase": "read_complete", "rank": 2, "ret": 0, "bytes": 524288}
{"mock_phase": "before_read", "rank": 2, "copies": 64, "bytes": 8192}
{"mock_phase": "read_complete", "rank": 2, "ret": 0, "bytes": 8192}
{"mock_phase": "before_read", "rank": 2, "copies": 64, "bytes": 8192}
{"mock_phase": "read_complete", "rank": 2, "ret": 0, "bytes": 8192}
{"mock_phase": "before_read", "rank": 2, "copies": 64, "bytes": 4194304}
{"mock_phase": "read_complete", "rank": 2, "ret": 0, "bytes": 4194304}
{"mock_phase": "before_read", "rank": 2, "copies": 64, "bytes": 4194304}
{"mock_phase": "read_complete", "rank": 2, "ret": 0, "bytes": 4194304}
{"mock_phase": "before_read", "rank": 2, "copies": 64, "bytes": 524288}
{"mock_phase": "read_complete", "rank": 2, "ret": 0, "bytes": 524288}
{"mock_phase": "before_read", "rank": 2, "copies": 64, "bytes": 524288}
{"mock_phase": "read_complete", "rank": 2, "ret": 0, "bytes": 524288}
{"mock_phase": "before_read", "rank": 2, "copies": 64, "bytes": 8192}
{"mock_phase": "read_complete", "rank": 2, "ret": 0, "bytes": 8192}
{"mock_phase": "before_read", "rank": 2, "copies": 64, "bytes": 8192}
{"mock_phase": "read_complete", "rank": 2, "ret": 0, "bytes": 8192}
{"mock_phase": "before_read", "rank": 2, "copies": 64, "bytes": 8388608}
{"mock_phase": "read_complete", "rank": 2, "ret": 0, "bytes": 8388608}
{"mock_phase": "before_read", "rank": 2, "copies": 64, "bytes": 8388608}
{"mock_phase": "read_complete", "rank": 2, "ret": 0, "bytes": 8388608}
{"mock_phase": "before_read", "rank": 2, "copies": 64, "bytes": 1048576}
{"mock_phase": "read_complete", "rank": 2, "ret": 0, "bytes": 1048576}
{"mock_phase": "before_read", "rank": 2, "copies": 64, "bytes": 1048576}
{"mock_phase": "read_complete", "rank": 2, "ret": 0, "bytes": 1048576}
{"mock_phase": "before_read", "rank": 2, "copies": 64, "bytes": 16384}
{"mock_phase": "read_complete", "rank": 2, "ret": 0, "bytes": 16384}
{"mock_phase": "before_read", "rank": 2, "copies": 64, "bytes": 16384}
{"mock_phase": "read_complete", "rank": 2, "ret": 0, "bytes": 16384}
{"mock_phase": "before_read", "rank": 2, "copies": 43, "bytes": 5636096}
{"mock_phase": "read_complete", "rank": 2, "ret": 0, "bytes": 5636096}
{"mock_phase": "planned", "request_id": "cmpl-962a0c8f1a301f96-0-b36e75ae", "rank": 3, "pages": 1579, "bytes": 52903936}
{"mock_phase": "before_read", "rank": 3, "copies": 64, "bytes": 4194304}
{"mock_phase": "read_complete", "rank": 3, "ret": 0, "bytes": 4194304}
{"mock_phase": "before_read", "rank": 3, "copies": 64, "bytes": 4194304}
{"mock_phase": "read_complete", "rank": 3, "ret": 0, "bytes": 4194304}
{"mock_phase": "before_read", "rank": 3, "copies": 64, "bytes": 524288}
{"mock_phase": "read_complete", "rank": 3, "ret": 0, "bytes": 524288}
{"mock_phase": "before_read", "rank": 3, "copies": 64, "bytes": 524288}
{"mock_phase": "read_complete", "rank": 3, "ret": 0, "bytes": 524288}
{"mock_phase": "before_read", "rank": 3, "copies": 64, "bytes": 8192}
{"mock_phase": "read_complete", "rank": 3, "ret": 0, "bytes": 8192}
{"mock_phase": "before_read", "rank": 3, "copies": 64, "bytes": 8192}
{"mock_phase": "read_complete", "rank": 3, "ret": 0, "bytes": 8192}
{"mock_phase": "before_read", "rank": 3, "copies": 64, "bytes": 4194304}
{"mock_phase": "read_complete", "rank": 3, "ret": 0, "bytes": 4194304}
{"mock_phase": "before_read", "rank": 3, "copies": 64, "bytes": 4194304}
{"mock_phase": "read_complete", "rank": 3, "ret": 0, "bytes": 4194304}
{"mock_phase": "before_read", "rank": 3, "copies": 64, "bytes": 524288}
{"mock_phase": "read_complete", "rank": 3, "ret": 0, "bytes": 524288}
{"mock_phase": "before_read", "rank": 3, "copies": 64, "bytes": 524288}
{"mock_phase": "read_complete", "rank": 3, "ret": 0, "bytes": 524288}
{"mock_phase": "before_read", "rank": 3, "copies": 64, "bytes": 8192}
{"mock_phase": "read_complete", "rank": 3, "ret": 0, "bytes": 8192}
{"mock_phase": "before_read", "rank": 3, "copies": 64, "bytes": 8192}
{"mock_phase": "read_complete", "rank": 3, "ret": 0, "bytes": 8192}
{"mock_phase": "before_read", "rank": 3, "copies": 64, "bytes": 4194304}
{"mock_phase": "read_complete", "rank": 3, "ret": 0, "bytes": 4194304}
{"mock_phase": "before_read", "rank": 3, "copies": 64, "bytes": 4194304}
{"mock_phase": "read_complete", "rank": 3, "ret": 0, "bytes": 4194304}
{"mock_phase": "before_read", "rank": 3, "copies": 64, "bytes": 524288}
{"mock_phase": "read_complete", "rank": 3, "ret": 0, "bytes": 524288}
{"mock_phase": "before_read", "rank": 3, "copies": 64, "bytes": 524288}
{"mock_phase": "read_complete", "rank": 3, "ret": 0, "bytes": 524288}
{"mock_phase": "before_read", "rank": 3, "copies": 64, "bytes": 8192}
{"mock_phase": "read_complete", "rank": 3, "ret": 0, "bytes": 8192}
{"mock_phase": "before_read", "rank": 3, "copies": 64, "bytes": 8192}
{"mock_phase": "read_complete", "rank": 3, "ret": 0, "bytes": 8192}
{"mock_phase": "before_read", "rank": 3, "copies": 64, "bytes": 8388608}
{"mock_phase": "read_complete", "rank": 3, "ret": 0, "bytes": 8388608}
{"mock_phase": "before_read", "rank": 3, "copies": 64, "bytes": 8388608}
{"mock_phase": "read_complete", "rank": 3, "ret": 0, "bytes": 8388608}
{"mock_phase": "before_read", "rank": 3, "copies": 64, "bytes": 1048576}
{"mock_phase": "read_complete", "rank": 3, "ret": 0, "bytes": 1048576}
{"mock_phase": "before_read", "rank": 3, "copies": 64, "bytes": 1048576}
{"mock_phase": "read_complete", "rank": 3, "ret": 0, "bytes": 1048576}
{"mock_phase": "before_read", "rank": 3, "copies": 64, "bytes": 16384}
{"mock_phase": "read_complete", "rank": 3, "ret": 0, "bytes": 16384}
{"mock_phase": "before_read", "rank": 3, "copies": 64, "bytes": 16384}
{"mock_phase": "read_complete", "rank": 3, "ret": 0, "bytes": 16384}
{"mock_phase": "before_read", "rank": 3, "copies": 43, "bytes": 5636096}
{"mock_phase": "read_complete", "rank": 3, "ret": 0, "bytes": 5636096}
{"mock_phase": "planned", "request_id": "cmpl-962a0c8f1a301f96-0-b36e75ae", "rank": 4, "pages": 1579, "bytes": 52903936}
{"mock_phase": "before_read", "rank": 4, "copies": 64, "bytes": 4194304}
{"mock_phase": "read_complete", "rank": 4, "ret": 0, "bytes": 4194304}
{"mock_phase": "before_read", "rank": 4, "copies": 64, "bytes": 4194304}
{"mock_phase": "read_complete", "rank": 4, "ret": 0, "bytes": 4194304}
{"mock_phase": "before_read", "rank": 4, "copies": 64, "bytes": 524288}
{"mock_phase": "read_complete", "rank": 4, "ret": 0, "bytes": 524288}
{"mock_phase": "before_read", "rank": 4, "copies": 64, "bytes": 524288}
{"mock_phase": "read_complete", "rank": 4, "ret": 0, "bytes": 524288}
{"mock_phase": "before_read", "rank": 4, "copies": 64, "bytes": 8192}
{"mock_phase": "read_complete", "rank": 4, "ret": 0, "bytes": 8192}
{"mock_phase": "before_read", "rank": 4, "copies": 64, "bytes": 8192}
{"mock_phase": "read_complete", "rank": 4, "ret": 0, "bytes": 8192}
{"mock_phase": "before_read", "rank": 4, "copies": 64, "bytes": 4194304}
{"mock_phase": "read_complete", "rank": 4, "ret": 0, "bytes": 4194304}
{"mock_phase": "before_read", "rank": 4, "copies": 64, "bytes": 4194304}
{"mock_phase": "read_complete", "rank": 4, "ret": 0, "bytes": 4194304}
{"mock_phase": "before_read", "rank": 4, "copies": 64, "bytes": 524288}
{"mock_phase": "read_complete", "rank": 4, "ret": 0, "bytes": 524288}
{"mock_phase": "before_read", "rank": 4, "copies": 64, "bytes": 524288}
{"mock_phase": "read_complete", "rank": 4, "ret": 0, "bytes": 524288}
{"mock_phase": "before_read", "rank": 4, "copies": 64, "bytes": 8192}
{"mock_phase": "read_complete", "rank": 4, "ret": 0, "bytes": 8192}
{"mock_phase": "before_read", "rank": 4, "copies": 64, "bytes": 8192}
{"mock_phase": "read_complete", "rank": 4, "ret": 0, "bytes": 8192}
{"mock_phase": "before_read", "rank": 4, "copies": 64, "bytes": 4194304}
{"mock_phase": "read_complete", "rank": 4, "ret": 0, "bytes": 4194304}
{"mock_phase": "before_read", "rank": 4, "copies": 64, "bytes": 4194304}
{"mock_phase": "read_complete", "rank": 4, "ret": 0, "bytes": 4194304}
{"mock_phase": "before_read", "rank": 4, "copies": 64, "bytes": 524288}
{"mock_phase": "read_complete", "rank": 4, "ret": 0, "bytes": 524288}
{"mock_phase": "before_read", "rank": 4, "copies": 64, "bytes": 524288}
{"mock_phase": "read_complete", "rank": 4, "ret": 0, "bytes": 524288}
{"mock_phase": "before_read", "rank": 4, "copies": 64, "bytes": 8192}
{"mock_phase": "read_complete", "rank": 4, "ret": 0, "bytes": 8192}
{"mock_phase": "before_read", "rank": 4, "copies": 64, "bytes": 8192}
{"mock_phase": "read_complete", "rank": 4, "ret": 0, "bytes": 8192}
{"mock_phase": "before_read", "rank": 4, "copies": 64, "bytes": 8388608}
{"mock_phase": "read_complete", "rank": 4, "ret": 0, "bytes": 8388608}
{"mock_phase": "before_read", "rank": 4, "copies": 64, "bytes": 8388608}
{"mock_phase": "read_complete", "rank": 4, "ret": 0, "bytes": 8388608}
{"mock_phase": "before_read", "rank": 4, "copies": 64, "bytes": 1048576}
{"mock_phase": "read_complete", "rank": 4, "ret": 0, "bytes": 1048576}
{"mock_phase": "before_read", "rank": 4, "copies": 64, "bytes": 1048576}
{"mock_phase": "read_complete", "rank": 4, "ret": 0, "bytes": 1048576}
{"mock_phase": "before_read", "rank": 4, "copies": 64, "bytes": 16384}
{"mock_phase": "read_complete", "rank": 4, "ret": 0, "bytes": 16384}
{"mock_phase": "before_read", "rank": 4, "copies": 64, "bytes": 16384}
{"mock_phase": "read_complete", "rank": 4, "ret": 0, "bytes": 16384}
{"mock_phase": "before_read", "rank": 4, "copies": 43, "bytes": 5636096}
{"mock_phase": "read_complete", "rank": 4, "ret": 0, "bytes": 5636096}
{"mock_phase": "planned", "request_id": "cmpl-962a0c8f1a301f96-0-b36e75ae", "rank": 5, "pages": 1579, "bytes": 52903936}
{"mock_phase": "before_read", "rank": 5, "copies": 64, "bytes": 4194304}
{"mock_phase": "read_complete", "rank": 5, "ret": 0, "bytes": 4194304}
{"mock_phase": "before_read", "rank": 5, "copies": 64, "bytes": 4194304}
{"mock_phase": "read_complete", "rank": 5, "ret": 0, "bytes": 4194304}
{"mock_phase": "before_read", "rank": 5, "copies": 64, "bytes": 524288}
{"mock_phase": "read_complete", "rank": 5, "ret": 0, "bytes": 524288}
{"mock_phase": "before_read", "rank": 5, "copies": 64, "bytes": 524288}
{"mock_phase": "read_complete", "rank": 5, "ret": 0, "bytes": 524288}
{"mock_phase": "before_read", "rank": 5, "copies": 64, "bytes": 8192}
{"mock_phase": "read_complete", "rank": 5, "ret": 0, "bytes": 8192}
{"mock_phase": "before_read", "rank": 5, "copies": 64, "bytes": 8192}
{"mock_phase": "read_complete", "rank": 5, "ret": 0, "bytes": 8192}
{"mock_phase": "before_read", "rank": 5, "copies": 64, "bytes": 4194304}
{"mock_phase": "read_complete", "rank": 5, "ret": 0, "bytes": 4194304}
{"mock_phase": "before_read", "rank": 5, "copies": 64, "bytes": 4194304}
{"mock_phase": "read_complete", "rank": 5, "ret": 0, "bytes": 4194304}
{"mock_phase": "before_read", "rank": 5, "copies": 64, "bytes": 524288}
{"mock_phase": "read_complete", "rank": 5, "ret": 0, "bytes": 524288}
{"mock_phase": "before_read", "rank": 5, "copies": 64, "bytes": 524288}
{"mock_phase": "read_complete", "rank": 5, "ret": 0, "bytes": 524288}
{"mock_phase": "before_read", "rank": 5, "copies": 64, "bytes": 8192}
{"mock_phase": "read_complete", "rank": 5, "ret": 0, "bytes": 8192}
{"mock_phase": "before_read", "rank": 5, "copies": 64, "bytes": 8192}
{"mock_phase": "read_complete", "rank": 5, "ret": 0, "bytes": 8192}
{"mock_phase": "before_read", "rank": 5, "copies": 64, "bytes": 4194304}
{"mock_phase": "read_complete", "rank": 5, "ret": 0, "bytes": 4194304}
{"mock_phase": "before_read", "rank": 5, "copies": 64, "bytes": 4194304}
{"mock_phase": "read_complete", "rank": 5, "ret": 0, "bytes": 4194304}
{"mock_phase": "before_read", "rank": 5, "copies": 64, "bytes": 524288}
{"mock_phase": "read_complete", "rank": 5, "ret": 0, "bytes": 524288}
{"mock_phase": "before_read", "rank": 5, "copies": 64, "bytes": 524288}
{"mock_phase": "read_complete", "rank": 5, "ret": 0, "bytes": 524288}
{"mock_phase": "before_read", "rank": 5, "copies": 64, "bytes": 8192}
{"mock_phase": "read_complete", "rank": 5, "ret": 0, "bytes": 8192}
{"mock_phase": "before_read", "rank": 5, "copies": 64, "bytes": 8192}
{"mock_phase": "read_complete", "rank": 5, "ret": 0, "bytes": 8192}
{"mock_phase": "before_read", "rank": 5, "copies": 64, "bytes": 8388608}
{"mock_phase": "read_complete", "rank": 5, "ret": 0, "bytes": 8388608}
{"mock_phase": "before_read", "rank": 5, "copies": 64, "bytes": 8388608}
{"mock_phase": "read_complete", "rank": 5, "ret": 0, "bytes": 8388608}
{"mock_phase": "before_read", "rank": 5, "copies": 64, "bytes": 1048576}
{"mock_phase": "read_complete", "rank": 5, "ret": 0, "bytes": 1048576}
{"mock_phase": "before_read", "rank": 5, "copies": 64, "bytes": 1048576}
{"mock_phase": "read_complete", "rank": 5, "ret": 0, "bytes": 1048576}
{"mock_phase": "before_read", "rank": 5, "copies": 64, "bytes": 16384}
{"mock_phase": "read_complete", "rank": 5, "ret": 0, "bytes": 16384}
{"mock_phase": "before_read", "rank": 5, "copies": 64, "bytes": 16384}
{"mock_phase": "read_complete", "rank": 5, "ret": 0, "bytes": 16384}
{"mock_phase": "before_read", "rank": 5, "copies": 43, "bytes": 5636096}
{"mock_phase": "read_complete", "rank": 5, "ret": 0, "bytes": 5636096}
{"mock_phase": "planned", "request_id": "cmpl-962a0c8f1a301f96-0-b36e75ae", "rank": 6, "pages": 1579, "bytes": 52903936}
{"mock_phase": "before_read", "rank": 6, "copies": 64, "bytes": 4194304}
{"mock_phase": "read_complete", "rank": 6, "ret": 0, "bytes": 4194304}
{"mock_phase": "before_read", "rank": 6, "copies": 64, "bytes": 4194304}
{"mock_phase": "read_complete", "rank": 6, "ret": 0, "bytes": 4194304}
{"mock_phase": "before_read", "rank": 6, "copies": 64, "bytes": 524288}
{"mock_phase": "read_complete", "rank": 6, "ret": 0, "bytes": 524288}
{"mock_phase": "before_read", "rank": 6, "copies": 64, "bytes": 524288}
{"mock_phase": "read_complete", "rank": 6, "ret": 0, "bytes": 524288}
{"mock_phase": "before_read", "rank": 6, "copies": 64, "bytes": 8192}
{"mock_phase": "read_complete", "rank": 6, "ret": 0, "bytes": 8192}
{"mock_phase": "before_read", "rank": 6, "copies": 64, "bytes": 8192}
{"mock_phase": "read_complete", "rank": 6, "ret": 0, "bytes": 8192}
{"mock_phase": "before_read", "rank": 6, "copies": 64, "bytes": 4194304}
{"mock_phase": "read_complete", "rank": 6, "ret": 0, "bytes": 4194304}
{"mock_phase": "before_read", "rank": 6, "copies": 64, "bytes": 4194304}
{"mock_phase": "read_complete", "rank": 6, "ret": 0, "bytes": 4194304}
{"mock_phase": "before_read", "rank": 6, "copies": 64, "bytes": 524288}
{"mock_phase": "read_complete", "rank": 6, "ret": 0, "bytes": 524288}
{"mock_phase": "before_read", "rank": 6, "copies": 64, "bytes": 524288}
{"mock_phase": "read_complete", "rank": 6, "ret": 0, "bytes": 524288}
{"mock_phase": "before_read", "rank": 6, "copies": 64, "bytes": 8192}
{"mock_phase": "read_complete", "rank": 6, "ret": 0, "bytes": 8192}
{"mock_phase": "before_read", "rank": 6, "copies": 64, "bytes": 8192}
{"mock_phase": "read_complete", "rank": 6, "ret": 0, "bytes": 8192}
{"mock_phase": "before_read", "rank": 6, "copies": 64, "bytes": 4194304}
{"mock_phase": "read_complete", "rank": 6, "ret": 0, "bytes": 4194304}
{"mock_phase": "before_read", "rank": 6, "copies": 64, "bytes": 4194304}
{"mock_phase": "read_complete", "rank": 6, "ret": 0, "bytes": 4194304}
{"mock_phase": "before_read", "rank": 6, "copies": 64, "bytes": 524288}
{"mock_phase": "read_complete", "rank": 6, "ret": 0, "bytes": 524288}
{"mock_phase": "before_read", "rank": 6, "copies": 64, "bytes": 524288}
{"mock_phase": "read_complete", "rank": 6, "ret": 0, "bytes": 524288}
{"mock_phase": "before_read", "rank": 6, "copies": 64, "bytes": 8192}
{"mock_phase": "read_complete", "rank": 6, "ret": 0, "bytes": 8192}
{"mock_phase": "before_read", "rank": 6, "copies": 64, "bytes": 8192}
{"mock_phase": "read_complete", "rank": 6, "ret": 0, "bytes": 8192}
{"mock_phase": "before_read", "rank": 6, "copies": 64, "bytes": 8388608}
{"mock_phase": "read_complete", "rank": 6, "ret": 0, "bytes": 8388608}
{"mock_phase": "before_read", "rank": 6, "copies": 64, "bytes": 8388608}
{"mock_phase": "read_complete", "rank": 6, "ret": 0, "bytes": 8388608}
{"mock_phase": "before_read", "rank": 6, "copies": 64, "bytes": 1048576}
{"mock_phase": "read_complete", "rank": 6, "ret": 0, "bytes": 1048576}
{"mock_phase": "before_read", "rank": 6, "copies": 64, "bytes": 1048576}
{"mock_phase": "read_complete", "rank": 6, "ret": 0, "bytes": 1048576}
{"mock_phase": "before_read", "rank": 6, "copies": 64, "bytes": 16384}
{"mock_phase": "read_complete", "rank": 6, "ret": 0, "bytes": 16384}
{"mock_phase": "before_read", "rank": 6, "copies": 64, "bytes": 16384}
{"mock_phase": "read_complete", "rank": 6, "ret": 0, "bytes": 16384}
{"mock_phase": "before_read", "rank": 6, "copies": 43, "bytes": 5636096}
{"mock_phase": "read_complete", "rank": 6, "ret": 0, "bytes": 5636096}
{"mock_phase": "planned", "request_id": "cmpl-962a0c8f1a301f96-0-b36e75ae", "rank": 7, "pages": 1579, "bytes": 52903936}
{"mock_phase": "before_read", "rank": 7, "copies": 64, "bytes": 4194304}
{"mock_phase": "read_complete", "rank": 7, "ret": 0, "bytes": 4194304}
{"mock_phase": "before_read", "rank": 7, "copies": 64, "bytes": 4194304}
{"mock_phase": "read_complete", "rank": 7, "ret": 0, "bytes": 4194304}
{"mock_phase": "before_read", "rank": 7, "copies": 64, "bytes": 524288}
{"mock_phase": "read_complete", "rank": 7, "ret": 0, "bytes": 524288}
{"mock_phase": "before_read", "rank": 7, "copies": 64, "bytes": 524288}
{"mock_phase": "read_complete", "rank": 7, "ret": 0, "bytes": 524288}
{"mock_phase": "before_read", "rank": 7, "copies": 64, "bytes": 8192}
{"mock_phase": "read_complete", "rank": 7, "ret": 0, "bytes": 8192}
{"mock_phase": "before_read", "rank": 7, "copies": 64, "bytes": 8192}
{"mock_phase": "read_complete", "rank": 7, "ret": 0, "bytes": 8192}
{"mock_phase": "before_read", "rank": 7, "copies": 64, "bytes": 4194304}
{"mock_phase": "read_complete", "rank": 7, "ret": 0, "bytes": 4194304}
{"mock_phase": "before_read", "rank": 7, "copies": 64, "bytes": 4194304}
{"mock_phase": "read_complete", "rank": 7, "ret": 0, "bytes": 4194304}
{"mock_phase": "before_read", "rank": 7, "copies": 64, "bytes": 524288}
{"mock_phase": "read_complete", "rank": 7, "ret": 0, "bytes": 524288}
{"mock_phase": "before_read", "rank": 7, "copies": 64, "bytes": 524288}
{"mock_phase": "read_complete", "rank": 7, "ret": 0, "bytes": 524288}
{"mock_phase": "before_read", "rank": 7, "copies": 64, "bytes": 8192}
{"mock_phase": "read_complete", "rank": 7, "ret": 0, "bytes": 8192}
{"mock_phase": "before_read", "rank": 7, "copies": 64, "bytes": 8192}
{"mock_phase": "read_complete", "rank": 7, "ret": 0, "bytes": 8192}
{"mock_phase": "before_read", "rank": 7, "copies": 64, "bytes": 4194304}
{"mock_phase": "read_complete", "rank": 7, "ret": 0, "bytes": 4194304}
{"mock_phase": "before_read", "rank": 7, "copies": 64, "bytes": 4194304}
{"mock_phase": "read_complete", "rank": 7, "ret": 0, "bytes": 4194304}
{"mock_phase": "before_read", "rank": 7, "copies": 64, "bytes": 524288}
{"mock_phase": "read_complete", "rank": 7, "ret": 0, "bytes": 524288}
{"mock_phase": "before_read", "rank": 7, "copies": 64, "bytes": 524288}
{"mock_phase": "read_complete", "rank": 7, "ret": 0, "bytes": 524288}
{"mock_phase": "before_read", "rank": 7, "copies": 64, "bytes": 8192}
{"mock_phase": "read_complete", "rank": 7, "ret": 0, "bytes": 8192}
{"mock_phase": "before_read", "rank": 7, "copies": 64, "bytes": 8192}
{"mock_phase": "read_complete", "rank": 7, "ret": 0, "bytes": 8192}
{"mock_phase": "before_read", "rank": 7, "copies": 64, "bytes": 8388608}
{"mock_phase": "read_complete", "rank": 7, "ret": 0, "bytes": 8388608}
{"mock_phase": "before_read", "rank": 7, "copies": 64, "bytes": 8388608}
{"mock_phase": "read_complete", "rank": 7, "ret": 0, "bytes": 8388608}
{"mock_phase": "before_read", "rank": 7, "copies": 64, "bytes": 1048576}
{"mock_phase": "read_complete", "rank": 7, "ret": 0, "bytes": 1048576}
{"mock_phase": "before_read", "rank": 7, "copies": 64, "bytes": 1048576}
{"mock_phase": "read_complete", "rank": 7, "ret": 0, "bytes": 1048576}
{"mock_phase": "before_read", "rank": 7, "copies": 64, "bytes": 16384}
{"mock_phase": "read_complete", "rank": 7, "ret": 0, "bytes": 16384}
{"mock_phase": "before_read", "rank": 7, "copies": 64, "bytes": 16384}
{"mock_phase": "read_complete", "rank": 7, "ret": 0, "bytes": 16384}
{"mock_phase": "before_read", "rank": 7, "copies": 43, "bytes": 5636096}
{"mock_phase": "read_complete", "rank": 7, "ret": 0, "bytes": 5636096}
{"ok": true, "request_id": "cmpl-962a0c8f1a301f96-0-b36e75ae", "ranks": [{"rank": 0, "bytes": 52903936, "read_s": 0.01247731177136302, "hash_s": 0.07099855877459049, "nonzero_groups": [0, 1, 2, 3, 4, 5, 6]}, {"rank": 1, "bytes": 52903936, "read_s": 0.01253727963194251, "hash_s": 0.06930894963443279, "nonzero_groups": [0, 1, 2, 3, 4, 5, 6]}, {"rank": 2, "bytes": 52903936, "read_s": 0.011893419548869133, "hash_s": 0.06994101032614708, "nonzero_groups": [0, 1, 2, 3, 4, 5, 6]}, {"rank": 3, "bytes": 52903936, "read_s": 0.012053390499204397, "hash_s": 0.06994432071223855, "nonzero_groups": [0, 1, 2, 3, 4, 5, 6]}, {"rank": 4, "bytes": 52903936, "read_s": 0.01198703981935978, "hash_s": 0.06976624112576246, "nonzero_groups": [0, 1, 2, 3, 4, 5, 6]}, {"rank": 5, "bytes": 52903936, "read_s": 0.012056500185281038, "hash_s": 0.06979136960580945, "nonzero_groups": [0, 1, 2, 3, 4, 5, 6]}, {"rank": 6, "bytes": 52903936, "read_s": 0.012562920339405537, "hash_s": 0.0705900490283966, "nonzero_groups": [0, 1, 2, 3, 4, 5, 6]}, {"rank": 7, "bytes": 52903936, "read_s": 0.012387951370328665, "hash_s": 0.06935112224891782, "nonzero_groups": [0, 1, 2, 3, 4, 5, 6]}], "bytes": 423231488, "consume_s": 0.7115939403884113, "ack_s": 0.0016343798488378525, "total_s": 0.7132285502739251, "hold_ms": 0}
127.0.0.1 - - [09/Oct/2026 07:58:47] "POST /consume HTTP/1.1" 200 -
{"mock_phase": "planned", "request_id": "cmpl-b1b8b158c451f86e-0-beaeda95", "rank": 0, "pages": 1579, "bytes": 52903936}
{"mock_phase": "before_read", "rank": 0, "copies": 64, "bytes": 4194304}
{"mock_phase": "read_complete", "rank": 0, "ret": 0, "bytes": 4194304}
{"mock_phase": "before_read", "rank": 0, "copies": 64, "bytes": 4194304}
{"mock_phase": "read_complete", "rank": 0, "ret": 0, "bytes": 4194304}
{"mock_phase": "before_read", "rank": 0, "copies": 64, "bytes": 524288}
{"mock_phase": "read_complete", "rank": 0, "ret": 0, "bytes": 524288}
{"mock_phase": "before_read", "rank": 0, "copies": 64, "bytes": 524288}
{"mock_phase": "read_complete", "rank": 0, "ret": 0, "bytes": 524288}
{"mock_phase": "before_read", "rank": 0, "copies": 64, "bytes": 8192}
{"mock_phase": "read_complete", "rank": 0, "ret": 0, "bytes": 8192}
{"mock_phase": "before_read", "rank": 0, "copies": 64, "bytes": 8192}
{"mock_phase": "read_complete", "rank": 0, "ret": 0, "bytes": 8192}
{"mock_phase": "before_read", "rank": 0, "copies": 64, "bytes": 4194304}
{"mock_phase": "read_complete", "rank": 0, "ret": 0, "bytes": 4194304}
{"mock_phase": "before_read", "rank": 0, "copies": 64, "bytes": 4194304}
{"mock_phase": "read_complete", "rank": 0, "ret": 0, "bytes": 4194304}
{"mock_phase": "before_read", "rank": 0, "copies": 64, "bytes": 524288}
{"mock_phase": "read_complete", "rank": 0, "ret": 0, "bytes": 524288}
{"mock_phase": "before_read", "rank": 0, "copies": 64, "bytes": 524288}
{"mock_phase": "read_complete", "rank": 0, "ret": 0, "bytes": 524288}
{"mock_phase": "before_read", "rank": 0, "copies": 64, "bytes": 8192}
{"mock_phase": "read_complete", "rank": 0, "ret": 0, "bytes": 8192}
{"mock_phase": "before_read", "rank": 0, "copies": 64, "bytes": 8192}
{"mock_phase": "read_complete", "rank": 0, "ret": 0, "bytes": 8192}
{"mock_phase": "before_read", "rank": 0, "copies": 64, "bytes": 4194304}
{"mock_phase": "read_complete", "rank": 0, "ret": 0, "bytes": 4194304}
{"mock_phase": "before_read", "rank": 0, "copies": 64, "bytes": 4194304}
{"mock_phase": "read_complete", "rank": 0, "ret": 0, "bytes": 4194304}
{"mock_phase": "before_read", "rank": 0, "copies": 64, "bytes": 524288}
{"mock_phase": "read_complete", "rank": 0, "ret": 0, "bytes": 524288}
{"mock_phase": "before_read", "rank": 0, "copies": 64, "bytes": 524288}
{"mock_phase": "read_complete", "rank": 0, "ret": 0, "bytes": 524288}
{"mock_phase": "before_read", "rank": 0, "copies": 64, "bytes": 8192}
{"mock_phase": "read_complete", "rank": 0, "ret": 0, "bytes": 8192}
{"mock_phase": "before_read", "rank": 0, "copies": 64, "bytes": 8192}
{"mock_phase": "read_complete", "rank": 0, "ret": 0, "bytes": 8192}
{"mock_phase": "before_read", "rank": 0, "copies": 64, "bytes": 8388608}
{"mock_phase": "read_complete", "rank": 0, "ret": 0, "bytes": 8388608}
{"mock_phase": "before_read", "rank": 0, "copies": 64, "bytes": 8388608}
{"mock_phase": "read_complete", "rank": 0, "ret": 0, "bytes": 8388608}
{"mock_phase": "before_read", "rank": 0, "copies": 64, "bytes": 1048576}
{"mock_phase": "read_complete", "rank": 0, "ret": 0, "bytes": 1048576}
{"mock_phase": "before_read", "rank": 0, "copies": 64, "bytes": 1048576}
{"mock_phase": "read_complete", "rank": 0, "ret": 0, "bytes": 1048576}
{"mock_phase": "before_read", "rank": 0, "copies": 64, "bytes": 16384}
{"mock_phase": "read_complete", "rank": 0, "ret": 0, "bytes": 16384}
{"mock_phase": "before_read", "rank": 0, "copies": 64, "bytes": 16384}
{"mock_phase": "read_complete", "rank": 0, "ret": 0, "bytes": 16384}
{"mock_phase": "before_read", "rank": 0, "copies": 43, "bytes": 5636096}
{"mock_phase": "read_complete", "rank": 0, "ret": 0, "bytes": 5636096}
{"mock_phase": "planned", "request_id": "cmpl-b1b8b158c451f86e-0-beaeda95", "rank": 1, "pages": 1579, "bytes": 52903936}
{"mock_phase": "before_read", "rank": 1, "copies": 64, "bytes": 4194304}
{"mock_phase": "read_complete", "rank": 1, "ret": 0, "bytes": 4194304}
{"mock_phase": "before_read", "rank": 1, "copies": 64, "bytes": 4194304}
{"mock_phase": "read_complete", "rank": 1, "ret": 0, "bytes": 4194304}
{"mock_phase": "before_read", "rank": 1, "copies": 64, "bytes": 524288}
{"mock_phase": "read_complete", "rank": 1, "ret": 0, "bytes": 524288}
{"mock_phase": "before_read", "rank": 1, "copies": 64, "bytes": 524288}
{"mock_phase": "read_complete", "rank": 1, "ret": 0, "bytes": 524288}
{"mock_phase": "before_read", "rank": 1, "copies": 64, "bytes": 8192}
{"mock_phase": "read_complete", "rank": 1, "ret": 0, "bytes": 8192}
{"mock_phase": "before_read", "rank": 1, "copies": 64, "bytes": 8192}
{"mock_phase": "read_complete", "rank": 1, "ret": 0, "bytes": 8192}
{"mock_phase": "before_read", "rank": 1, "copies": 64, "bytes": 4194304}
{"mock_phase": "read_complete", "rank": 1, "ret": 0, "bytes": 4194304}
{"mock_phase": "before_read", "rank": 1, "copies": 64, "bytes": 4194304}
{"mock_phase": "read_complete", "rank": 1, "ret": 0, "bytes": 4194304}
{"mock_phase": "before_read", "rank": 1, "copies": 64, "bytes": 524288}
{"mock_phase": "read_complete", "rank": 1, "ret": 0, "bytes": 524288}
{"mock_phase": "before_read", "rank": 1, "copies": 64, "bytes": 524288}
{"mock_phase": "read_complete", "rank": 1, "ret": 0, "bytes": 524288}
{"mock_phase": "before_read", "rank": 1, "copies": 64, "bytes": 8192}
{"mock_phase": "read_complete", "rank": 1, "ret": 0, "bytes": 8192}
{"mock_phase": "before_read", "rank": 1, "copies": 64, "bytes": 8192}
{"mock_phase": "read_complete", "rank": 1, "ret": 0, "bytes": 8192}
{"mock_phase": "before_read", "rank": 1, "copies": 64, "bytes": 4194304}
{"mock_phase": "read_complete", "rank": 1, "ret": 0, "bytes": 4194304}
{"mock_phase": "before_read", "rank": 1, "copies": 64, "bytes": 4194304}
{"mock_phase": "read_complete", "rank": 1, "ret": 0, "bytes": 4194304}
{"mock_phase": "before_read", "rank": 1, "copies": 64, "bytes": 524288}
{"mock_phase": "read_complete", "rank": 1, "ret": 0, "bytes": 524288}
{"mock_phase": "before_read", "rank": 1, "copies": 64, "bytes": 524288}
{"mock_phase": "read_complete", "rank": 1, "ret": 0, "bytes": 524288}
{"mock_phase": "before_read", "rank": 1, "copies": 64, "bytes": 8192}
{"mock_phase": "read_complete", "rank": 1, "ret": 0, "bytes": 8192}
{"mock_phase": "before_read", "rank": 1, "copies": 64, "bytes": 8192}
{"mock_phase": "read_complete", "rank": 1, "ret": 0, "bytes": 8192}
{"mock_phase": "before_read", "rank": 1, "copies": 64, "bytes": 8388608}
{"mock_phase": "read_complete", "rank": 1, "ret": 0, "bytes": 8388608}
{"mock_phase": "before_read", "rank": 1, "copies": 64, "bytes": 8388608}
{"mock_phase": "read_complete", "rank": 1, "ret": 0, "bytes": 8388608}
{"mock_phase": "before_read", "rank": 1, "copies": 64, "bytes": 1048576}
{"mock_phase": "read_complete", "rank": 1, "ret": 0, "bytes": 1048576}
{"mock_phase": "before_read", "rank": 1, "copies": 64, "bytes": 1048576}
{"mock_phase": "read_complete", "rank": 1, "ret": 0, "bytes": 1048576}
{"mock_phase": "before_read", "rank": 1, "copies": 64, "bytes": 16384}
{"mock_phase": "read_complete", "rank": 1, "ret": 0, "bytes": 16384}
{"mock_phase": "before_read", "rank": 1, "copies": 64, "bytes": 16384}
{"mock_phase": "read_complete", "rank": 1, "ret": 0, "bytes": 16384}
{"mock_phase": "before_read", "rank": 1, "copies": 43, "bytes": 5636096}
{"mock_phase": "read_complete", "rank": 1, "ret": 0, "bytes": 5636096}
{"mock_phase": "planned", "request_id": "cmpl-b1b8b158c451f86e-0-beaeda95", "rank": 2, "pages": 1579, "bytes": 52903936}
{"mock_phase": "before_read", "rank": 2, "copies": 64, "bytes": 4194304}
{"mock_phase": "read_complete", "rank": 2, "ret": 0, "bytes": 4194304}
{"mock_phase": "before_read", "rank": 2, "copies": 64, "bytes": 4194304}
{"mock_phase": "read_complete", "rank": 2, "ret": 0, "bytes": 4194304}
{"mock_phase": "before_read", "rank": 2, "copies": 64, "bytes": 524288}
{"mock_phase": "read_complete", "rank": 2, "ret": 0, "bytes": 524288}
{"mock_phase": "before_read", "rank": 2, "copies": 64, "bytes": 524288}
{"mock_phase": "read_complete", "rank": 2, "ret": 0, "bytes": 524288}
{"mock_phase": "before_read", "rank": 2, "copies": 64, "bytes": 8192}
{"mock_phase": "read_complete", "rank": 2, "ret": 0, "bytes": 8192}
{"mock_phase": "before_read", "rank": 2, "copies": 64, "bytes": 8192}
{"mock_phase": "read_complete", "rank": 2, "ret": 0, "bytes": 8192}
{"mock_phase": "before_read", "rank": 2, "copies": 64, "bytes": 4194304}
{"mock_phase": "read_complete", "rank": 2, "ret": 0, "bytes": 4194304}
{"mock_phase": "before_read", "rank": 2, "copies": 64, "bytes": 4194304}
{"mock_phase": "read_complete", "rank": 2, "ret": 0, "bytes": 4194304}
{"mock_phase": "before_read", "rank": 2, "copies": 64, "bytes": 524288}
{"mock_phase": "read_complete", "rank": 2, "ret": 0, "bytes": 524288}
{"mock_phase": "before_read", "rank": 2, "copies": 64, "bytes": 524288}
{"mock_phase": "read_complete", "rank": 2, "ret": 0, "bytes": 524288}
{"mock_phase": "before_read", "rank": 2, "copies": 64, "bytes": 8192}
{"mock_phase": "read_complete", "rank": 2, "ret": 0, "bytes": 8192}
{"mock_phase": "before_read", "rank": 2, "copies": 64, "bytes": 8192}
{"mock_phase": "read_complete", "rank": 2, "ret": 0, "bytes": 8192}
{"mock_phase": "before_read", "rank": 2, "copies": 64, "bytes": 4194304}
{"mock_phase": "read_complete", "rank": 2, "ret": 0, "bytes": 4194304}
{"mock_phase": "before_read", "rank": 2, "copies": 64, "bytes": 4194304}
{"mock_phase": "read_complete", "rank": 2, "ret": 0, "bytes": 4194304}
{"mock_phase": "before_read", "rank": 2, "copies": 64, "bytes": 524288}
{"mock_phase": "read_complete", "rank": 2, "ret": 0, "bytes": 524288}
{"mock_phase": "before_read", "rank": 2, "copies": 64, "bytes": 524288}
{"mock_phase": "read_complete", "rank": 2, "ret": 0, "bytes": 524288}
{"mock_phase": "before_read", "rank": 2, "copies": 64, "bytes": 8192}
{"mock_phase": "read_complete", "rank": 2, "ret": 0, "bytes": 8192}
{"mock_phase": "before_read", "rank": 2, "copies": 64, "bytes": 8192}
{"mock_phase": "read_complete", "rank": 2, "ret": 0, "bytes": 8192}
{"mock_phase": "before_read", "rank": 2, "copies": 64, "bytes": 8388608}
{"mock_phase": "read_complete", "rank": 2, "ret": 0, "bytes": 8388608}
{"mock_phase": "before_read", "rank": 2, "copies": 64, "bytes": 8388608}
{"mock_phase": "read_complete", "rank": 2, "ret": 0, "bytes": 8388608}
{"mock_phase": "before_read", "rank": 2, "copies": 64, "bytes": 1048576}
{"mock_phase": "read_complete", "rank": 2, "ret": 0, "bytes": 1048576}
{"mock_phase": "before_read", "rank": 2, "copies": 64, "bytes": 1048576}
{"mock_phase": "read_complete", "rank": 2, "ret": 0, "bytes": 1048576}
{"mock_phase": "before_read", "rank": 2, "copies": 64, "bytes": 16384}
{"mock_phase": "read_complete", "rank": 2, "ret": 0, "bytes": 16384}
{"mock_phase": "before_read", "rank": 2, "copies": 64, "bytes": 16384}
{"mock_phase": "read_complete", "rank": 2, "ret": 0, "bytes": 16384}
{"mock_phase": "before_read", "rank": 2, "copies": 43, "bytes": 5636096}
{"mock_phase": "read_complete", "rank": 2, "ret": 0, "bytes": 5636096}
{"mock_phase": "planned", "request_id": "cmpl-b1b8b158c451f86e-0-beaeda95", "rank": 3, "pages": 1579, "bytes": 52903936}
{"mock_phase": "before_read", "rank": 3, "copies": 64, "bytes": 4194304}
{"mock_phase": "read_complete", "rank": 3, "ret": 0, "bytes": 4194304}
{"mock_phase": "before_read", "rank": 3, "copies": 64, "bytes": 4194304}
{"mock_phase": "read_complete", "rank": 3, "ret": 0, "bytes": 4194304}
{"mock_phase": "before_read", "rank": 3, "copies": 64, "bytes": 524288}
{"mock_phase": "read_complete", "rank": 3, "ret": 0, "bytes": 524288}
{"mock_phase": "before_read", "rank": 3, "copies": 64, "bytes": 524288}
{"mock_phase": "read_complete", "rank": 3, "ret": 0, "bytes": 524288}
{"mock_phase": "before_read", "rank": 3, "copies": 64, "bytes": 8192}
{"mock_phase": "read_complete", "rank": 3, "ret": 0, "bytes": 8192}
{"mock_phase": "before_read", "rank": 3, "copies": 64, "bytes": 8192}
{"mock_phase": "read_complete", "rank": 3, "ret": 0, "bytes": 8192}
{"mock_phase": "before_read", "rank": 3, "copies": 64, "bytes": 4194304}
{"mock_phase": "read_complete", "rank": 3, "ret": 0, "bytes": 4194304}
{"mock_phase": "before_read", "rank": 3, "copies": 64, "bytes": 4194304}
{"mock_phase": "read_complete", "rank": 3, "ret": 0, "bytes": 4194304}
{"mock_phase": "before_read", "rank": 3, "copies": 64, "bytes": 524288}
{"mock_phase": "read_complete", "rank": 3, "ret": 0, "bytes": 524288}
{"mock_phase": "before_read", "rank": 3, "copies": 64, "bytes": 524288}
{"mock_phase": "read_complete", "rank": 3, "ret": 0, "bytes": 524288}
{"mock_phase": "before_read", "rank": 3, "copies": 64, "bytes": 8192}
{"mock_phase": "read_complete", "rank": 3, "ret": 0, "bytes": 8192}
{"mock_phase": "before_read", "rank": 3, "copies": 64, "bytes": 8192}
{"mock_phase": "read_complete", "rank": 3, "ret": 0, "bytes": 8192}
{"mock_phase": "before_read", "rank": 3, "copies": 64, "bytes": 4194304}
{"mock_phase": "read_complete", "rank": 3, "ret": 0, "bytes": 4194304}
{"mock_phase": "before_read", "rank": 3, "copies": 64, "bytes": 4194304}
{"mock_phase": "read_complete", "rank": 3, "ret": 0, "bytes": 4194304}
{"mock_phase": "before_read", "rank": 3, "copies": 64, "bytes": 524288}
{"mock_phase": "read_complete", "rank": 3, "ret": 0, "bytes": 524288}
{"mock_phase": "before_read", "rank": 3, "copies": 64, "bytes": 524288}
{"mock_phase": "read_complete", "rank": 3, "ret": 0, "bytes": 524288}
{"mock_phase": "before_read", "rank": 3, "copies": 64, "bytes": 8192}
{"mock_phase": "read_complete", "rank": 3, "ret": 0, "bytes": 8192}
{"mock_phase": "before_read", "rank": 3, "copies": 64, "bytes": 8192}
{"mock_phase": "read_complete", "rank": 3, "ret": 0, "bytes": 8192}
{"mock_phase": "before_read", "rank": 3, "copies": 64, "bytes": 8388608}
{"mock_phase": "read_complete", "rank": 3, "ret": 0, "bytes": 8388608}
{"mock_phase": "before_read", "rank": 3, "copies": 64, "bytes": 8388608}
{"mock_phase": "read_complete", "rank": 3, "ret": 0, "bytes": 8388608}
{"mock_phase": "before_read", "rank": 3, "copies": 64, "bytes": 1048576}
{"mock_phase": "read_complete", "rank": 3, "ret": 0, "bytes": 1048576}
{"mock_phase": "before_read", "rank": 3, "copies": 64, "bytes": 1048576}
{"mock_phase": "read_complete", "rank": 3, "ret": 0, "bytes": 1048576}
{"mock_phase": "before_read", "rank": 3, "copies": 64, "bytes": 16384}
{"mock_phase": "read_complete", "rank": 3, "ret": 0, "bytes": 16384}
{"mock_phase": "before_read", "rank": 3, "copies": 64, "bytes": 16384}
{"mock_phase": "read_complete", "rank": 3, "ret": 0, "bytes": 16384}
{"mock_phase": "before_read", "rank": 3, "copies": 43, "bytes": 5636096}
{"mock_phase": "read_complete", "rank": 3, "ret": 0, "bytes": 5636096}
{"mock_phase": "planned", "request_id": "cmpl-b1b8b158c451f86e-0-beaeda95", "rank": 4, "pages": 1579, "bytes": 52903936}
{"mock_phase": "before_read", "rank": 4, "copies": 64, "bytes": 4194304}
{"mock_phase": "read_complete", "rank": 4, "ret": 0, "bytes": 4194304}
{"mock_phase": "before_read", "rank": 4, "copies": 64, "bytes": 4194304}
{"mock_phase": "read_complete", "rank": 4, "ret": 0, "bytes": 4194304}
{"mock_phase": "before_read", "rank": 4, "copies": 64, "bytes": 524288}
{"mock_phase": "read_complete", "rank": 4, "ret": 0, "bytes": 524288}
{"mock_phase": "before_read", "rank": 4, "copies": 64, "bytes": 524288}
{"mock_phase": "read_complete", "rank": 4, "ret": 0, "bytes": 524288}
{"mock_phase": "before_read", "rank": 4, "copies": 64, "bytes": 8192}
{"mock_phase": "read_complete", "rank": 4, "ret": 0, "bytes": 8192}
{"mock_phase": "before_read", "rank": 4, "copies": 64, "bytes": 8192}
{"mock_phase": "read_complete", "rank": 4, "ret": 0, "bytes": 8192}
{"mock_phase": "before_read", "rank": 4, "copies": 64, "bytes": 4194304}
{"mock_phase": "read_complete", "rank": 4, "ret": 0, "bytes": 4194304}
{"mock_phase": "before_read", "rank": 4, "copies": 64, "bytes": 4194304}
{"mock_phase": "read_complete", "rank": 4, "ret": 0, "bytes": 4194304}
{"mock_phase": "before_read", "rank": 4, "copies": 64, "bytes": 524288}
{"mock_phase": "read_complete", "rank": 4, "ret": 0, "bytes": 524288}
{"mock_phase": "before_read", "rank": 4, "copies": 64, "bytes": 524288}
{"mock_phase": "read_complete", "rank": 4, "ret": 0, "bytes": 524288}
{"mock_phase": "before_read", "rank": 4, "copies": 64, "bytes": 8192}
{"mock_phase": "read_complete", "rank": 4, "ret": 0, "bytes": 8192}
{"mock_phase": "before_read", "rank": 4, "copies": 64, "bytes": 8192}
{"mock_phase": "read_complete", "rank": 4, "ret": 0, "bytes": 8192}
{"mock_phase": "before_read", "rank": 4, "copies": 64, "bytes": 4194304}
{"mock_phase": "read_complete", "rank": 4, "ret": 0, "bytes": 4194304}
{"mock_phase": "before_read", "rank": 4, "copies": 64, "bytes": 4194304}
{"mock_phase": "read_complete", "rank": 4, "ret": 0, "bytes": 4194304}
{"mock_phase": "before_read", "rank": 4, "copies": 64, "bytes": 524288}
{"mock_phase": "read_complete", "rank": 4, "ret": 0, "bytes": 524288}
{"mock_phase": "before_read", "rank": 4, "copies": 64, "bytes": 524288}
{"mock_phase": "read_complete", "rank": 4, "ret": 0, "bytes": 524288}
{"mock_phase": "before_read", "rank": 4, "copies": 64, "bytes": 8192}
{"mock_phase": "read_complete", "rank": 4, "ret": 0, "bytes": 8192}
{"mock_phase": "before_read", "rank": 4, "copies": 64, "bytes": 8192}
{"mock_phase": "read_complete", "rank": 4, "ret": 0, "bytes": 8192}
{"mock_phase": "before_read", "rank": 4, "copies": 64, "bytes": 8388608}
{"mock_phase": "read_complete", "rank": 4, "ret": 0, "bytes": 8388608}
{"mock_phase": "before_read", "rank": 4, "copies": 64, "bytes": 8388608}
{"mock_phase": "read_complete", "rank": 4, "ret": 0, "bytes": 8388608}
{"mock_phase": "before_read", "rank": 4, "copies": 64, "bytes": 1048576}
{"mock_phase": "read_complete", "rank": 4, "ret": 0, "bytes": 1048576}
{"mock_phase": "before_read", "rank": 4, "copies": 64, "bytes": 1048576}
{"mock_phase": "read_complete", "rank": 4, "ret": 0, "bytes": 1048576}
{"mock_phase": "before_read", "rank": 4, "copies": 64, "bytes": 16384}
{"mock_phase": "read_complete", "rank": 4, "ret": 0, "bytes": 16384}
{"mock_phase": "before_read", "rank": 4, "copies": 64, "bytes": 16384}
{"mock_phase": "read_complete", "rank": 4, "ret": 0, "bytes": 16384}
{"mock_phase": "before_read", "rank": 4, "copies": 43, "bytes": 5636096}
{"mock_phase": "read_complete", "rank": 4, "ret": 0, "bytes": 5636096}
{"mock_phase": "planned", "request_id": "cmpl-b1b8b158c451f86e-0-beaeda95", "rank": 5, "pages": 1579, "bytes": 52903936}
{"mock_phase": "before_read", "rank": 5, "copies": 64, "bytes": 4194304}
{"mock_phase": "read_complete", "rank": 5, "ret": 0, "bytes": 4194304}
{"mock_phase": "before_read", "rank": 5, "copies": 64, "bytes": 4194304}
{"mock_phase": "read_complete", "rank": 5, "ret": 0, "bytes": 4194304}
{"mock_phase": "before_read", "rank": 5, "copies": 64, "bytes": 524288}
{"mock_phase": "read_complete", "rank": 5, "ret": 0, "bytes": 524288}
{"mock_phase": "before_read", "rank": 5, "copies": 64, "bytes": 524288}
{"mock_phase": "read_complete", "rank": 5, "ret": 0, "bytes": 524288}
{"mock_phase": "before_read", "rank": 5, "copies": 64, "bytes": 8192}
{"mock_phase": "read_complete", "rank": 5, "ret": 0, "bytes": 8192}
{"mock_phase": "before_read", "rank": 5, "copies": 64, "bytes": 8192}
{"mock_phase": "read_complete", "rank": 5, "ret": 0, "bytes": 8192}
{"mock_phase": "before_read", "rank": 5, "copies": 64, "bytes": 4194304}
{"mock_phase": "read_complete", "rank": 5, "ret": 0, "bytes": 4194304}
{"mock_phase": "before_read", "rank": 5, "copies": 64, "bytes": 4194304}
{"mock_phase": "read_complete", "rank": 5, "ret": 0, "bytes": 4194304}
{"mock_phase": "before_read", "rank": 5, "copies": 64, "bytes": 524288}
{"mock_phase": "read_complete", "rank": 5, "ret": 0, "bytes": 524288}
{"mock_phase": "before_read", "rank": 5, "copies": 64, "bytes": 524288}
{"mock_phase": "read_complete", "rank": 5, "ret": 0, "bytes": 524288}
{"mock_phase": "before_read", "rank": 5, "copies": 64, "bytes": 8192}
{"mock_phase": "read_complete", "rank": 5, "ret": 0, "bytes": 8192}
{"mock_phase": "before_read", "rank": 5, "copies": 64, "bytes": 8192}
{"mock_phase": "read_complete", "rank": 5, "ret": 0, "bytes": 8192}
{"mock_phase": "before_read", "rank": 5, "copies": 64, "bytes": 4194304}
{"mock_phase": "read_complete", "rank": 5, "ret": 0, "bytes": 4194304}
{"mock_phase": "before_read", "rank": 5, "copies": 64, "bytes": 4194304}
{"mock_phase": "read_complete", "rank": 5, "ret": 0, "bytes": 4194304}
{"mock_phase": "before_read", "rank": 5, "copies": 64, "bytes": 524288}
{"mock_phase": "read_complete", "rank": 5, "ret": 0, "bytes": 524288}
{"mock_phase": "before_read", "rank": 5, "copies": 64, "bytes": 524288}
{"mock_phase": "read_complete", "rank": 5, "ret": 0, "bytes": 524288}
{"mock_phase": "before_read", "rank": 5, "copies": 64, "bytes": 8192}
{"mock_phase": "read_complete", "rank": 5, "ret": 0, "bytes": 8192}
{"mock_phase": "before_read", "rank": 5, "copies": 64, "bytes": 8192}
{"mock_phase": "read_complete", "rank": 5, "ret": 0, "bytes": 8192}
{"mock_phase": "before_read", "rank": 5, "copies": 64, "bytes": 8388608}
{"mock_phase": "read_complete", "rank": 5, "ret": 0, "bytes": 8388608}
{"mock_phase": "before_read", "rank": 5, "copies": 64, "bytes": 8388608}
{"mock_phase": "read_complete", "rank": 5, "ret": 0, "bytes": 8388608}
{"mock_phase": "before_read", "rank": 5, "copies": 64, "bytes": 1048576}
{"mock_phase": "read_complete", "rank": 5, "ret": 0, "bytes": 1048576}
{"mock_phase": "before_read", "rank": 5, "copies": 64, "bytes": 1048576}
{"mock_phase": "read_complete", "rank": 5, "ret": 0, "bytes": 1048576}
{"mock_phase": "before_read", "rank": 5, "copies": 64, "bytes": 16384}
{"mock_phase": "read_complete", "rank": 5, "ret": 0, "bytes": 16384}
{"mock_phase": "before_read", "rank": 5, "copies": 64, "bytes": 16384}
{"mock_phase": "read_complete", "rank": 5, "ret": 0, "bytes": 16384}
{"mock_phase": "before_read", "rank": 5, "copies": 43, "bytes": 5636096}
{"mock_phase": "read_complete", "rank": 5, "ret": 0, "bytes": 5636096}
{"mock_phase": "planned", "request_id": "cmpl-b1b8b158c451f86e-0-beaeda95", "rank": 6, "pages": 1579, "bytes": 52903936}
{"mock_phase": "before_read", "rank": 6, "copies": 64, "bytes": 4194304}
{"mock_phase": "read_complete", "rank": 6, "ret": 0, "bytes": 4194304}
{"mock_phase": "before_read", "rank": 6, "copies": 64, "bytes": 4194304}
{"mock_phase": "read_complete", "rank": 6, "ret": 0, "bytes": 4194304}
{"mock_phase": "before_read", "rank": 6, "copies": 64, "bytes": 524288}
{"mock_phase": "read_complete", "rank": 6, "ret": 0, "bytes": 524288}
{"mock_phase": "before_read", "rank": 6, "copies": 64, "bytes": 524288}
{"mock_phase": "read_complete", "rank": 6, "ret": 0, "bytes": 524288}
{"mock_phase": "before_read", "rank": 6, "copies": 64, "bytes": 8192}
{"mock_phase": "read_complete", "rank": 6, "ret": 0, "bytes": 8192}
{"mock_phase": "before_read", "rank": 6, "copies": 64, "bytes": 8192}
{"mock_phase": "read_complete", "rank": 6, "ret": 0, "bytes": 8192}
{"mock_phase": "before_read", "rank": 6, "copies": 64, "bytes": 4194304}
{"mock_phase": "read_complete", "rank": 6, "ret": 0, "bytes": 4194304}
{"mock_phase": "before_read", "rank": 6, "copies": 64, "bytes": 4194304}
{"mock_phase": "read_complete", "rank": 6, "ret": 0, "bytes": 4194304}
{"mock_phase": "before_read", "rank": 6, "copies": 64, "bytes": 524288}
{"mock_phase": "read_complete", "rank": 6, "ret": 0, "bytes": 524288}
{"mock_phase": "before_read", "rank": 6, "copies": 64, "bytes": 524288}
{"mock_phase": "read_complete", "rank": 6, "ret": 0, "bytes": 524288}
{"mock_phase": "before_read", "rank": 6, "copies": 64, "bytes": 8192}
{"mock_phase": "read_complete", "rank": 6, "ret": 0, "bytes": 8192}
{"mock_phase": "before_read", "rank": 6, "copies": 64, "bytes": 8192}
{"mock_phase": "read_complete", "rank": 6, "ret": 0, "bytes": 8192}
{"mock_phase": "before_read", "rank": 6, "copies": 64, "bytes": 4194304}
{"mock_phase": "read_complete", "rank": 6, "ret": 0, "bytes": 4194304}
{"mock_phase": "before_read", "rank": 6, "copies": 64, "bytes": 4194304}
{"mock_phase": "read_complete", "rank": 6, "ret": 0, "bytes": 4194304}
{"mock_phase": "before_read", "rank": 6, "copies": 64, "bytes": 524288}
{"mock_phase": "read_complete", "rank": 6, "ret": 0, "bytes": 524288}
{"mock_phase": "before_read", "rank": 6, "copies": 64, "bytes": 524288}
{"mock_phase": "read_complete", "rank": 6, "ret": 0, "bytes": 524288}
{"mock_phase": "before_read", "rank": 6, "copies": 64, "bytes": 8192}
{"mock_phase": "read_complete", "rank": 6, "ret": 0, "bytes": 8192}
{"mock_phase": "before_read", "rank": 6, "copies": 64, "bytes": 8192}
{"mock_phase": "read_complete", "rank": 6, "ret": 0, "bytes": 8192}
{"mock_phase": "before_read", "rank": 6, "copies": 64, "bytes": 8388608}
{"mock_phase": "read_complete", "rank": 6, "ret": 0, "bytes": 8388608}
{"mock_phase": "before_read", "rank": 6, "copies": 64, "bytes": 8388608}
{"mock_phase": "read_complete", "rank": 6, "ret": 0, "bytes": 8388608}
{"mock_phase": "before_read", "rank": 6, "copies": 64, "bytes": 1048576}
{"mock_phase": "read_complete", "rank": 6, "ret": 0, "bytes": 1048576}
{"mock_phase": "before_read", "rank": 6, "copies": 64, "bytes": 1048576}
{"mock_phase": "read_complete", "rank": 6, "ret": 0, "bytes": 1048576}
{"mock_phase": "before_read", "rank": 6, "copies": 64, "bytes": 16384}
{"mock_phase": "read_complete", "rank": 6, "ret": 0, "bytes": 16384}
{"mock_phase": "before_read", "rank": 6, "copies": 64, "bytes": 16384}
{"mock_phase": "read_complete", "rank": 6, "ret": 0, "bytes": 16384}
{"mock_phase": "before_read", "rank": 6, "copies": 43, "bytes": 5636096}
{"mock_phase": "read_complete", "rank": 6, "ret": 0, "bytes": 5636096}
{"mock_phase": "planned", "request_id": "cmpl-b1b8b158c451f86e-0-beaeda95", "rank": 7, "pages": 1579, "bytes": 52903936}
{"mock_phase": "before_read", "rank": 7, "copies": 64, "bytes": 4194304}
{"mock_phase": "read_complete", "rank": 7, "ret": 0, "bytes": 4194304}
{"mock_phase": "before_read", "rank": 7, "copies": 64, "bytes": 4194304}
{"mock_phase": "read_complete", "rank": 7, "ret": 0, "bytes": 4194304}
{"mock_phase": "before_read", "rank": 7, "copies": 64, "bytes": 524288}
{"mock_phase": "read_complete", "rank": 7, "ret": 0, "bytes": 524288}
{"mock_phase": "before_read", "rank": 7, "copies": 64, "bytes": 524288}
{"mock_phase": "read_complete", "rank": 7, "ret": 0, "bytes": 524288}
{"mock_phase": "before_read", "rank": 7, "copies": 64, "bytes": 8192}
{"mock_phase": "read_complete", "rank": 7, "ret": 0, "bytes": 8192}
{"mock_phase": "before_read", "rank": 7, "copies": 64, "bytes": 8192}
{"mock_phase": "read_complete", "rank": 7, "ret": 0, "bytes": 8192}
{"mock_phase": "before_read", "rank": 7, "copies": 64, "bytes": 4194304}
{"mock_phase": "read_complete", "rank": 7, "ret": 0, "bytes": 4194304}
{"mock_phase": "before_read", "rank": 7, "copies": 64, "bytes": 4194304}
{"mock_phase": "read_complete", "rank": 7, "ret": 0, "bytes": 4194304}
{"mock_phase": "before_read", "rank": 7, "copies": 64, "bytes": 524288}
{"mock_phase": "read_complete", "rank": 7, "ret": 0, "bytes": 524288}
{"mock_phase": "before_read", "rank": 7, "copies": 64, "bytes": 524288}
{"mock_phase": "read_complete", "rank": 7, "ret": 0, "bytes": 524288}
{"mock_phase": "before_read", "rank": 7, "copies": 64, "bytes": 8192}
{"mock_phase": "read_complete", "rank": 7, "ret": 0, "bytes": 8192}
{"mock_phase": "before_read", "rank": 7, "copies": 64, "bytes": 8192}
{"mock_phase": "read_complete", "rank": 7, "ret": 0, "bytes": 8192}
{"mock_phase": "before_read", "rank": 7, "copies": 64, "bytes": 4194304}
{"mock_phase": "read_complete", "rank": 7, "ret": 0, "bytes": 4194304}
{"mock_phase": "before_read", "rank": 7, "copies": 64, "bytes": 4194304}
{"mock_phase": "read_complete", "rank": 7, "ret": 0, "bytes": 4194304}
{"mock_phase": "before_read", "rank": 7, "copies": 64, "bytes": 524288}
{"mock_phase": "read_complete", "rank": 7, "ret": 0, "bytes": 524288}
{"mock_phase": "before_read", "rank": 7, "copies": 64, "bytes": 524288}
{"mock_phase": "read_complete", "rank": 7, "ret": 0, "bytes": 524288}
{"mock_phase": "before_read", "rank": 7, "copies": 64, "bytes": 8192}
{"mock_phase": "read_complete", "rank": 7, "ret": 0, "bytes": 8192}
{"mock_phase": "before_read", "rank": 7, "copies": 64, "bytes": 8192}
{"mock_phase": "read_complete", "rank": 7, "ret": 0, "bytes": 8192}
{"mock_phase": "before_read", "rank": 7, "copies": 64, "bytes": 8388608}
{"mock_phase": "read_complete", "rank": 7, "ret": 0, "bytes": 8388608}
{"mock_phase": "before_read", "rank": 7, "copies": 64, "bytes": 8388608}
{"mock_phase": "read_complete", "rank": 7, "ret": 0, "bytes": 8388608}
{"mock_phase": "before_read", "rank": 7, "copies": 64, "bytes": 1048576}
{"mock_phase": "read_complete", "rank": 7, "ret": 0, "bytes": 1048576}
{"mock_phase": "before_read", "rank": 7, "copies": 64, "bytes": 1048576}
{"mock_phase": "read_complete", "rank": 7, "ret": 0, "bytes": 1048576}
{"mock_phase": "before_read", "rank": 7, "copies": 64, "bytes": 16384}
{"mock_phase": "read_complete", "rank": 7, "ret": 0, "bytes": 16384}
{"mock_phase": "before_read", "rank": 7, "copies": 64, "bytes": 16384}
{"mock_phase": "read_complete", "rank": 7, "ret": 0, "bytes": 16384}
{"mock_phase": "before_read", "rank": 7, "copies": 43, "bytes": 5636096}
{"mock_phase": "read_complete", "rank": 7, "ret": 0, "bytes": 5636096}
{"ok": true, "request_id": "cmpl-b1b8b158c451f86e-0-beaeda95", "ranks": [{"rank": 0, "bytes": 52903936, "read_s": 0.013202849309891462, "hash_s": 0.06962648872286081, "nonzero_groups": [0, 1, 2, 3, 4, 5, 6]}, {"rank": 1, "bytes": 52903936, "read_s": 0.013060371857136488, "hash_s": 0.06956115132197738, "nonzero_groups": [0, 1, 2, 3, 4, 5, 6]}, {"rank": 2, "bytes": 52903936, "read_s": 0.012033631093800068, "hash_s": 0.07071058079600334, "nonzero_groups": [0, 1, 2, 3, 4, 5, 6]}, {"rank": 3, "bytes": 52903936, "read_s": 0.0120509909465909, "hash_s": 0.06862235022708774, "nonzero_groups": [0, 1, 2, 3, 4, 5, 6]}, {"rank": 4, "bytes": 52903936, "read_s": 0.012426619417965412, "hash_s": 0.07052365923300385, "nonzero_groups": [0, 1, 2, 3, 4, 5, 6]}, {"rank": 5, "bytes": 52903936, "read_s": 0.012034120969474316, "hash_s": 0.06999930832535028, "nonzero_groups": [0, 1, 2, 3, 4, 5, 6]}, {"rank": 6, "bytes": 52903936, "read_s": 0.01199911069124937, "hash_s": 0.07076272135600448, "nonzero_groups": [0, 1, 2, 3, 4, 5, 6]}, {"rank": 7, "bytes": 52903936, "read_s": 0.01208711788058281, "hash_s": 0.07071475079283118, "nonzero_groups": [0, 1, 2, 3, 4, 5, 6]}], "bytes": 423231488, "consume_s": 0.7132123899646103, "ack_s": 0.0017253397963941097, "total_s": 0.7149379099719226, "hold_ms": 0}
127.0.0.1 - - [09/Oct/2026 07:58:49] "POST /consume HTTP/1.1" 200 -
{"mock_phase": "planned", "request_id": "cmpl-a19db99d0618a115-0-be7c9762", "rank": 0, "pages": 1579, "bytes": 52903936}
{"mock_phase": "before_read", "rank": 0, "copies": 64, "bytes": 4194304}
{"mock_phase": "read_complete", "rank": 0, "ret": 0, "bytes": 4194304}
{"mock_phase": "before_read", "rank": 0, "copies": 64, "bytes": 4194304}
{"mock_phase": "read_complete", "rank": 0, "ret": 0, "bytes": 4194304}
{"mock_phase": "before_read", "rank": 0, "copies": 64, "bytes": 524288}
{"mock_phase": "read_complete", "rank": 0, "ret": 0, "bytes": 524288}
{"mock_phase": "before_read", "rank": 0, "copies": 64, "bytes": 524288}
{"mock_phase": "read_complete", "rank": 0, "ret": 0, "bytes": 524288}
{"mock_phase": "before_read", "rank": 0, "copies": 64, "bytes": 8192}
{"mock_phase": "read_complete", "rank": 0, "ret": 0, "bytes": 8192}
{"mock_phase": "before_read", "rank": 0, "copies": 64, "bytes": 8192}
{"mock_phase": "read_complete", "rank": 0, "ret": 0, "bytes": 8192}
{"mock_phase": "before_read", "rank": 0, "copies": 64, "bytes": 4194304}
{"mock_phase": "read_complete", "rank": 0, "ret": 0, "bytes": 4194304}
{"mock_phase": "before_read", "rank": 0, "copies": 64, "bytes": 4194304}
{"mock_phase": "read_complete", "rank": 0, "ret": 0, "bytes": 4194304}
{"mock_phase": "before_read", "rank": 0, "copies": 64, "bytes": 524288}
{"mock_phase": "read_complete", "rank": 0, "ret": 0, "bytes": 524288}
{"mock_phase": "before_read", "rank": 0, "copies": 64, "bytes": 524288}
{"mock_phase": "read_complete", "rank": 0, "ret": 0, "bytes": 524288}
{"mock_phase": "before_read", "rank": 0, "copies": 64, "bytes": 8192}
{"mock_phase": "read_complete", "rank": 0, "ret": 0, "bytes": 8192}
{"mock_phase": "before_read", "rank": 0, "copies": 64, "bytes": 8192}
{"mock_phase": "read_complete", "rank": 0, "ret": 0, "bytes": 8192}
{"mock_phase": "before_read", "rank": 0, "copies": 64, "bytes": 4194304}
{"mock_phase": "read_complete", "rank": 0, "ret": 0, "bytes": 4194304}
{"mock_phase": "before_read", "rank": 0, "copies": 64, "bytes": 4194304}
{"mock_phase": "read_complete", "rank": 0, "ret": 0, "bytes": 4194304}
{"mock_phase": "before_read", "rank": 0, "copies": 64, "bytes": 524288}
{"mock_phase": "read_complete", "rank": 0, "ret": 0, "bytes": 524288}
{"mock_phase": "before_read", "rank": 0, "copies": 64, "bytes": 524288}
{"mock_phase": "read_complete", "rank": 0, "ret": 0, "bytes": 524288}
{"mock_phase": "before_read", "rank": 0, "copies": 64, "bytes": 8192}
{"mock_phase": "read_complete", "rank": 0, "ret": 0, "bytes": 8192}
{"mock_phase": "before_read", "rank": 0, "copies": 64, "bytes": 8192}
{"mock_phase": "read_complete", "rank": 0, "ret": 0, "bytes": 8192}
{"mock_phase": "before_read", "rank": 0, "copies": 64, "bytes": 8388608}
{"mock_phase": "read_complete", "rank": 0, "ret": 0, "bytes": 8388608}
{"mock_phase": "before_read", "rank": 0, "copies": 64, "bytes": 8388608}
{"mock_phase": "read_complete", "rank": 0, "ret": 0, "bytes": 8388608}
{"mock_phase": "before_read", "rank": 0, "copies": 64, "bytes": 1048576}
{"mock_phase": "read_complete", "rank": 0, "ret": 0, "bytes": 1048576}
{"mock_phase": "before_read", "rank": 0, "copies": 64, "bytes": 1048576}
{"mock_phase": "read_complete", "rank": 0, "ret": 0, "bytes": 1048576}
{"mock_phase": "before_read", "rank": 0, "copies": 64, "bytes": 16384}
{"mock_phase": "read_complete", "rank": 0, "ret": 0, "bytes": 16384}
{"mock_phase": "before_read", "rank": 0, "copies": 64, "bytes": 16384}
{"mock_phase": "read_complete", "rank": 0, "ret": 0, "bytes": 16384}
{"mock_phase": "before_read", "rank": 0, "copies": 43, "bytes": 5636096}
{"mock_phase": "read_complete", "rank": 0, "ret": 0, "bytes": 5636096}
{"mock_phase": "planned", "request_id": "cmpl-a19db99d0618a115-0-be7c9762", "rank": 1, "pages": 1579, "bytes": 52903936}
{"mock_phase": "before_read", "rank": 1, "copies": 64, "bytes": 4194304}
{"mock_phase": "read_complete", "rank": 1, "ret": 0, "bytes": 4194304}
{"mock_phase": "before_read", "rank": 1, "copies": 64, "bytes": 4194304}
{"mock_phase": "read_complete", "rank": 1, "ret": 0, "bytes": 4194304}
{"mock_phase": "before_read", "rank": 1, "copies": 64, "bytes": 524288}
{"mock_phase": "read_complete", "rank": 1, "ret": 0, "bytes": 524288}
{"mock_phase": "before_read", "rank": 1, "copies": 64, "bytes": 524288}
{"mock_phase": "read_complete", "rank": 1, "ret": 0, "bytes": 524288}
{"mock_phase": "before_read", "rank": 1, "copies": 64, "bytes": 8192}
{"mock_phase": "read_complete", "rank": 1, "ret": 0, "bytes": 8192}
{"mock_phase": "before_read", "rank": 1, "copies": 64, "bytes": 8192}
{"mock_phase": "read_complete", "rank": 1, "ret": 0, "bytes": 8192}
{"mock_phase": "before_read", "rank": 1, "copies": 64, "bytes": 4194304}
{"mock_phase": "read_complete", "rank": 1, "ret": 0, "bytes": 4194304}
{"mock_phase": "before_read", "rank": 1, "copies": 64, "bytes": 4194304}
{"mock_phase": "read_complete", "rank": 1, "ret": 0, "bytes": 4194304}
{"mock_phase": "before_read", "rank": 1, "copies": 64, "bytes": 524288}
{"mock_phase": "read_complete", "rank": 1, "ret": 0, "bytes": 524288}
{"mock_phase": "before_read", "rank": 1, "copies": 64, "bytes": 524288}
{"mock_phase": "read_complete", "rank": 1, "ret": 0, "bytes": 524288}
{"mock_phase": "before_read", "rank": 1, "copies": 64, "bytes": 8192}
{"mock_phase": "read_complete", "rank": 1, "ret": 0, "bytes": 8192}
{"mock_phase": "before_read", "rank": 1, "copies": 64, "bytes": 8192}
{"mock_phase": "read_complete", "rank": 1, "ret": 0, "bytes": 8192}
{"mock_phase": "before_read", "rank": 1, "copies": 64, "bytes": 4194304}
{"mock_phase": "read_complete", "rank": 1, "ret": 0, "bytes": 4194304}
{"mock_phase": "before_read", "rank": 1, "copies": 64, "bytes": 4194304}
{"mock_phase": "read_complete", "rank": 1, "ret": 0, "bytes": 4194304}
{"mock_phase": "before_read", "rank": 1, "copies": 64, "bytes": 524288}
{"mock_phase": "read_complete", "rank": 1, "ret": 0, "bytes": 524288}
{"mock_phase": "before_read", "rank": 1, "copies": 64, "bytes": 524288}
{"mock_phase": "read_complete", "rank": 1, "ret": 0, "bytes": 524288}
{"mock_phase": "before_read", "rank": 1, "copies": 64, "bytes": 8192}
{"mock_phase": "read_complete", "rank": 1, "ret": 0, "bytes": 8192}
{"mock_phase": "before_read", "rank": 1, "copies": 64, "bytes": 8192}
{"mock_phase": "read_complete", "rank": 1, "ret": 0, "bytes": 8192}
{"mock_phase": "before_read", "rank": 1, "copies": 64, "bytes": 8388608}
{"mock_phase": "read_complete", "rank": 1, "ret": 0, "bytes": 8388608}
{"mock_phase": "before_read", "rank": 1, "copies": 64, "bytes": 8388608}
{"mock_phase": "read_complete", "rank": 1, "ret": 0, "bytes": 8388608}
{"mock_phase": "before_read", "rank": 1, "copies": 64, "bytes": 1048576}
{"mock_phase": "read_complete", "rank": 1, "ret": 0, "bytes": 1048576}
{"mock_phase": "before_read", "rank": 1, "copies": 64, "bytes": 1048576}
{"mock_phase": "read_complete", "rank": 1, "ret": 0, "bytes": 1048576}
{"mock_phase": "before_read", "rank": 1, "copies": 64, "bytes": 16384}
{"mock_phase": "read_complete", "rank": 1, "ret": 0, "bytes": 16384}
{"mock_phase": "before_read", "rank": 1, "copies": 64, "bytes": 16384}
{"mock_phase": "read_complete", "rank": 1, "ret": 0, "bytes": 16384}
{"mock_phase": "before_read", "rank": 1, "copies": 43, "bytes": 5636096}
{"mock_phase": "read_complete", "rank": 1, "ret": 0, "bytes": 5636096}
{"mock_phase": "planned", "request_id": "cmpl-a19db99d0618a115-0-be7c9762", "rank": 2, "pages": 1579, "bytes": 52903936}
{"mock_phase": "before_read", "rank": 2, "copies": 64, "bytes": 4194304}
{"mock_phase": "read_complete", "rank": 2, "ret": 0, "bytes": 4194304}
{"mock_phase": "before_read", "rank": 2, "copies": 64, "bytes": 4194304}
{"mock_phase": "read_complete", "rank": 2, "ret": 0, "bytes": 4194304}
{"mock_phase": "before_read", "rank": 2, "copies": 64, "bytes": 524288}
{"mock_phase": "read_complete", "rank": 2, "ret": 0, "bytes": 524288}
{"mock_phase": "before_read", "rank": 2, "copies": 64, "bytes": 524288}
{"mock_phase": "read_complete", "rank": 2, "ret": 0, "bytes": 524288}
{"mock_phase": "before_read", "rank": 2, "copies": 64, "bytes": 8192}
{"mock_phase": "read_complete", "rank": 2, "ret": 0, "bytes": 8192}
{"mock_phase": "before_read", "rank": 2, "copies": 64, "bytes": 8192}
{"mock_phase": "read_complete", "rank": 2, "ret": 0, "bytes": 8192}
{"mock_phase": "before_read", "rank": 2, "copies": 64, "bytes": 4194304}
{"mock_phase": "read_complete", "rank": 2, "ret": 0, "bytes": 4194304}
{"mock_phase": "before_read", "rank": 2, "copies": 64, "bytes": 4194304}
{"mock_phase": "read_complete", "rank": 2, "ret": 0, "bytes": 4194304}
{"mock_phase": "before_read", "rank": 2, "copies": 64, "bytes": 524288}
{"mock_phase": "read_complete", "rank": 2, "ret": 0, "bytes": 524288}
{"mock_phase": "before_read", "rank": 2, "copies": 64, "bytes": 524288}
{"mock_phase": "read_complete", "rank": 2, "ret": 0, "bytes": 524288}
{"mock_phase": "before_read", "rank": 2, "copies": 64, "bytes": 8192}
{"mock_phase": "read_complete", "rank": 2, "ret": 0, "bytes": 8192}
{"mock_phase": "before_read", "rank": 2, "copies": 64, "bytes": 8192}
{"mock_phase": "read_complete", "rank": 2, "ret": 0, "bytes": 8192}
{"mock_phase": "before_read", "rank": 2, "copies": 64, "bytes": 4194304}
{"mock_phase": "read_complete", "rank": 2, "ret": 0, "bytes": 4194304}
{"mock_phase": "before_read", "rank": 2, "copies": 64, "bytes": 4194304}
{"mock_phase": "read_complete", "rank": 2, "ret": 0, "bytes": 4194304}
{"mock_phase": "before_read", "rank": 2, "copies": 64, "bytes": 524288}
{"mock_phase": "read_complete", "rank": 2, "ret": 0, "bytes": 524288}
{"mock_phase": "before_read", "rank": 2, "copies": 64, "bytes": 524288}
{"mock_phase": "read_complete", "rank": 2, "ret": 0, "bytes": 524288}
{"mock_phase": "before_read", "rank": 2, "copies": 64, "bytes": 8192}
{"mock_phase": "read_complete", "rank": 2, "ret": 0, "bytes": 8192}
{"mock_phase": "before_read", "rank": 2, "copies": 64, "bytes": 8192}
{"mock_phase": "read_complete", "rank": 2, "ret": 0, "bytes": 8192}
{"mock_phase": "before_read", "rank": 2, "copies": 64, "bytes": 8388608}
{"mock_phase": "read_complete", "rank": 2, "ret": 0, "bytes": 8388608}
{"mock_phase": "before_read", "rank": 2, "copies": 64, "bytes": 8388608}
{"mock_phase": "read_complete", "rank": 2, "ret": 0, "bytes": 8388608}
{"mock_phase": "before_read", "rank": 2, "copies": 64, "bytes": 1048576}
{"mock_phase": "read_complete", "rank": 2, "ret": 0, "bytes": 1048576}
{"mock_phase": "before_read", "rank": 2, "copies": 64, "bytes": 1048576}
{"mock_phase": "read_complete", "rank": 2, "ret": 0, "bytes": 1048576}
{"mock_phase": "before_read", "rank": 2, "copies": 64, "bytes": 16384}
{"mock_phase": "read_complete", "rank": 2, "ret": 0, "bytes": 16384}
{"mock_phase": "before_read", "rank": 2, "copies": 64, "bytes": 16384}
{"mock_phase": "read_complete", "rank": 2, "ret": 0, "bytes": 16384}
{"mock_phase": "before_read", "rank": 2, "copies": 43, "bytes": 5636096}
{"mock_phase": "read_complete", "rank": 2, "ret": 0, "bytes": 5636096}
{"mock_phase": "planned", "request_id": "cmpl-a19db99d0618a115-0-be7c9762", "rank": 3, "pages": 1579, "bytes": 52903936}
{"mock_phase": "before_read", "rank": 3, "copies": 64, "bytes": 4194304}
{"mock_phase": "read_complete", "rank": 3, "ret": 0, "bytes": 4194304}
{"mock_phase": "before_read", "rank": 3, "copies": 64, "bytes": 4194304}
{"mock_phase": "read_complete", "rank": 3, "ret": 0, "bytes": 4194304}
{"mock_phase": "before_read", "rank": 3, "copies": 64, "bytes": 524288}
{"mock_phase": "read_complete", "rank": 3, "ret": 0, "bytes": 524288}
{"mock_phase": "before_read", "rank": 3, "copies": 64, "bytes": 524288}
{"mock_phase": "read_complete", "rank": 3, "ret": 0, "bytes": 524288}
{"mock_phase": "before_read", "rank": 3, "copies": 64, "bytes": 8192}
{"mock_phase": "read_complete", "rank": 3, "ret": 0, "bytes": 8192}
{"mock_phase": "before_read", "rank": 3, "copies": 64, "bytes": 8192}
{"mock_phase": "read_complete", "rank": 3, "ret": 0, "bytes": 8192}
{"mock_phase": "before_read", "rank": 3, "copies": 64, "bytes": 4194304}
{"mock_phase": "read_complete", "rank": 3, "ret": 0, "bytes": 4194304}
{"mock_phase": "before_read", "rank": 3, "copies": 64, "bytes": 4194304}
{"mock_phase": "read_complete", "rank": 3, "ret": 0, "bytes": 4194304}
{"mock_phase": "before_read", "rank": 3, "copies": 64, "bytes": 524288}
{"mock_phase": "read_complete", "rank": 3, "ret": 0, "bytes": 524288}
{"mock_phase": "before_read", "rank": 3, "copies": 64, "bytes": 524288}
{"mock_phase": "read_complete", "rank": 3, "ret": 0, "bytes": 524288}
{"mock_phase": "before_read", "rank": 3, "copies": 64, "bytes": 8192}
{"mock_phase": "read_complete", "rank": 3, "ret": 0, "bytes": 8192}
{"mock_phase": "before_read", "rank": 3, "copies": 64, "bytes": 8192}
{"mock_phase": "read_complete", "rank": 3, "ret": 0, "bytes": 8192}
{"mock_phase": "before_read", "rank": 3, "copies": 64, "bytes": 4194304}
{"mock_phase": "read_complete", "rank": 3, "ret": 0, "bytes": 4194304}
{"mock_phase": "before_read", "rank": 3, "copies": 64, "bytes": 4194304}
{"mock_phase": "read_complete", "rank": 3, "ret": 0, "bytes": 4194304}
{"mock_phase": "before_read", "rank": 3, "copies": 64, "bytes": 524288}
{"mock_phase": "read_complete", "rank": 3, "ret": 0, "bytes": 524288}
{"mock_phase": "before_read", "rank": 3, "copies": 64, "bytes": 524288}
{"mock_phase": "read_complete", "rank": 3, "ret": 0, "bytes": 524288}
{"mock_phase": "before_read", "rank": 3, "copies": 64, "bytes": 8192}
{"mock_phase": "read_complete", "rank": 3, "ret": 0, "bytes": 8192}
{"mock_phase": "before_read", "rank": 3, "copies": 64, "bytes": 8192}
{"mock_phase": "read_complete", "rank": 3, "ret": 0, "bytes": 8192}
{"mock_phase": "before_read", "rank": 3, "copies": 64, "bytes": 8388608}
{"mock_phase": "read_complete", "rank": 3, "ret": 0, "bytes": 8388608}
{"mock_phase": "before_read", "rank": 3, "copies": 64, "bytes": 8388608}
{"mock_phase": "read_complete", "rank": 3, "ret": 0, "bytes": 8388608}
{"mock_phase": "before_read", "rank": 3, "copies": 64, "bytes": 1048576}
{"mock_phase": "read_complete", "rank": 3, "ret": 0, "bytes": 1048576}
{"mock_phase": "before_read", "rank": 3, "copies": 64, "bytes": 1048576}
{"mock_phase": "read_complete", "rank": 3, "ret": 0, "bytes": 1048576}
{"mock_phase": "before_read", "rank": 3, "copies": 64, "bytes": 16384}
{"mock_phase": "read_complete", "rank": 3, "ret": 0, "bytes": 16384}
{"mock_phase": "before_read", "rank": 3, "copies": 64, "bytes": 16384}
{"mock_phase": "read_complete", "rank": 3, "ret": 0, "bytes": 16384}
{"mock_phase": "before_read", "rank": 3, "copies": 43, "bytes": 5636096}
{"mock_phase": "read_complete", "rank": 3, "ret": 0, "bytes": 5636096}
{"mock_phase": "planned", "request_id": "cmpl-a19db99d0618a115-0-be7c9762", "rank": 4, "pages": 1579, "bytes": 52903936}
{"mock_phase": "before_read", "rank": 4, "copies": 64, "bytes": 4194304}
{"mock_phase": "read_complete", "rank": 4, "ret": 0, "bytes": 4194304}
{"mock_phase": "before_read", "rank": 4, "copies": 64, "bytes": 4194304}
{"mock_phase": "read_complete", "rank": 4, "ret": 0, "bytes": 4194304}
{"mock_phase": "before_read", "rank": 4, "copies": 64, "bytes": 524288}
{"mock_phase": "read_complete", "rank": 4, "ret": 0, "bytes": 524288}
{"mock_phase": "before_read", "rank": 4, "copies": 64, "bytes": 524288}
{"mock_phase": "read_complete", "rank": 4, "ret": 0, "bytes": 524288}
{"mock_phase": "before_read", "rank": 4, "copies": 64, "bytes": 8192}
{"mock_phase": "read_complete", "rank": 4, "ret": 0, "bytes": 8192}
{"mock_phase": "before_read", "rank": 4, "copies": 64, "bytes": 8192}
{"mock_phase": "read_complete", "rank": 4, "ret": 0, "bytes": 8192}
{"mock_phase": "before_read", "rank": 4, "copies": 64, "bytes": 4194304}
{"mock_phase": "read_complete", "rank": 4, "ret": 0, "bytes": 4194304}
{"mock_phase": "before_read", "rank": 4, "copies": 64, "bytes": 4194304}
{"mock_phase": "read_complete", "rank": 4, "ret": 0, "bytes": 4194304}
{"mock_phase": "before_read", "rank": 4, "copies": 64, "bytes": 524288}
{"mock_phase": "read_complete", "rank": 4, "ret": 0, "bytes": 524288}
{"mock_phase": "before_read", "rank": 4, "copies": 64, "bytes": 524288}
{"mock_phase": "read_complete", "rank": 4, "ret": 0, "bytes": 524288}
{"mock_phase": "before_read", "rank": 4, "copies": 64, "bytes": 8192}
{"mock_phase": "read_complete", "rank": 4, "ret": 0, "bytes": 8192}
{"mock_phase": "before_read", "rank": 4, "copies": 64, "bytes": 8192}
{"mock_phase": "read_complete", "rank": 4, "ret": 0, "bytes": 8192}
{"mock_phase": "before_read", "rank": 4, "copies": 64, "bytes": 4194304}
{"mock_phase": "read_complete", "rank": 4, "ret": 0, "bytes": 4194304}
{"mock_phase": "before_read", "rank": 4, "copies": 64, "bytes": 4194304}
{"mock_phase": "read_complete", "rank": 4, "ret": 0, "bytes": 4194304}
{"mock_phase": "before_read", "rank": 4, "copies": 64, "bytes": 524288}
{"mock_phase": "read_complete", "rank": 4, "ret": 0, "bytes": 524288}
{"mock_phase": "before_read", "rank": 4, "copies": 64, "bytes": 524288}
{"mock_phase": "read_complete", "rank": 4, "ret": 0, "bytes": 524288}
{"mock_phase": "before_read", "rank": 4, "copies": 64, "bytes": 8192}
{"mock_phase": "read_complete", "rank": 4, "ret": 0, "bytes": 8192}
{"mock_phase": "before_read", "rank": 4, "copies": 64, "bytes": 8192}
{"mock_phase": "read_complete", "rank": 4, "ret": 0, "bytes": 8192}
{"mock_phase": "before_read", "rank": 4, "copies": 64, "bytes": 8388608}
{"mock_phase": "read_complete", "rank": 4, "ret": 0, "bytes": 8388608}
{"mock_phase": "before_read", "rank": 4, "copies": 64, "bytes": 8388608}
{"mock_phase": "read_complete", "rank": 4, "ret": 0, "bytes": 8388608}
{"mock_phase": "before_read", "rank": 4, "copies": 64, "bytes": 1048576}
{"mock_phase": "read_complete", "rank": 4, "ret": 0, "bytes": 1048576}
{"mock_phase": "before_read", "rank": 4, "copies": 64, "bytes": 1048576}
{"mock_phase": "read_complete", "rank": 4, "ret": 0, "bytes": 1048576}
{"mock_phase": "before_read", "rank": 4, "copies": 64, "bytes": 16384}
{"mock_phase": "read_complete", "rank": 4, "ret": 0, "bytes": 16384}
{"mock_phase": "before_read", "rank": 4, "copies": 64, "bytes": 16384}
{"mock_phase": "read_complete", "rank": 4, "ret": 0, "bytes": 16384}
{"mock_phase": "before_read", "rank": 4, "copies": 43, "bytes": 5636096}
{"mock_phase": "read_complete", "rank": 4, "ret": 0, "bytes": 5636096}
{"mock_phase": "planned", "request_id": "cmpl-a19db99d0618a115-0-be7c9762", "rank": 5, "pages": 1579, "bytes": 52903936}
{"mock_phase": "before_read", "rank": 5, "copies": 64, "bytes": 4194304}
{"mock_phase": "read_complete", "rank": 5, "ret": 0, "bytes": 4194304}
{"mock_phase": "before_read", "rank": 5, "copies": 64, "bytes": 4194304}
{"mock_phase": "read_complete", "rank": 5, "ret": 0, "bytes": 4194304}
{"mock_phase": "before_read", "rank": 5, "copies": 64, "bytes": 524288}
{"mock_phase": "read_complete", "rank": 5, "ret": 0, "bytes": 524288}
{"mock_phase": "before_read", "rank": 5, "copies": 64, "bytes": 524288}
{"mock_phase": "read_complete", "rank": 5, "ret": 0, "bytes": 524288}
{"mock_phase": "before_read", "rank": 5, "copies": 64, "bytes": 8192}
{"mock_phase": "read_complete", "rank": 5, "ret": 0, "bytes": 8192}
{"mock_phase": "before_read", "rank": 5, "copies": 64, "bytes": 8192}
{"mock_phase": "read_complete", "rank": 5, "ret": 0, "bytes": 8192}
{"mock_phase": "before_read", "rank": 5, "copies": 64, "bytes": 4194304}
{"mock_phase": "read_complete", "rank": 5, "ret": 0, "bytes": 4194304}
{"mock_phase": "before_read", "rank": 5, "copies": 64, "bytes": 4194304}
{"mock_phase": "read_complete", "rank": 5, "ret": 0, "bytes": 4194304}
{"mock_phase": "before_read", "rank": 5, "copies": 64, "bytes": 524288}
{"mock_phase": "read_complete", "rank": 5, "ret": 0, "bytes": 524288}
{"mock_phase": "before_read", "rank": 5, "copies": 64, "bytes": 524288}
{"mock_phase": "read_complete", "rank": 5, "ret": 0, "bytes": 524288}
{"mock_phase": "before_read", "rank": 5, "copies": 64, "bytes": 8192}
{"mock_phase": "read_complete", "rank": 5, "ret": 0, "bytes": 8192}
{"mock_phase": "before_read", "rank": 5, "copies": 64, "bytes": 8192}
{"mock_phase": "read_complete", "rank": 5, "ret": 0, "bytes": 8192}
{"mock_phase": "before_read", "rank": 5, "copies": 64, "bytes": 4194304}
{"mock_phase": "read_complete", "rank": 5, "ret": 0, "bytes": 4194304}
{"mock_phase": "before_read", "rank": 5, "copies": 64, "bytes": 4194304}
{"mock_phase": "read_complete", "rank": 5, "ret": 0, "bytes": 4194304}
{"mock_phase": "before_read", "rank": 5, "copies": 64, "bytes": 524288}
{"mock_phase": "read_complete", "rank": 5, "ret": 0, "bytes": 524288}
{"mock_phase": "before_read", "rank": 5, "copies": 64, "bytes": 524288}
{"mock_phase": "read_complete", "rank": 5, "ret": 0, "bytes": 524288}
{"mock_phase": "before_read", "rank": 5, "copies": 64, "bytes": 8192}
{"mock_phase": "read_complete", "rank": 5, "ret": 0, "bytes": 8192}
{"mock_phase": "before_read", "rank": 5, "copies": 64, "bytes": 8192}
{"mock_phase": "read_complete", "rank": 5, "ret": 0, "bytes": 8192}
{"mock_phase": "before_read", "rank": 5, "copies": 64, "bytes": 8388608}
{"mock_phase": "read_complete", "rank": 5, "ret": 0, "bytes": 8388608}
{"mock_phase": "before_read", "rank": 5, "copies": 64, "bytes": 8388608}
{"mock_phase": "read_complete", "rank": 5, "ret": 0, "bytes": 8388608}
{"mock_phase": "before_read", "rank": 5, "copies": 64, "bytes": 1048576}
{"mock_phase": "read_complete", "rank": 5, "ret": 0, "bytes": 1048576}
{"mock_phase": "before_read", "rank": 5, "copies": 64, "bytes": 1048576}
{"mock_phase": "read_complete", "rank": 5, "ret": 0, "bytes": 1048576}
{"mock_phase": "before_read", "rank": 5, "copies": 64, "bytes": 16384}
{"mock_phase": "read_complete", "rank": 5, "ret": 0, "bytes": 16384}
{"mock_phase": "before_read", "rank": 5, "copies": 64, "bytes": 16384}
{"mock_phase": "read_complete", "rank": 5, "ret": 0, "bytes": 16384}
{"mock_phase": "before_read", "rank": 5, "copies": 43, "bytes": 5636096}
{"mock_phase": "read_complete", "rank": 5, "ret": 0, "bytes": 5636096}
{"mock_phase": "planned", "request_id": "cmpl-a19db99d0618a115-0-be7c9762", "rank": 6, "pages": 1579, "bytes": 52903936}
{"mock_phase": "before_read", "rank": 6, "copies": 64, "bytes": 4194304}
{"mock_phase": "read_complete", "rank": 6, "ret": 0, "bytes": 4194304}
{"mock_phase": "before_read", "rank": 6, "copies": 64, "bytes": 4194304}
{"mock_phase": "read_complete", "rank": 6, "ret": 0, "bytes": 4194304}
{"mock_phase": "before_read", "rank": 6, "copies": 64, "bytes": 524288}
{"mock_phase": "read_complete", "rank": 6, "ret": 0, "bytes": 524288}
{"mock_phase": "before_read", "rank": 6, "copies": 64, "bytes": 524288}
{"mock_phase": "read_complete", "rank": 6, "ret": 0, "bytes": 524288}
{"mock_phase": "before_read", "rank": 6, "copies": 64, "bytes": 8192}
{"mock_phase": "read_complete", "rank": 6, "ret": 0, "bytes": 8192}
{"mock_phase": "before_read", "rank": 6, "copies": 64, "bytes": 8192}
{"mock_phase": "read_complete", "rank": 6, "ret": 0, "bytes": 8192}
{"mock_phase": "before_read", "rank": 6, "copies": 64, "bytes": 4194304}
{"mock_phase": "read_complete", "rank": 6, "ret": 0, "bytes": 4194304}
{"mock_phase": "before_read", "rank": 6, "copies": 64, "bytes": 4194304}
{"mock_phase": "read_complete", "rank": 6, "ret": 0, "bytes": 4194304}
{"mock_phase": "before_read", "rank": 6, "copies": 64, "bytes": 524288}
{"mock_phase": "read_complete", "rank": 6, "ret": 0, "bytes": 524288}
{"mock_phase": "before_read", "rank": 6, "copies": 64, "bytes": 524288}
{"mock_phase": "read_complete", "rank": 6, "ret": 0, "bytes": 524288}
{"mock_phase": "before_read", "rank": 6, "copies": 64, "bytes": 8192}
{"mock_phase": "read_complete", "rank": 6, "ret": 0, "bytes": 8192}
{"mock_phase": "before_read", "rank": 6, "copies": 64, "bytes": 8192}
{"mock_phase": "read_complete", "rank": 6, "ret": 0, "bytes": 8192}
{"mock_phase": "before_read", "rank": 6, "copies": 64, "bytes": 4194304}
{"mock_phase": "read_complete", "rank": 6, "ret": 0, "bytes": 4194304}
{"mock_phase": "before_read", "rank": 6, "copies": 64, "bytes": 4194304}
{"mock_phase": "read_complete", "rank": 6, "ret": 0, "bytes": 4194304}
{"mock_phase": "before_read", "rank": 6, "copies": 64, "bytes": 524288}
{"mock_phase": "read_complete", "rank": 6, "ret": 0, "bytes": 524288}
{"mock_phase": "before_read", "rank": 6, "copies": 64, "bytes": 524288}
{"mock_phase": "read_complete", "rank": 6, "ret": 0, "bytes": 524288}
{"mock_phase": "before_read", "rank": 6, "copies": 64, "bytes": 8192}
{"mock_phase": "read_complete", "rank": 6, "ret": 0, "bytes": 8192}
{"mock_phase": "before_read", "rank": 6, "copies": 64, "bytes": 8192}
{"mock_phase": "read_complete", "rank": 6, "ret": 0, "bytes": 8192}
{"mock_phase": "before_read", "rank": 6, "copies": 64, "bytes": 8388608}
{"mock_phase": "read_complete", "rank": 6, "ret": 0, "bytes": 8388608}
{"mock_phase": "before_read", "rank": 6, "copies": 64, "bytes": 8388608}
{"mock_phase": "read_complete", "rank": 6, "ret": 0, "bytes": 8388608}
{"mock_phase": "before_read", "rank": 6, "copies": 64, "bytes": 1048576}
{"mock_phase": "read_complete", "rank": 6, "ret": 0, "bytes": 1048576}
{"mock_phase": "before_read", "rank": 6, "copies": 64, "bytes": 1048576}
{"mock_phase": "read_complete", "rank": 6, "ret": 0, "bytes": 1048576}
{"mock_phase": "before_read", "rank": 6, "copies": 64, "bytes": 16384}
{"mock_phase": "read_complete", "rank": 6, "ret": 0, "bytes": 16384}
{"mock_phase": "before_read", "rank": 6, "copies": 64, "bytes": 16384}
{"mock_phase": "read_complete", "rank": 6, "ret": 0, "bytes": 16384}
{"mock_phase": "before_read", "rank": 6, "copies": 43, "bytes": 5636096}
{"mock_phase": "read_complete", "rank": 6, "ret": 0, "bytes": 5636096}
{"mock_phase": "planned", "request_id": "cmpl-a19db99d0618a115-0-be7c9762", "rank": 7, "pages": 1579, "bytes": 52903936}
{"mock_phase": "before_read", "rank": 7, "copies": 64, "bytes": 4194304}
{"mock_phase": "read_complete", "rank": 7, "ret": 0, "bytes": 4194304}
{"mock_phase": "before_read", "rank": 7, "copies": 64, "bytes": 4194304}
{"mock_phase": "read_complete", "rank": 7, "ret": 0, "bytes": 4194304}
{"mock_phase": "before_read", "rank": 7, "copies": 64, "bytes": 524288}
{"mock_phase": "read_complete", "rank": 7, "ret": 0, "bytes": 524288}
{"mock_phase": "before_read", "rank": 7, "copies": 64, "bytes": 524288}
{"mock_phase": "read_complete", "rank": 7, "ret": 0, "bytes": 524288}
{"mock_phase": "before_read", "rank": 7, "copies": 64, "bytes": 8192}
{"mock_phase": "read_complete", "rank": 7, "ret": 0, "bytes": 8192}
{"mock_phase": "before_read", "rank": 7, "copies": 64, "bytes": 8192}
{"mock_phase": "read_complete", "rank": 7, "ret": 0, "bytes": 8192}
{"mock_phase": "before_read", "rank": 7, "copies": 64, "bytes": 4194304}
{"mock_phase": "read_complete", "rank": 7, "ret": 0, "bytes": 4194304}
{"mock_phase": "before_read", "rank": 7, "copies": 64, "bytes": 4194304}
{"mock_phase": "read_complete", "rank": 7, "ret": 0, "bytes": 4194304}
{"mock_phase": "before_read", "rank": 7, "copies": 64, "bytes": 524288}
{"mock_phase": "read_complete", "rank": 7, "ret": 0, "bytes": 524288}
{"mock_phase": "before_read", "rank": 7, "copies": 64, "bytes": 524288}
{"mock_phase": "read_complete", "rank": 7, "ret": 0, "bytes": 524288}
{"mock_phase": "before_read", "rank": 7, "copies": 64, "bytes": 8192}
{"mock_phase": "read_complete", "rank": 7, "ret": 0, "bytes": 8192}
{"mock_phase": "before_read", "rank": 7, "copies": 64, "bytes": 8192}
{"mock_phase": "read_complete", "rank": 7, "ret": 0, "bytes": 8192}
{"mock_phase": "before_read", "rank": 7, "copies": 64, "bytes": 4194304}
{"mock_phase": "read_complete", "rank": 7, "ret": 0, "bytes": 4194304}
{"mock_phase": "before_read", "rank": 7, "copies": 64, "bytes": 4194304}
{"mock_phase": "read_complete", "rank": 7, "ret": 0, "bytes": 4194304}
{"mock_phase": "before_read", "rank": 7, "copies": 64, "bytes": 524288}
{"mock_phase": "read_complete", "rank": 7, "ret": 0, "bytes": 524288}
{"mock_phase": "before_read", "rank": 7, "copies": 64, "bytes": 524288}
{"mock_phase": "read_complete", "rank": 7, "ret": 0, "bytes": 524288}
{"mock_phase": "before_read", "rank": 7, "copies": 64, "bytes": 8192}
{"mock_phase": "read_complete", "rank": 7, "ret": 0, "bytes": 8192}
{"mock_phase": "before_read", "rank": 7, "copies": 64, "bytes": 8192}
{"mock_phase": "read_complete", "rank": 7, "ret": 0, "bytes": 8192}
{"mock_phase": "before_read", "rank": 7, "copies": 64, "bytes": 8388608}
{"mock_phase": "read_complete", "rank": 7, "ret": 0, "bytes": 8388608}
{"mock_phase": "before_read", "rank": 7, "copies": 64, "bytes": 8388608}
{"mock_phase": "read_complete", "rank": 7, "ret": 0, "bytes": 8388608}
{"mock_phase": "before_read", "rank": 7, "copies": 64, "bytes": 1048576}
{"mock_phase": "read_complete", "rank": 7, "ret": 0, "bytes": 1048576}
{"mock_phase": "before_read", "rank": 7, "copies": 64, "bytes": 1048576}
{"mock_phase": "read_complete", "rank": 7, "ret": 0, "bytes": 1048576}
{"mock_phase": "before_read", "rank": 7, "copies": 64, "bytes": 16384}
{"mock_phase": "read_complete", "rank": 7, "ret": 0, "bytes": 16384}
{"mock_phase": "before_read", "rank": 7, "copies": 64, "bytes": 16384}
{"mock_phase": "read_complete", "rank": 7, "ret": 0, "bytes": 16384}
{"mock_phase": "before_read", "rank": 7, "copies": 43, "bytes": 5636096}
{"mock_phase": "read_complete", "rank": 7, "ret": 0, "bytes": 5636096}
{"ok": true, "request_id": "cmpl-a19db99d0618a115-0-be7c9762", "ranks": [{"rank": 0, "bytes": 52903936, "read_s": 0.013091000262647867, "hash_s": 0.07040243921801448, "nonzero_groups": [0, 1, 2, 3, 4, 5, 6]}, {"rank": 1, "bytes": 52903936, "read_s": 0.012222799006849527, "hash_s": 0.07000292930752039, "nonzero_groups": [0, 1, 2, 3, 4, 5, 6]}, {"rank": 2, "bytes": 52903936, "read_s": 0.012265979778021574, "hash_s": 0.0705495709553361, "nonzero_groups": [0, 1, 2, 3, 4, 5, 6]}, {"rank": 3, "bytes": 52903936, "read_s": 0.012121339328587055, "hash_s": 0.07013813965022564, "nonzero_groups": [0, 1, 2, 3, 4, 5, 6]}, {"rank": 4, "bytes": 52903936, "read_s": 0.01217740774154663, "hash_s": 0.07030641101300716, "nonzero_groups": [0, 1, 2, 3, 4, 5, 6]}, {"rank": 5, "bytes": 52903936, "read_s": 0.01208746014162898, "hash_s": 0.06992666004225612, "nonzero_groups": [0, 1, 2, 3, 4, 5, 6]}, {"rank": 6, "bytes": 52903936, "read_s": 0.01233355002477765, "hash_s": 0.0696378294378519, "nonzero_groups": [0, 1, 2, 3, 4, 5, 6]}, {"rank": 7, "bytes": 52903936, "read_s": 0.012071170844137669, "hash_s": 0.06902285106480122, "nonzero_groups": [0, 1, 2, 3, 4, 5, 6]}], "bytes": 423231488, "consume_s": 0.7122646803036332, "ack_s": 0.0016754497773945332, "total_s": 0.7139403102919459, "hold_ms": 0}
127.0.0.1 - - [09/Oct/2026 07:58:51] "POST /consume HTTP/1.1" 200 -
{"mock_phase": "planned", "request_id": "cmpl-889ef8395c0669cc-0-a5220cbf", "rank": 0, "pages": 1579, "bytes": 52903936}
{"mock_phase": "before_read", "rank": 0, "copies": 64, "bytes": 4194304}
{"mock_phase": "read_complete", "rank": 0, "ret": 0, "bytes": 4194304}
{"mock_phase": "before_read", "rank": 0, "copies": 64, "bytes": 4194304}
{"mock_phase": "read_complete", "rank": 0, "ret": 0, "bytes": 4194304}
{"mock_phase": "before_read", "rank": 0, "copies": 64, "bytes": 524288}
{"mock_phase": "read_complete", "rank": 0, "ret": 0, "bytes": 524288}
{"mock_phase": "before_read", "rank": 0, "copies": 64, "bytes": 524288}
{"mock_phase": "read_complete", "rank": 0, "ret": 0, "bytes": 524288}
{"mock_phase": "before_read", "rank": 0, "copies": 64, "bytes": 8192}
{"mock_phase": "read_complete", "rank": 0, "ret": 0, "bytes": 8192}
{"mock_phase": "before_read", "rank": 0, "copies": 64, "bytes": 8192}
{"mock_phase": "read_complete", "rank": 0, "ret": 0, "bytes": 8192}
{"mock_phase": "before_read", "rank": 0, "copies": 64, "bytes": 4194304}
{"mock_phase": "read_complete", "rank": 0, "ret": 0, "bytes": 4194304}
{"mock_phase": "before_read", "rank": 0, "copies": 64, "bytes": 4194304}
{"mock_phase": "read_complete", "rank": 0, "ret": 0, "bytes": 4194304}
{"mock_phase": "before_read", "rank": 0, "copies": 64, "bytes": 524288}
{"mock_phase": "read_complete", "rank": 0, "ret": 0, "bytes": 524288}
{"mock_phase": "before_read", "rank": 0, "copies": 64, "bytes": 524288}
{"mock_phase": "read_complete", "rank": 0, "ret": 0, "bytes": 524288}
{"mock_phase": "before_read", "rank": 0, "copies": 64, "bytes": 8192}
{"mock_phase": "read_complete", "rank": 0, "ret": 0, "bytes": 8192}
{"mock_phase": "before_read", "rank": 0, "copies": 64, "bytes": 8192}
{"mock_phase": "read_complete", "rank": 0, "ret": 0, "bytes": 8192}
{"mock_phase": "before_read", "rank": 0, "copies": 64, "bytes": 4194304}
{"mock_phase": "read_complete", "rank": 0, "ret": 0, "bytes": 4194304}
{"mock_phase": "before_read", "rank": 0, "copies": 64, "bytes": 4194304}
{"mock_phase": "read_complete", "rank": 0, "ret": 0, "bytes": 4194304}
{"mock_phase": "before_read", "rank": 0, "copies": 64, "bytes": 524288}
{"mock_phase": "read_complete", "rank": 0, "ret": 0, "bytes": 524288}
{"mock_phase": "before_read", "rank": 0, "copies": 64, "bytes": 524288}
{"mock_phase": "read_complete", "rank": 0, "ret": 0, "bytes": 524288}
{"mock_phase": "before_read", "rank": 0, "copies": 64, "bytes": 8192}
{"mock_phase": "read_complete", "rank": 0, "ret": 0, "bytes": 8192}
{"mock_phase": "before_read", "rank": 0, "copies": 64, "bytes": 8192}
{"mock_phase": "read_complete", "rank": 0, "ret": 0, "bytes": 8192}
{"mock_phase": "before_read", "rank": 0, "copies": 64, "bytes": 8388608}
{"mock_phase": "read_complete", "rank": 0, "ret": 0, "bytes": 8388608}
{"mock_phase": "before_read", "rank": 0, "copies": 64, "bytes": 8388608}
{"mock_phase": "read_complete", "rank": 0, "ret": 0, "bytes": 8388608}
{"mock_phase": "before_read", "rank": 0, "copies": 64, "bytes": 1048576}
{"mock_phase": "read_complete", "rank": 0, "ret": 0, "bytes": 1048576}
{"mock_phase": "before_read", "rank": 0, "copies": 64, "bytes": 1048576}
{"mock_phase": "read_complete", "rank": 0, "ret": 0, "bytes": 1048576}
{"mock_phase": "before_read", "rank": 0, "copies": 64, "bytes": 16384}
{"mock_phase": "read_complete", "rank": 0, "ret": 0, "bytes": 16384}
{"mock_phase": "before_read", "rank": 0, "copies": 64, "bytes": 16384}
{"mock_phase": "read_complete", "rank": 0, "ret": 0, "bytes": 16384}
{"mock_phase": "before_read", "rank": 0, "copies": 43, "bytes": 5636096}
{"mock_phase": "read_complete", "rank": 0, "ret": 0, "bytes": 5636096}
{"mock_phase": "planned", "request_id": "cmpl-889ef8395c0669cc-0-a5220cbf", "rank": 1, "pages": 1579, "bytes": 52903936}
{"mock_phase": "before_read", "rank": 1, "copies": 64, "bytes": 4194304}
{"mock_phase": "read_complete", "rank": 1, "ret": 0, "bytes": 4194304}
{"mock_phase": "before_read", "rank": 1, "copies": 64, "bytes": 4194304}
{"mock_phase": "read_complete", "rank": 1, "ret": 0, "bytes": 4194304}
{"mock_phase": "before_read", "rank": 1, "copies": 64, "bytes": 524288}
{"mock_phase": "read_complete", "rank": 1, "ret": 0, "bytes": 524288}
{"mock_phase": "before_read", "rank": 1, "copies": 64, "bytes": 524288}
{"mock_phase": "read_complete", "rank": 1, "ret": 0, "bytes": 524288}
{"mock_phase": "before_read", "rank": 1, "copies": 64, "bytes": 8192}
{"mock_phase": "read_complete", "rank": 1, "ret": 0, "bytes": 8192}
{"mock_phase": "before_read", "rank": 1, "copies": 64, "bytes": 8192}
{"mock_phase": "read_complete", "rank": 1, "ret": 0, "bytes": 8192}
{"mock_phase": "before_read", "rank": 1, "copies": 64, "bytes": 4194304}
{"mock_phase": "read_complete", "rank": 1, "ret": 0, "bytes": 4194304}
{"mock_phase": "before_read", "rank": 1, "copies": 64, "bytes": 4194304}
{"mock_phase": "read_complete", "rank": 1, "ret": 0, "bytes": 4194304}
{"mock_phase": "before_read", "rank": 1, "copies": 64, "bytes": 524288}
{"mock_phase": "read_complete", "rank": 1, "ret": 0, "bytes": 524288}
{"mock_phase": "before_read", "rank": 1, "copies": 64, "bytes": 524288}
{"mock_phase": "read_complete", "rank": 1, "ret": 0, "bytes": 524288}
{"mock_phase": "before_read", "rank": 1, "copies": 64, "bytes": 8192}
{"mock_phase": "read_complete", "rank": 1, "ret": 0, "bytes": 8192}
{"mock_phase": "before_read", "rank": 1, "copies": 64, "bytes": 8192}
{"mock_phase": "read_complete", "rank": 1, "ret": 0, "bytes": 8192}
{"mock_phase": "before_read", "rank": 1, "copies": 64, "bytes": 4194304}
{"mock_phase": "read_complete", "rank": 1, "ret": 0, "bytes": 4194304}
{"mock_phase": "before_read", "rank": 1, "copies": 64, "bytes": 4194304}
{"mock_phase": "read_complete", "rank": 1, "ret": 0, "bytes": 4194304}
{"mock_phase": "before_read", "rank": 1, "copies": 64, "bytes": 524288}
{"mock_phase": "read_complete", "rank": 1, "ret": 0, "bytes": 524288}
{"mock_phase": "before_read", "rank": 1, "copies": 64, "bytes": 524288}
{"mock_phase": "read_complete", "rank": 1, "ret": 0, "bytes": 524288}
{"mock_phase": "before_read", "rank": 1, "copies": 64, "bytes": 8192}
{"mock_phase": "read_complete", "rank": 1, "ret": 0, "bytes": 8192}
{"mock_phase": "before_read", "rank": 1, "copies": 64, "bytes": 8192}
{"mock_phase": "read_complete", "rank": 1, "ret": 0, "bytes": 8192}
{"mock_phase": "before_read", "rank": 1, "copies": 64, "bytes": 8388608}
{"mock_phase": "read_complete", "rank": 1, "ret": 0, "bytes": 8388608}
{"mock_phase": "before_read", "rank": 1, "copies": 64, "bytes": 8388608}
{"mock_phase": "read_complete", "rank": 1, "ret": 0, "bytes": 8388608}
{"mock_phase": "before_read", "rank": 1, "copies": 64, "bytes": 1048576}
{"mock_phase": "read_complete", "rank": 1, "ret": 0, "bytes": 1048576}
{"mock_phase": "before_read", "rank": 1, "copies": 64, "bytes": 1048576}
{"mock_phase": "read_complete", "rank": 1, "ret": 0, "bytes": 1048576}
{"mock_phase": "before_read", "rank": 1, "copies": 64, "bytes": 16384}
{"mock_phase": "read_complete", "rank": 1, "ret": 0, "bytes": 16384}
{"mock_phase": "before_read", "rank": 1, "copies": 64, "bytes": 16384}
{"mock_phase": "read_complete", "rank": 1, "ret": 0, "bytes": 16384}
{"mock_phase": "before_read", "rank": 1, "copies": 43, "bytes": 5636096}
{"mock_phase": "read_complete", "rank": 1, "ret": 0, "bytes": 5636096}
{"mock_phase": "planned", "request_id": "cmpl-889ef8395c0669cc-0-a5220cbf", "rank": 2, "pages": 1579, "bytes": 52903936}
{"mock_phase": "before_read", "rank": 2, "copies": 64, "bytes": 4194304}
{"mock_phase": "read_complete", "rank": 2, "ret": 0, "bytes": 4194304}
{"mock_phase": "before_read", "rank": 2, "copies": 64, "bytes": 4194304}
{"mock_phase": "read_complete", "rank": 2, "ret": 0, "bytes": 4194304}
{"mock_phase": "before_read", "rank": 2, "copies": 64, "bytes": 524288}
{"mock_phase": "read_complete", "rank": 2, "ret": 0, "bytes": 524288}
{"mock_phase": "before_read", "rank": 2, "copies": 64, "bytes": 524288}
{"mock_phase": "read_complete", "rank": 2, "ret": 0, "bytes": 524288}
{"mock_phase": "before_read", "rank": 2, "copies": 64, "bytes": 8192}
{"mock_phase": "read_complete", "rank": 2, "ret": 0, "bytes": 8192}
{"mock_phase": "before_read", "rank": 2, "copies": 64, "bytes": 8192}
{"mock_phase": "read_complete", "rank": 2, "ret": 0, "bytes": 8192}
{"mock_phase": "before_read", "rank": 2, "copies": 64, "bytes": 4194304}
{"mock_phase": "read_complete", "rank": 2, "ret": 0, "bytes": 4194304}
{"mock_phase": "before_read", "rank": 2, "copies": 64, "bytes": 4194304}
{"mock_phase": "read_complete", "rank": 2, "ret": 0, "bytes": 4194304}
{"mock_phase": "before_read", "rank": 2, "copies": 64, "bytes": 524288}
{"mock_phase": "read_complete", "rank": 2, "ret": 0, "bytes": 524288}
{"mock_phase": "before_read", "rank": 2, "copies": 64, "bytes": 524288}
{"mock_phase": "read_complete", "rank": 2, "ret": 0, "bytes": 524288}
{"mock_phase": "before_read", "rank": 2, "copies": 64, "bytes": 8192}
{"mock_phase": "read_complete", "rank": 2, "ret": 0, "bytes": 8192}
{"mock_phase": "before_read", "rank": 2, "copies": 64, "bytes": 8192}
{"mock_phase": "read_complete", "rank": 2, "ret": 0, "bytes": 8192}
{"mock_phase": "before_read", "rank": 2, "copies": 64, "bytes": 4194304}
{"mock_phase": "read_complete", "rank": 2, "ret": 0, "bytes": 4194304}
{"mock_phase": "before_read", "rank": 2, "copies": 64, "bytes": 4194304}
{"mock_phase": "read_complete", "rank": 2, "ret": 0, "bytes": 4194304}
{"mock_phase": "before_read", "rank": 2, "copies": 64, "bytes": 524288}
{"mock_phase": "read_complete", "rank": 2, "ret": 0, "bytes": 524288}
{"mock_phase": "before_read", "rank": 2, "copies": 64, "bytes": 524288}
{"mock_phase": "read_complete", "rank": 2, "ret": 0, "bytes": 524288}
{"mock_phase": "before_read", "rank": 2, "copies": 64, "bytes": 8192}
{"mock_phase": "read_complete", "rank": 2, "ret": 0, "bytes": 8192}
{"mock_phase": "before_read", "rank": 2, "copies": 64, "bytes": 8192}
{"mock_phase": "read_complete", "rank": 2, "ret": 0, "bytes": 8192}
{"mock_phase": "before_read", "rank": 2, "copies": 64, "bytes": 8388608}
{"mock_phase": "read_complete", "rank": 2, "ret": 0, "bytes": 8388608}
{"mock_phase": "before_read", "rank": 2, "copies": 64, "bytes": 8388608}
{"mock_phase": "read_complete", "rank": 2, "ret": 0, "bytes": 8388608}
{"mock_phase": "before_read", "rank": 2, "copies": 64, "bytes": 1048576}
{"mock_phase": "read_complete", "rank": 2, "ret": 0, "bytes": 1048576}
{"mock_phase": "before_read", "rank": 2, "copies": 64, "bytes": 1048576}
{"mock_phase": "read_complete", "rank": 2, "ret": 0, "bytes": 1048576}
{"mock_phase": "before_read", "rank": 2, "copies": 64, "bytes": 16384}
{"mock_phase": "read_complete", "rank": 2, "ret": 0, "bytes": 16384}
{"mock_phase": "before_read", "rank": 2, "copies": 64, "bytes": 16384}
{"mock_phase": "read_complete", "rank": 2, "ret": 0, "bytes": 16384}
{"mock_phase": "before_read", "rank": 2, "copies": 43, "bytes": 5636096}
{"mock_phase": "read_complete", "rank": 2, "ret": 0, "bytes": 5636096}
{"mock_phase": "planned", "request_id": "cmpl-889ef8395c0669cc-0-a5220cbf", "rank": 3, "pages": 1579, "bytes": 52903936}
{"mock_phase": "before_read", "rank": 3, "copies": 64, "bytes": 4194304}
{"mock_phase": "read_complete", "rank": 3, "ret": 0, "bytes": 4194304}
{"mock_phase": "before_read", "rank": 3, "copies": 64, "bytes": 4194304}
{"mock_phase": "read_complete", "rank": 3, "ret": 0, "bytes": 4194304}
{"mock_phase": "before_read", "rank": 3, "copies": 64, "bytes": 524288}
{"mock_phase": "read_complete", "rank": 3, "ret": 0, "bytes": 524288}
{"mock_phase": "before_read", "rank": 3, "copies": 64, "bytes": 524288}
{"mock_phase": "read_complete", "rank": 3, "ret": 0, "bytes": 524288}
{"mock_phase": "before_read", "rank": 3, "copies": 64, "bytes": 8192}
{"mock_phase": "read_complete", "rank": 3, "ret": 0, "bytes": 8192}
{"mock_phase": "before_read", "rank": 3, "copies": 64, "bytes": 8192}
{"mock_phase": "read_complete", "rank": 3, "ret": 0, "bytes": 8192}
{"mock_phase": "before_read", "rank": 3, "copies": 64, "bytes": 4194304}
{"mock_phase": "read_complete", "rank": 3, "ret": 0, "bytes": 4194304}
{"mock_phase": "before_read", "rank": 3, "copies": 64, "bytes": 4194304}
{"mock_phase": "read_complete", "rank": 3, "ret": 0, "bytes": 4194304}
{"mock_phase": "before_read", "rank": 3, "copies": 64, "bytes": 524288}
{"mock_phase": "read_complete", "rank": 3, "ret": 0, "bytes": 524288}
{"mock_phase": "before_read", "rank": 3, "copies": 64, "bytes": 524288}
{"mock_phase": "read_complete", "rank": 3, "ret": 0, "bytes": 524288}
{"mock_phase": "before_read", "rank": 3, "copies": 64, "bytes": 8192}
{"mock_phase": "read_complete", "rank": 3, "ret": 0, "bytes": 8192}
{"mock_phase": "before_read", "rank": 3, "copies": 64, "bytes": 8192}
{"mock_phase": "read_complete", "rank": 3, "ret": 0, "bytes": 8192}
{"mock_phase": "before_read", "rank": 3, "copies": 64, "bytes": 4194304}
{"mock_phase": "read_complete", "rank": 3, "ret": 0, "bytes": 4194304}
{"mock_phase": "before_read", "rank": 3, "copies": 64, "bytes": 4194304}
{"mock_phase": "read_complete", "rank": 3, "ret": 0, "bytes": 4194304}
{"mock_phase": "before_read", "rank": 3, "copies": 64, "bytes": 524288}
{"mock_phase": "read_complete", "rank": 3, "ret": 0, "bytes": 524288}
{"mock_phase": "before_read", "rank": 3, "copies": 64, "bytes": 524288}
{"mock_phase": "read_complete", "rank": 3, "ret": 0, "bytes": 524288}
{"mock_phase": "before_read", "rank": 3, "copies": 64, "bytes": 8192}
{"mock_phase": "read_complete", "rank": 3, "ret": 0, "bytes": 8192}
{"mock_phase": "before_read", "rank": 3, "copies": 64, "bytes": 8192}
{"mock_phase": "read_complete", "rank": 3, "ret": 0, "bytes": 8192}
{"mock_phase": "before_read", "rank": 3, "copies": 64, "bytes": 8388608}
{"mock_phase": "read_complete", "rank": 3, "ret": 0, "bytes": 8388608}
{"mock_phase": "before_read", "rank": 3, "copies": 64, "bytes": 8388608}
{"mock_phase": "read_complete", "rank": 3, "ret": 0, "bytes": 8388608}
{"mock_phase": "before_read", "rank": 3, "copies": 64, "bytes": 1048576}
{"mock_phase": "read_complete", "rank": 3, "ret": 0, "bytes": 1048576}
{"mock_phase": "before_read", "rank": 3, "copies": 64, "bytes": 1048576}
{"mock_phase": "read_complete", "rank": 3, "ret": 0, "bytes": 1048576}
{"mock_phase": "before_read", "rank": 3, "copies": 64, "bytes": 16384}
{"mock_phase": "read_complete", "rank": 3, "ret": 0, "bytes": 16384}
{"mock_phase": "before_read", "rank": 3, "copies": 64, "bytes": 16384}
{"mock_phase": "read_complete", "rank": 3, "ret": 0, "bytes": 16384}
{"mock_phase": "before_read", "rank": 3, "copies": 43, "bytes": 5636096}
{"mock_phase": "read_complete", "rank": 3, "ret": 0, "bytes": 5636096}
{"mock_phase": "planned", "request_id": "cmpl-889ef8395c0669cc-0-a5220cbf", "rank": 4, "pages": 1579, "bytes": 52903936}
{"mock_phase": "before_read", "rank": 4, "copies": 64, "bytes": 4194304}
{"mock_phase": "read_complete", "rank": 4, "ret": 0, "bytes": 4194304}
{"mock_phase": "before_read", "rank": 4, "copies": 64, "bytes": 4194304}
{"mock_phase": "read_complete", "rank": 4, "ret": 0, "bytes": 4194304}
{"mock_phase": "before_read", "rank": 4, "copies": 64, "bytes": 524288}
{"mock_phase": "read_complete", "rank": 4, "ret": 0, "bytes": 524288}
{"mock_phase": "before_read", "rank": 4, "copies": 64, "bytes": 524288}
{"mock_phase": "read_complete", "rank": 4, "ret": 0, "bytes": 524288}
{"mock_phase": "before_read", "rank": 4, "copies": 64, "bytes": 8192}
{"mock_phase": "read_complete", "rank": 4, "ret": 0, "bytes": 8192}
{"mock_phase": "before_read", "rank": 4, "copies": 64, "bytes": 8192}
{"mock_phase": "read_complete", "rank": 4, "ret": 0, "bytes": 8192}
{"mock_phase": "before_read", "rank": 4, "copies": 64, "bytes": 4194304}
{"mock_phase": "read_complete", "rank": 4, "ret": 0, "bytes": 4194304}
{"mock_phase": "before_read", "rank": 4, "copies": 64, "bytes": 4194304}
{"mock_phase": "read_complete", "rank": 4, "ret": 0, "bytes": 4194304}
{"mock_phase": "before_read", "rank": 4, "copies": 64, "bytes": 524288}
{"mock_phase": "read_complete", "rank": 4, "ret": 0, "bytes": 524288}
{"mock_phase": "before_read", "rank": 4, "copies": 64, "bytes": 524288}
{"mock_phase": "read_complete", "rank": 4, "ret": 0, "bytes": 524288}
{"mock_phase": "before_read", "rank": 4, "copies": 64, "bytes": 8192}
{"mock_phase": "read_complete", "rank": 4, "ret": 0, "bytes": 8192}
{"mock_phase": "before_read", "rank": 4, "copies": 64, "bytes": 8192}
{"mock_phase": "read_complete", "rank": 4, "ret": 0, "bytes": 8192}
{"mock_phase": "before_read", "rank": 4, "copies": 64, "bytes": 4194304}
{"mock_phase": "read_complete", "rank": 4, "ret": 0, "bytes": 4194304}
{"mock_phase": "before_read", "rank": 4, "copies": 64, "bytes": 4194304}
{"mock_phase": "read_complete", "rank": 4, "ret": 0, "bytes": 4194304}
{"mock_phase": "before_read", "rank": 4, "copies": 64, "bytes": 524288}
{"mock_phase": "read_complete", "rank": 4, "ret": 0, "bytes": 524288}
{"mock_phase": "before_read", "rank": 4, "copies": 64, "bytes": 524288}
{"mock_phase": "read_complete", "rank": 4, "ret": 0, "bytes": 524288}
{"mock_phase": "before_read", "rank": 4, "copies": 64, "bytes": 8192}
{"mock_phase": "read_complete", "rank": 4, "ret": 0, "bytes": 8192}
{"mock_phase": "before_read", "rank": 4, "copies": 64, "bytes": 8192}
{"mock_phase": "read_complete", "rank": 4, "ret": 0, "bytes": 8192}
{"mock_phase": "before_read", "rank": 4, "copies": 64, "bytes": 8388608}
{"mock_phase": "read_complete", "rank": 4, "ret": 0, "bytes": 8388608}
{"mock_phase": "before_read", "rank": 4, "copies": 64, "bytes": 8388608}
{"mock_phase": "read_complete", "rank": 4, "ret": 0, "bytes": 8388608}
{"mock_phase": "before_read", "rank": 4, "copies": 64, "bytes": 1048576}
{"mock_phase": "read_complete", "rank": 4, "ret": 0, "bytes": 1048576}
{"mock_phase": "before_read", "rank": 4, "copies": 64, "bytes": 1048576}
{"mock_phase": "read_complete", "rank": 4, "ret": 0, "bytes": 1048576}
{"mock_phase": "before_read", "rank": 4, "copies": 64, "bytes": 16384}
{"mock_phase": "read_complete", "rank": 4, "ret": 0, "bytes": 16384}
{"mock_phase": "before_read", "rank": 4, "copies": 64, "bytes": 16384}
{"mock_phase": "read_complete", "rank": 4, "ret": 0, "bytes": 16384}
{"mock_phase": "before_read", "rank": 4, "copies": 43, "bytes": 5636096}
{"mock_phase": "read_complete", "rank": 4, "ret": 0, "bytes": 5636096}
{"mock_phase": "planned", "request_id": "cmpl-889ef8395c0669cc-0-a5220cbf", "rank": 5, "pages": 1579, "bytes": 52903936}
{"mock_phase": "before_read", "rank": 5, "copies": 64, "bytes": 4194304}
{"mock_phase": "read_complete", "rank": 5, "ret": 0, "bytes": 4194304}
{"mock_phase": "before_read", "rank": 5, "copies": 64, "bytes": 4194304}
{"mock_phase": "read_complete", "rank": 5, "ret": 0, "bytes": 4194304}
{"mock_phase": "before_read", "rank": 5, "copies": 64, "bytes": 524288}
{"mock_phase": "read_complete", "rank": 5, "ret": 0, "bytes": 524288}
{"mock_phase": "before_read", "rank": 5, "copies": 64, "bytes": 524288}
{"mock_phase": "read_complete", "rank": 5, "ret": 0, "bytes": 524288}
{"mock_phase": "before_read", "rank": 5, "copies": 64, "bytes": 8192}
{"mock_phase": "read_complete", "rank": 5, "ret": 0, "bytes": 8192}
{"mock_phase": "before_read", "rank": 5, "copies": 64, "bytes": 8192}
{"mock_phase": "read_complete", "rank": 5, "ret": 0, "bytes": 8192}
{"mock_phase": "before_read", "rank": 5, "copies": 64, "bytes": 4194304}
{"mock_phase": "read_complete", "rank": 5, "ret": 0, "bytes": 4194304}
{"mock_phase": "before_read", "rank": 5, "copies": 64, "bytes": 4194304}
{"mock_phase": "read_complete", "rank": 5, "ret": 0, "bytes": 4194304}
{"mock_phase": "before_read", "rank": 5, "copies": 64, "bytes": 524288}
{"mock_phase": "read_complete", "rank": 5, "ret": 0, "bytes": 524288}
{"mock_phase": "before_read", "rank": 5, "copies": 64, "bytes": 524288}
{"mock_phase": "read_complete", "rank": 5, "ret": 0, "bytes": 524288}
{"mock_phase": "before_read", "rank": 5, "copies": 64, "bytes": 8192}
{"mock_phase": "read_complete", "rank": 5, "ret": 0, "bytes": 8192}
{"mock_phase": "before_read", "rank": 5, "copies": 64, "bytes": 8192}
{"mock_phase": "read_complete", "rank": 5, "ret": 0, "bytes": 8192}
{"mock_phase": "before_read", "rank": 5, "copies": 64, "bytes": 4194304}
{"mock_phase": "read_complete", "rank": 5, "ret": 0, "bytes": 4194304}
{"mock_phase": "before_read", "rank": 5, "copies": 64, "bytes": 4194304}
{"mock_phase": "read_complete", "rank": 5, "ret": 0, "bytes": 4194304}
{"mock_phase": "before_read", "rank": 5, "copies": 64, "bytes": 524288}
{"mock_phase": "read_complete", "rank": 5, "ret": 0, "bytes": 524288}
{"mock_phase": "before_read", "rank": 5, "copies": 64, "bytes": 524288}
{"mock_phase": "read_complete", "rank": 5, "ret": 0, "bytes": 524288}
{"mock_phase": "before_read", "rank": 5, "copies": 64, "bytes": 8192}
{"mock_phase": "read_complete", "rank": 5, "ret": 0, "bytes": 8192}
{"mock_phase": "before_read", "rank": 5, "copies": 64, "bytes": 8192}
{"mock_phase": "read_complete", "rank": 5, "ret": 0, "bytes": 8192}
{"mock_phase": "before_read", "rank": 5, "copies": 64, "bytes": 8388608}
{"mock_phase": "read_complete", "rank": 5, "ret": 0, "bytes": 8388608}
{"mock_phase": "before_read", "rank": 5, "copies": 64, "bytes": 8388608}
{"mock_phase": "read_complete", "rank": 5, "ret": 0, "bytes": 8388608}
{"mock_phase": "before_read", "rank": 5, "copies": 64, "bytes": 1048576}
{"mock_phase": "read_complete", "rank": 5, "ret": 0, "bytes": 1048576}
{"mock_phase": "before_read", "rank": 5, "copies": 64, "bytes": 1048576}
{"mock_phase": "read_complete", "rank": 5, "ret": 0, "bytes": 1048576}
{"mock_phase": "before_read", "rank": 5, "copies": 64, "bytes": 16384}
{"mock_phase": "read_complete", "rank": 5, "ret": 0, "bytes": 16384}
{"mock_phase": "before_read", "rank": 5, "copies": 64, "bytes": 16384}
{"mock_phase": "read_complete", "rank": 5, "ret": 0, "bytes": 16384}
{"mock_phase": "before_read", "rank": 5, "copies": 43, "bytes": 5636096}
{"mock_phase": "read_complete", "rank": 5, "ret": 0, "bytes": 5636096}
{"mock_phase": "planned", "request_id": "cmpl-889ef8395c0669cc-0-a5220cbf", "rank": 6, "pages": 1579, "bytes": 52903936}
{"mock_phase": "before_read", "rank": 6, "copies": 64, "bytes": 4194304}
{"mock_phase": "read_complete", "rank": 6, "ret": 0, "bytes": 4194304}
{"mock_phase": "before_read", "rank": 6, "copies": 64, "bytes": 4194304}
{"mock_phase": "read_complete", "rank": 6, "ret": 0, "bytes": 4194304}
{"mock_phase": "before_read", "rank": 6, "copies": 64, "bytes": 524288}
{"mock_phase": "read_complete", "rank": 6, "ret": 0, "bytes": 524288}
{"mock_phase": "before_read", "rank": 6, "copies": 64, "bytes": 524288}
{"mock_phase": "read_complete", "rank": 6, "ret": 0, "bytes": 524288}
{"mock_phase": "before_read", "rank": 6, "copies": 64, "bytes": 8192}
{"mock_phase": "read_complete", "rank": 6, "ret": 0, "bytes": 8192}
{"mock_phase": "before_read", "rank": 6, "copies": 64, "bytes": 8192}
{"mock_phase": "read_complete", "rank": 6, "ret": 0, "bytes": 8192}
{"mock_phase": "before_read", "rank": 6, "copies": 64, "bytes": 4194304}
{"mock_phase": "read_complete", "rank": 6, "ret": 0, "bytes": 4194304}
{"mock_phase": "before_read", "rank": 6, "copies": 64, "bytes": 4194304}
{"mock_phase": "read_complete", "rank": 6, "ret": 0, "bytes": 4194304}
{"mock_phase": "before_read", "rank": 6, "copies": 64, "bytes": 524288}
{"mock_phase": "read_complete", "rank": 6, "ret": 0, "bytes": 524288}
{"mock_phase": "before_read", "rank": 6, "copies": 64, "bytes": 524288}
{"mock_phase": "read_complete", "rank": 6, "ret": 0, "bytes": 524288}
{"mock_phase": "before_read", "rank": 6, "copies": 64, "bytes": 8192}
{"mock_phase": "read_complete", "rank": 6, "ret": 0, "bytes": 8192}
{"mock_phase": "before_read", "rank": 6, "copies": 64, "bytes": 8192}
{"mock_phase": "read_complete", "rank": 6, "ret": 0, "bytes": 8192}
{"mock_phase": "before_read", "rank": 6, "copies": 64, "bytes": 4194304}
{"mock_phase": "read_complete", "rank": 6, "ret": 0, "bytes": 4194304}
{"mock_phase": "before_read", "rank": 6, "copies": 64, "bytes": 4194304}
{"mock_phase": "read_complete", "rank": 6, "ret": 0, "bytes": 4194304}
{"mock_phase": "before_read", "rank": 6, "copies": 64, "bytes": 524288}
{"mock_phase": "read_complete", "rank": 6, "ret": 0, "bytes": 524288}
{"mock_phase": "before_read", "rank": 6, "copies": 64, "bytes": 524288}
{"mock_phase": "read_complete", "rank": 6, "ret": 0, "bytes": 524288}
{"mock_phase": "before_read", "rank": 6, "copies": 64, "bytes": 8192}
{"mock_phase": "read_complete", "rank": 6, "ret": 0, "bytes": 8192}
{"mock_phase": "before_read", "rank": 6, "copies": 64, "bytes": 8192}
{"mock_phase": "read_complete", "rank": 6, "ret": 0, "bytes": 8192}
{"mock_phase": "before_read", "rank": 6, "copies": 64, "bytes": 8388608}
{"mock_phase": "read_complete", "rank": 6, "ret": 0, "bytes": 8388608}
{"mock_phase": "before_read", "rank": 6, "copies": 64, "bytes": 8388608}
{"mock_phase": "read_complete", "rank": 6, "ret": 0, "bytes": 8388608}
{"mock_phase": "before_read", "rank": 6, "copies": 64, "bytes": 1048576}
{"mock_phase": "read_complete", "rank": 6, "ret": 0, "bytes": 1048576}
{"mock_phase": "before_read", "rank": 6, "copies": 64, "bytes": 1048576}
{"mock_phase": "read_complete", "rank": 6, "ret": 0, "bytes": 1048576}
{"mock_phase": "before_read", "rank": 6, "copies": 64, "bytes": 16384}
{"mock_phase": "read_complete", "rank": 6, "ret": 0, "bytes": 16384}
{"mock_phase": "before_read", "rank": 6, "copies": 64, "bytes": 16384}
{"mock_phase": "read_complete", "rank": 6, "ret": 0, "bytes": 16384}
{"mock_phase": "before_read", "rank": 6, "copies": 43, "bytes": 5636096}
{"mock_phase": "read_complete", "rank": 6, "ret": 0, "bytes": 5636096}
{"mock_phase": "planned", "request_id": "cmpl-889ef8395c0669cc-0-a5220cbf", "rank": 7, "pages": 1579, "bytes": 52903936}
{"mock_phase": "before_read", "rank": 7, "copies": 64, "bytes": 4194304}
{"mock_phase": "read_complete", "rank": 7, "ret": 0, "bytes": 4194304}
{"mock_phase": "before_read", "rank": 7, "copies": 64, "bytes": 4194304}
{"mock_phase": "read_complete", "rank": 7, "ret": 0, "bytes": 4194304}
{"mock_phase": "before_read", "rank": 7, "copies": 64, "bytes": 524288}
{"mock_phase": "read_complete", "rank": 7, "ret": 0, "bytes": 524288}
{"mock_phase": "before_read", "rank": 7, "copies": 64, "bytes": 524288}
{"mock_phase": "read_complete", "rank": 7, "ret": 0, "bytes": 524288}
{"mock_phase": "before_read", "rank": 7, "copies": 64, "bytes": 8192}
{"mock_phase": "read_complete", "rank": 7, "ret": 0, "bytes": 8192}
{"mock_phase": "before_read", "rank": 7, "copies": 64, "bytes": 8192}
{"mock_phase": "read_complete", "rank": 7, "ret": 0, "bytes": 8192}
{"mock_phase": "before_read", "rank": 7, "copies": 64, "bytes": 4194304}
{"mock_phase": "read_complete", "rank": 7, "ret": 0, "bytes": 4194304}
{"mock_phase": "before_read", "rank": 7, "copies": 64, "bytes": 4194304}
{"mock_phase": "read_complete", "rank": 7, "ret": 0, "bytes": 4194304}
{"mock_phase": "before_read", "rank": 7, "copies": 64, "bytes": 524288}
{"mock_phase": "read_complete", "rank": 7, "ret": 0, "bytes": 524288}
{"mock_phase": "before_read", "rank": 7, "copies": 64, "bytes": 524288}
{"mock_phase": "read_complete", "rank": 7, "ret": 0, "bytes": 524288}
{"mock_phase": "before_read", "rank": 7, "copies": 64, "bytes": 8192}
{"mock_phase": "read_complete", "rank": 7, "ret": 0, "bytes": 8192}
{"mock_phase": "before_read", "rank": 7, "copies": 64, "bytes": 8192}
{"mock_phase": "read_complete", "rank": 7, "ret": 0, "bytes": 8192}
{"mock_phase": "before_read", "rank": 7, "copies": 64, "bytes": 4194304}
{"mock_phase": "read_complete", "rank": 7, "ret": 0, "bytes": 4194304}
{"mock_phase": "before_read", "rank": 7, "copies": 64, "bytes": 4194304}
{"mock_phase": "read_complete", "rank": 7, "ret": 0, "bytes": 4194304}
{"mock_phase": "before_read", "rank": 7, "copies": 64, "bytes": 524288}
{"mock_phase": "read_complete", "rank": 7, "ret": 0, "bytes": 524288}
{"mock_phase": "before_read", "rank": 7, "copies": 64, "bytes": 524288}
{"mock_phase": "read_complete", "rank": 7, "ret": 0, "bytes": 524288}
{"mock_phase": "before_read", "rank": 7, "copies": 64, "bytes": 8192}
{"mock_phase": "read_complete", "rank": 7, "ret": 0, "bytes": 8192}
{"mock_phase": "before_read", "rank": 7, "copies": 64, "bytes": 8192}
{"mock_phase": "read_complete", "rank": 7, "ret": 0, "bytes": 8192}
{"mock_phase": "before_read", "rank": 7, "copies": 64, "bytes": 8388608}
{"mock_phase": "read_complete", "rank": 7, "ret": 0, "bytes": 8388608}
{"mock_phase": "before_read", "rank": 7, "copies": 64, "bytes": 8388608}
{"mock_phase": "read_complete", "rank": 7, "ret": 0, "bytes": 8388608}
{"mock_phase": "before_read", "rank": 7, "copies": 64, "bytes": 1048576}
{"mock_phase": "read_complete", "rank": 7, "ret": 0, "bytes": 1048576}
{"mock_phase": "before_read", "rank": 7, "copies": 64, "bytes": 1048576}
{"mock_phase": "read_complete", "rank": 7, "ret": 0, "bytes": 1048576}
{"mock_phase": "before_read", "rank": 7, "copies": 64, "bytes": 16384}
{"mock_phase": "read_complete", "rank": 7, "ret": 0, "bytes": 16384}
{"mock_phase": "before_read", "rank": 7, "copies": 64, "bytes": 16384}
{"mock_phase": "read_complete", "rank": 7, "ret": 0, "bytes": 16384}
{"mock_phase": "before_read", "rank": 7, "copies": 43, "bytes": 5636096}
{"mock_phase": "read_complete", "rank": 7, "ret": 0, "bytes": 5636096}
{"ok": true, "request_id": "cmpl-889ef8395c0669cc-0-a5220cbf", "ranks": [{"rank": 0, "bytes": 52903936, "read_s": 0.013034390285611153, "hash_s": 0.0703395800665021, "nonzero_groups": [0, 1, 2, 3, 4, 5, 6]}, {"rank": 1, "bytes": 52903936, "read_s": 0.012475669384002686, "hash_s": 0.06964327022433281, "nonzero_groups": [0, 1, 2, 3, 4, 5, 6]}, {"rank": 2, "bytes": 52903936, "read_s": 0.011976682115346193, "hash_s": 0.07071948098018765, "nonzero_groups": [0, 1, 2, 3, 4, 5, 6]}, {"rank": 3, "bytes": 52903936, "read_s": 0.012518399860709906, "hash_s": 0.06980727100744843, "nonzero_groups": [0, 1, 2, 3, 4, 5, 6]}, {"rank": 4, "bytes": 52903936, "read_s": 0.012023129034787416, "hash_s": 0.07000792864710093, "nonzero_groups": [0, 1, 2, 3, 4, 5, 6]}, {"rank": 5, "bytes": 52903936, "read_s": 0.012013271450996399, "hash_s": 0.0693382010795176, "nonzero_groups": [0, 1, 2, 3, 4, 5, 6]}, {"rank": 6, "bytes": 52903936, "read_s": 0.011772780679166317, "hash_s": 0.06974261021241546, "nonzero_groups": [0, 1, 2, 3, 4, 5, 6]}, {"rank": 7, "bytes": 52903936, "read_s": 0.011872169096022844, "hash_s": 0.06932896981015801, "nonzero_groups": [0, 1, 2, 3, 4, 5, 6]}], "bytes": 423231488, "consume_s": 0.7117254203185439, "ack_s": 0.0015626298263669014, "total_s": 0.7132881903089583, "hold_ms": 0}
127.0.0.1 - - [09/Oct/2026 07:58:53] "POST /consume HTTP/1.1" 200 -
{"mock_phase": "planned", "request_id": "cmpl-8abb4e65ba9d0f28-0-86ca3f53", "rank": 0, "pages": 1579, "bytes": 52903936}
{"mock_phase": "before_read", "rank": 0, "copies": 64, "bytes": 4194304}
{"mock_phase": "read_complete", "rank": 0, "ret": 0, "bytes": 4194304}
{"mock_phase": "before_read", "rank": 0, "copies": 64, "bytes": 4194304}
{"mock_phase": "read_complete", "rank": 0, "ret": 0, "bytes": 4194304}
{"mock_phase": "before_read", "rank": 0, "copies": 64, "bytes": 524288}
{"mock_phase": "read_complete", "rank": 0, "ret": 0, "bytes": 524288}
{"mock_phase": "before_read", "rank": 0, "copies": 64, "bytes": 524288}
{"mock_phase": "read_complete", "rank": 0, "ret": 0, "bytes": 524288}
{"mock_phase": "before_read", "rank": 0, "copies": 64, "bytes": 8192}
{"mock_phase": "read_complete", "rank": 0, "ret": 0, "bytes": 8192}
{"mock_phase": "before_read", "rank": 0, "copies": 64, "bytes": 8192}
{"mock_phase": "read_complete", "rank": 0, "ret": 0, "bytes": 8192}
{"mock_phase": "before_read", "rank": 0, "copies": 64, "bytes": 4194304}
{"mock_phase": "read_complete", "rank": 0, "ret": 0, "bytes": 4194304}
{"mock_phase": "before_read", "rank": 0, "copies": 64, "bytes": 4194304}
{"mock_phase": "read_complete", "rank": 0, "ret": 0, "bytes": 4194304}
{"mock_phase": "before_read", "rank": 0, "copies": 64, "bytes": 524288}
{"mock_phase": "read_complete", "rank": 0, "ret": 0, "bytes": 524288}
{"mock_phase": "before_read", "rank": 0, "copies": 64, "bytes": 524288}
{"mock_phase": "read_complete", "rank": 0, "ret": 0, "bytes": 524288}
{"mock_phase": "before_read", "rank": 0, "copies": 64, "bytes": 8192}
{"mock_phase": "read_complete", "rank": 0, "ret": 0, "bytes": 8192}
{"mock_phase": "before_read", "rank": 0, "copies": 64, "bytes": 8192}
{"mock_phase": "read_complete", "rank": 0, "ret": 0, "bytes": 8192}
{"mock_phase": "before_read", "rank": 0, "copies": 64, "bytes": 4194304}
{"mock_phase": "read_complete", "rank": 0, "ret": 0, "bytes": 4194304}
{"mock_phase": "before_read", "rank": 0, "copies": 64, "bytes": 4194304}
{"mock_phase": "read_complete", "rank": 0, "ret": 0, "bytes": 4194304}
{"mock_phase": "before_read", "rank": 0, "copies": 64, "bytes": 524288}
{"mock_phase": "read_complete", "rank": 0, "ret": 0, "bytes": 524288}
{"mock_phase": "before_read", "rank": 0, "copies": 64, "bytes": 524288}
{"mock_phase": "read_complete", "rank": 0, "ret": 0, "bytes": 524288}
{"mock_phase": "before_read", "rank": 0, "copies": 64, "bytes": 8192}
{"mock_phase": "read_complete", "rank": 0, "ret": 0, "bytes": 8192}
{"mock_phase": "before_read", "rank": 0, "copies": 64, "bytes": 8192}
{"mock_phase": "read_complete", "rank": 0, "ret": 0, "bytes": 8192}
{"mock_phase": "before_read", "rank": 0, "copies": 64, "bytes": 8388608}
{"mock_phase": "read_complete", "rank": 0, "ret": 0, "bytes": 8388608}
{"mock_phase": "before_read", "rank": 0, "copies": 64, "bytes": 8388608}
{"mock_phase": "read_complete", "rank": 0, "ret": 0, "bytes": 8388608}
{"mock_phase": "before_read", "rank": 0, "copies": 64, "bytes": 1048576}
{"mock_phase": "read_complete", "rank": 0, "ret": 0, "bytes": 1048576}
{"mock_phase": "before_read", "rank": 0, "copies": 64, "bytes": 1048576}
{"mock_phase": "read_complete", "rank": 0, "ret": 0, "bytes": 1048576}
{"mock_phase": "before_read", "rank": 0, "copies": 64, "bytes": 16384}
{"mock_phase": "read_complete", "rank": 0, "ret": 0, "bytes": 16384}
{"mock_phase": "before_read", "rank": 0, "copies": 64, "bytes": 16384}
{"mock_phase": "read_complete", "rank": 0, "ret": 0, "bytes": 16384}
{"mock_phase": "before_read", "rank": 0, "copies": 43, "bytes": 5636096}
{"mock_phase": "read_complete", "rank": 0, "ret": 0, "bytes": 5636096}
{"mock_phase": "planned", "request_id": "cmpl-8abb4e65ba9d0f28-0-86ca3f53", "rank": 1, "pages": 1579, "bytes": 52903936}
{"mock_phase": "before_read", "rank": 1, "copies": 64, "bytes": 4194304}
{"mock_phase": "read_complete", "rank": 1, "ret": 0, "bytes": 4194304}
{"mock_phase": "before_read", "rank": 1, "copies": 64, "bytes": 4194304}
{"mock_phase": "read_complete", "rank": 1, "ret": 0, "bytes": 4194304}
{"mock_phase": "before_read", "rank": 1, "copies": 64, "bytes": 524288}
{"mock_phase": "read_complete", "rank": 1, "ret": 0, "bytes": 524288}
{"mock_phase": "before_read", "rank": 1, "copies": 64, "bytes": 524288}
{"mock_phase": "read_complete", "rank": 1, "ret": 0, "bytes": 524288}
{"mock_phase": "before_read", "rank": 1, "copies": 64, "bytes": 8192}
{"mock_phase": "read_complete", "rank": 1, "ret": 0, "bytes": 8192}
{"mock_phase": "before_read", "rank": 1, "copies": 64, "bytes": 8192}
{"mock_phase": "read_complete", "rank": 1, "ret": 0, "bytes": 8192}
{"mock_phase": "before_read", "rank": 1, "copies": 64, "bytes": 4194304}
{"mock_phase": "read_complete", "rank": 1, "ret": 0, "bytes": 4194304}
{"mock_phase": "before_read", "rank": 1, "copies": 64, "bytes": 4194304}
{"mock_phase": "read_complete", "rank": 1, "ret": 0, "bytes": 4194304}
{"mock_phase": "before_read", "rank": 1, "copies": 64, "bytes": 524288}
{"mock_phase": "read_complete", "rank": 1, "ret": 0, "bytes": 524288}
{"mock_phase": "before_read", "rank": 1, "copies": 64, "bytes": 524288}
{"mock_phase": "read_complete", "rank": 1, "ret": 0, "bytes": 524288}
{"mock_phase": "before_read", "rank": 1, "copies": 64, "bytes": 8192}
{"mock_phase": "read_complete", "rank": 1, "ret": 0, "bytes": 8192}
{"mock_phase": "before_read", "rank": 1, "copies": 64, "bytes": 8192}
{"mock_phase": "read_complete", "rank": 1, "ret": 0, "bytes": 8192}
{"mock_phase": "before_read", "rank": 1, "copies": 64, "bytes": 4194304}
{"mock_phase": "read_complete", "rank": 1, "ret": 0, "bytes": 4194304}
{"mock_phase": "before_read", "rank": 1, "copies": 64, "bytes": 4194304}
{"mock_phase": "read_complete", "rank": 1, "ret": 0, "bytes": 4194304}
{"mock_phase": "before_read", "rank": 1, "copies": 64, "bytes": 524288}
{"mock_phase": "read_complete", "rank": 1, "ret": 0, "bytes": 524288}
{"mock_phase": "before_read", "rank": 1, "copies": 64, "bytes": 524288}
{"mock_phase": "read_complete", "rank": 1, "ret": 0, "bytes": 524288}
{"mock_phase": "before_read", "rank": 1, "copies": 64, "bytes": 8192}
{"mock_phase": "read_complete", "rank": 1, "ret": 0, "bytes": 8192}
{"mock_phase": "before_read", "rank": 1, "copies": 64, "bytes": 8192}
{"mock_phase": "read_complete", "rank": 1, "ret": 0, "bytes": 8192}
{"mock_phase": "before_read", "rank": 1, "copies": 64, "bytes": 8388608}
{"mock_phase": "read_complete", "rank": 1, "ret": 0, "bytes": 8388608}
{"mock_phase": "before_read", "rank": 1, "copies": 64, "bytes": 8388608}
{"mock_phase": "read_complete", "rank": 1, "ret": 0, "bytes": 8388608}
{"mock_phase": "before_read", "rank": 1, "copies": 64, "bytes": 1048576}
{"mock_phase": "read_complete", "rank": 1, "ret": 0, "bytes": 1048576}
{"mock_phase": "before_read", "rank": 1, "copies": 64, "bytes": 1048576}
{"mock_phase": "read_complete", "rank": 1, "ret": 0, "bytes": 1048576}
{"mock_phase": "before_read", "rank": 1, "copies": 64, "bytes": 16384}
{"mock_phase": "read_complete", "rank": 1, "ret": 0, "bytes": 16384}
{"mock_phase": "before_read", "rank": 1, "copies": 64, "bytes": 16384}
{"mock_phase": "read_complete", "rank": 1, "ret": 0, "bytes": 16384}
{"mock_phase": "before_read", "rank": 1, "copies": 43, "bytes": 5636096}
{"mock_phase": "read_complete", "rank": 1, "ret": 0, "bytes": 5636096}
{"mock_phase": "planned", "request_id": "cmpl-8abb4e65ba9d0f28-0-86ca3f53", "rank": 2, "pages": 1579, "bytes": 52903936}
{"mock_phase": "before_read", "rank": 2, "copies": 64, "bytes": 4194304}
{"mock_phase": "read_complete", "rank": 2, "ret": 0, "bytes": 4194304}
{"mock_phase": "before_read", "rank": 2, "copies": 64, "bytes": 4194304}
{"mock_phase": "read_complete", "rank": 2, "ret": 0, "bytes": 4194304}
{"mock_phase": "before_read", "rank": 2, "copies": 64, "bytes": 524288}
{"mock_phase": "read_complete", "rank": 2, "ret": 0, "bytes": 524288}
{"mock_phase": "before_read", "rank": 2, "copies": 64, "bytes": 524288}
{"mock_phase": "read_complete", "rank": 2, "ret": 0, "bytes": 524288}
{"mock_phase": "before_read", "rank": 2, "copies": 64, "bytes": 8192}
{"mock_phase": "read_complete", "rank": 2, "ret": 0, "bytes": 8192}
{"mock_phase": "before_read", "rank": 2, "copies": 64, "bytes": 8192}
{"mock_phase": "read_complete", "rank": 2, "ret": 0, "bytes": 8192}
{"mock_phase": "before_read", "rank": 2, "copies": 64, "bytes": 4194304}
{"mock_phase": "read_complete", "rank": 2, "ret": 0, "bytes": 4194304}
{"mock_phase": "before_read", "rank": 2, "copies": 64, "bytes": 4194304}
{"mock_phase": "read_complete", "rank": 2, "ret": 0, "bytes": 4194304}
{"mock_phase": "before_read", "rank": 2, "copies": 64, "bytes": 524288}
{"mock_phase": "read_complete", "rank": 2, "ret": 0, "bytes": 524288}
{"mock_phase": "before_read", "rank": 2, "copies": 64, "bytes": 524288}
{"mock_phase": "read_complete", "rank": 2, "ret": 0, "bytes": 524288}
{"mock_phase": "before_read", "rank": 2, "copies": 64, "bytes": 8192}
{"mock_phase": "read_complete", "rank": 2, "ret": 0, "bytes": 8192}
{"mock_phase": "before_read", "rank": 2, "copies": 64, "bytes": 8192}
{"mock_phase": "read_complete", "rank": 2, "ret": 0, "bytes": 8192}
{"mock_phase": "before_read", "rank": 2, "copies": 64, "bytes": 4194304}
{"mock_phase": "read_complete", "rank": 2, "ret": 0, "bytes": 4194304}
{"mock_phase": "before_read", "rank": 2, "copies": 64, "bytes": 4194304}
{"mock_phase": "read_complete", "rank": 2, "ret": 0, "bytes": 4194304}
{"mock_phase": "before_read", "rank": 2, "copies": 64, "bytes": 524288}
{"mock_phase": "read_complete", "rank": 2, "ret": 0, "bytes": 524288}
{"mock_phase": "before_read", "rank": 2, "copies": 64, "bytes": 524288}
{"mock_phase": "read_complete", "rank": 2, "ret": 0, "bytes": 524288}
{"mock_phase": "before_read", "rank": 2, "copies": 64, "bytes": 8192}
{"mock_phase": "read_complete", "rank": 2, "ret": 0, "bytes": 8192}
{"mock_phase": "before_read", "rank": 2, "copies": 64, "bytes": 8192}
{"mock_phase": "read_complete", "rank": 2, "ret": 0, "bytes": 8192}
{"mock_phase": "before_read", "rank": 2, "copies": 64, "bytes": 8388608}
{"mock_phase": "read_complete", "rank": 2, "ret": 0, "bytes": 8388608}
{"mock_phase": "before_read", "rank": 2, "copies": 64, "bytes": 8388608}
{"mock_phase": "read_complete", "rank": 2, "ret": 0, "bytes": 8388608}
{"mock_phase": "before_read", "rank": 2, "copies": 64, "bytes": 1048576}
{"mock_phase": "read_complete", "rank": 2, "ret": 0, "bytes": 1048576}
{"mock_phase": "before_read", "rank": 2, "copies": 64, "bytes": 1048576}
{"mock_phase": "read_complete", "rank": 2, "ret": 0, "bytes": 1048576}
{"mock_phase": "before_read", "rank": 2, "copies": 64, "bytes": 16384}
{"mock_phase": "read_complete", "rank": 2, "ret": 0, "bytes": 16384}
{"mock_phase": "before_read", "rank": 2, "copies": 64, "bytes": 16384}
{"mock_phase": "read_complete", "rank": 2, "ret": 0, "bytes": 16384}
{"mock_phase": "before_read", "rank": 2, "copies": 43, "bytes": 5636096}
{"mock_phase": "read_complete", "rank": 2, "ret": 0, "bytes": 5636096}
{"mock_phase": "planned", "request_id": "cmpl-8abb4e65ba9d0f28-0-86ca3f53", "rank": 3, "pages": 1579, "bytes": 52903936}
{"mock_phase": "before_read", "rank": 3, "copies": 64, "bytes": 4194304}
{"mock_phase": "read_complete", "rank": 3, "ret": 0, "bytes": 4194304}
{"mock_phase": "before_read", "rank": 3, "copies": 64, "bytes": 4194304}
{"mock_phase": "read_complete", "rank": 3, "ret": 0, "bytes": 4194304}
{"mock_phase": "before_read", "rank": 3, "copies": 64, "bytes": 524288}
{"mock_phase": "read_complete", "rank": 3, "ret": 0, "bytes": 524288}
{"mock_phase": "before_read", "rank": 3, "copies": 64, "bytes": 524288}
{"mock_phase": "read_complete", "rank": 3, "ret": 0, "bytes": 524288}
{"mock_phase": "before_read", "rank": 3, "copies": 64, "bytes": 8192}
{"mock_phase": "read_complete", "rank": 3, "ret": 0, "bytes": 8192}
{"mock_phase": "before_read", "rank": 3, "copies": 64, "bytes": 8192}
{"mock_phase": "read_complete", "rank": 3, "ret": 0, "bytes": 8192}
{"mock_phase": "before_read", "rank": 3, "copies": 64, "bytes": 4194304}
{"mock_phase": "read_complete", "rank": 3, "ret": 0, "bytes": 4194304}
{"mock_phase": "before_read", "rank": 3, "copies": 64, "bytes": 4194304}
{"mock_phase": "read_complete", "rank": 3, "ret": 0, "bytes": 4194304}
{"mock_phase": "before_read", "rank": 3, "copies": 64, "bytes": 524288}
{"mock_phase": "read_complete", "rank": 3, "ret": 0, "bytes": 524288}
{"mock_phase": "before_read", "rank": 3, "copies": 64, "bytes": 524288}
{"mock_phase": "read_complete", "rank": 3, "ret": 0, "bytes": 524288}
{"mock_phase": "before_read", "rank": 3, "copies": 64, "bytes": 8192}
{"mock_phase": "read_complete", "rank": 3, "ret": 0, "bytes": 8192}
{"mock_phase": "before_read", "rank": 3, "copies": 64, "bytes": 8192}
{"mock_phase": "read_complete", "rank": 3, "ret": 0, "bytes": 8192}
{"mock_phase": "before_read", "rank": 3, "copies": 64, "bytes": 4194304}
{"mock_phase": "read_complete", "rank": 3, "ret": 0, "bytes": 4194304}
{"mock_phase": "before_read", "rank": 3, "copies": 64, "bytes": 4194304}
{"mock_phase": "read_complete", "rank": 3, "ret": 0, "bytes": 4194304}
{"mock_phase": "before_read", "rank": 3, "copies": 64, "bytes": 524288}
{"mock_phase": "read_complete", "rank": 3, "ret": 0, "bytes": 524288}
{"mock_phase": "before_read", "rank": 3, "copies": 64, "bytes": 524288}
{"mock_phase": "read_complete", "rank": 3, "ret": 0, "bytes": 524288}
{"mock_phase": "before_read", "rank": 3, "copies": 64, "bytes": 8192}
{"mock_phase": "read_complete", "rank": 3, "ret": 0, "bytes": 8192}
{"mock_phase": "before_read", "rank": 3, "copies": 64, "bytes": 8192}
{"mock_phase": "read_complete", "rank": 3, "ret": 0, "bytes": 8192}
{"mock_phase": "before_read", "rank": 3, "copies": 64, "bytes": 8388608}
{"mock_phase": "read_complete", "rank": 3, "ret": 0, "bytes": 8388608}
{"mock_phase": "before_read", "rank": 3, "copies": 64, "bytes": 8388608}
{"mock_phase": "read_complete", "rank": 3, "ret": 0, "bytes": 8388608}
{"mock_phase": "before_read", "rank": 3, "copies": 64, "bytes": 1048576}
{"mock_phase": "read_complete", "rank": 3, "ret": 0, "bytes": 1048576}
{"mock_phase": "before_read", "rank": 3, "copies": 64, "bytes": 1048576}
{"mock_phase": "read_complete", "rank": 3, "ret": 0, "bytes": 1048576}
{"mock_phase": "before_read", "rank": 3, "copies": 64, "bytes": 16384}
{"mock_phase": "read_complete", "rank": 3, "ret": 0, "bytes": 16384}
{"mock_phase": "before_read", "rank": 3, "copies": 64, "bytes": 16384}
{"mock_phase": "read_complete", "rank": 3, "ret": 0, "bytes": 16384}
{"mock_phase": "before_read", "rank": 3, "copies": 43, "bytes": 5636096}
{"mock_phase": "read_complete", "rank": 3, "ret": 0, "bytes": 5636096}
{"mock_phase": "planned", "request_id": "cmpl-8abb4e65ba9d0f28-0-86ca3f53", "rank": 4, "pages": 1579, "bytes": 52903936}
{"mock_phase": "before_read", "rank": 4, "copies": 64, "bytes": 4194304}
{"mock_phase": "read_complete", "rank": 4, "ret": 0, "bytes": 4194304}
{"mock_phase": "before_read", "rank": 4, "copies": 64, "bytes": 4194304}
{"mock_phase": "read_complete", "rank": 4, "ret": 0, "bytes": 4194304}
{"mock_phase": "before_read", "rank": 4, "copies": 64, "bytes": 524288}
{"mock_phase": "read_complete", "rank": 4, "ret": 0, "bytes": 524288}
{"mock_phase": "before_read", "rank": 4, "copies": 64, "bytes": 524288}
{"mock_phase": "read_complete", "rank": 4, "ret": 0, "bytes": 524288}
{"mock_phase": "before_read", "rank": 4, "copies": 64, "bytes": 8192}
{"mock_phase": "read_complete", "rank": 4, "ret": 0, "bytes": 8192}
{"mock_phase": "before_read", "rank": 4, "copies": 64, "bytes": 8192}
{"mock_phase": "read_complete", "rank": 4, "ret": 0, "bytes": 8192}
{"mock_phase": "before_read", "rank": 4, "copies": 64, "bytes": 4194304}
{"mock_phase": "read_complete", "rank": 4, "ret": 0, "bytes": 4194304}
{"mock_phase": "before_read", "rank": 4, "copies": 64, "bytes": 4194304}
{"mock_phase": "read_complete", "rank": 4, "ret": 0, "bytes": 4194304}
{"mock_phase": "before_read", "rank": 4, "copies": 64, "bytes": 524288}
{"mock_phase": "read_complete", "rank": 4, "ret": 0, "bytes": 524288}
{"mock_phase": "before_read", "rank": 4, "copies": 64, "bytes": 524288}
{"mock_phase": "read_complete", "rank": 4, "ret": 0, "bytes": 524288}
{"mock_phase": "before_read", "rank": 4, "copies": 64, "bytes": 8192}
{"mock_phase": "read_complete", "rank": 4, "ret": 0, "bytes": 8192}
{"mock_phase": "before_read", "rank": 4, "copies": 64, "bytes": 8192}
{"mock_phase": "read_complete", "rank": 4, "ret": 0, "bytes": 8192}
{"mock_phase": "before_read", "rank": 4, "copies": 64, "bytes": 4194304}
{"mock_phase": "read_complete", "rank": 4, "ret": 0, "bytes": 4194304}
{"mock_phase": "before_read", "rank": 4, "copies": 64, "bytes": 4194304}
{"mock_phase": "read_complete", "rank": 4, "ret": 0, "bytes": 4194304}
{"mock_phase": "before_read", "rank": 4, "copies": 64, "bytes": 524288}
{"mock_phase": "read_complete", "rank": 4, "ret": 0, "bytes": 524288}
{"mock_phase": "before_read", "rank": 4, "copies": 64, "bytes": 524288}
{"mock_phase": "read_complete", "rank": 4, "ret": 0, "bytes": 524288}
{"mock_phase": "before_read", "rank": 4, "copies": 64, "bytes": 8192}
{"mock_phase": "read_complete", "rank": 4, "ret": 0, "bytes": 8192}
{"mock_phase": "before_read", "rank": 4, "copies": 64, "bytes": 8192}
{"mock_phase": "read_complete", "rank": 4, "ret": 0, "bytes": 8192}
{"mock_phase": "before_read", "rank": 4, "copies": 64, "bytes": 8388608}
{"mock_phase": "read_complete", "rank": 4, "ret": 0, "bytes": 8388608}
{"mock_phase": "before_read", "rank": 4, "copies": 64, "bytes": 8388608}
{"mock_phase": "read_complete", "rank": 4, "ret": 0, "bytes": 8388608}
{"mock_phase": "before_read", "rank": 4, "copies": 64, "bytes": 1048576}
{"mock_phase": "read_complete", "rank": 4, "ret": 0, "bytes": 1048576}
{"mock_phase": "before_read", "rank": 4, "copies": 64, "bytes": 1048576}
{"mock_phase": "read_complete", "rank": 4, "ret": 0, "bytes": 1048576}
{"mock_phase": "before_read", "rank": 4, "copies": 64, "bytes": 16384}
{"mock_phase": "read_complete", "rank": 4, "ret": 0, "bytes": 16384}
{"mock_phase": "before_read", "rank": 4, "copies": 64, "bytes": 16384}
{"mock_phase": "read_complete", "rank": 4, "ret": 0, "bytes": 16384}
{"mock_phase": "before_read", "rank": 4, "copies": 43, "bytes": 5636096}
{"mock_phase": "read_complete", "rank": 4, "ret": 0, "bytes": 5636096}
{"mock_phase": "planned", "request_id": "cmpl-8abb4e65ba9d0f28-0-86ca3f53", "rank": 5, "pages": 1579, "bytes": 52903936}
{"mock_phase": "before_read", "rank": 5, "copies": 64, "bytes": 4194304}
{"mock_phase": "read_complete", "rank": 5, "ret": 0, "bytes": 4194304}
{"mock_phase": "before_read", "rank": 5, "copies": 64, "bytes": 4194304}
{"mock_phase": "read_complete", "rank": 5, "ret": 0, "bytes": 4194304}
{"mock_phase": "before_read", "rank": 5, "copies": 64, "bytes": 524288}
{"mock_phase": "read_complete", "rank": 5, "ret": 0, "bytes": 524288}
{"mock_phase": "before_read", "rank": 5, "copies": 64, "bytes": 524288}
{"mock_phase": "read_complete", "rank": 5, "ret": 0, "bytes": 524288}
{"mock_phase": "before_read", "rank": 5, "copies": 64, "bytes": 8192}
{"mock_phase": "read_complete", "rank": 5, "ret": 0, "bytes": 8192}
{"mock_phase": "before_read", "rank": 5, "copies": 64, "bytes": 8192}
{"mock_phase": "read_complete", "rank": 5, "ret": 0, "bytes": 8192}
{"mock_phase": "before_read", "rank": 5, "copies": 64, "bytes": 4194304}
{"mock_phase": "read_complete", "rank": 5, "ret": 0, "bytes": 4194304}
{"mock_phase": "before_read", "rank": 5, "copies": 64, "bytes": 4194304}
{"mock_phase": "read_complete", "rank": 5, "ret": 0, "bytes": 4194304}
{"mock_phase": "before_read", "rank": 5, "copies": 64, "bytes": 524288}
{"mock_phase": "read_complete", "rank": 5, "ret": 0, "bytes": 524288}
{"mock_phase": "before_read", "rank": 5, "copies": 64, "bytes": 524288}
{"mock_phase": "read_complete", "rank": 5, "ret": 0, "bytes": 524288}
{"mock_phase": "before_read", "rank": 5, "copies": 64, "bytes": 8192}
{"mock_phase": "read_complete", "rank": 5, "ret": 0, "bytes": 8192}
{"mock_phase": "before_read", "rank": 5, "copies": 64, "bytes": 8192}
{"mock_phase": "read_complete", "rank": 5, "ret": 0, "bytes": 8192}
{"mock_phase": "before_read", "rank": 5, "copies": 64, "bytes": 4194304}
{"mock_phase": "read_complete", "rank": 5, "ret": 0, "bytes": 4194304}
{"mock_phase": "before_read", "rank": 5, "copies": 64, "bytes": 4194304}
{"mock_phase": "read_complete", "rank": 5, "ret": 0, "bytes": 4194304}
{"mock_phase": "before_read", "rank": 5, "copies": 64, "bytes": 524288}
{"mock_phase": "read_complete", "rank": 5, "ret": 0, "bytes": 524288}
{"mock_phase": "before_read", "rank": 5, "copies": 64, "bytes": 524288}
{"mock_phase": "read_complete", "rank": 5, "ret": 0, "bytes": 524288}
{"mock_phase": "before_read", "rank": 5, "copies": 64, "bytes": 8192}
{"mock_phase": "read_complete", "rank": 5, "ret": 0, "bytes": 8192}
{"mock_phase": "before_read", "rank": 5, "copies": 64, "bytes": 8192}
{"mock_phase": "read_complete", "rank": 5, "ret": 0, "bytes": 8192}
{"mock_phase": "before_read", "rank": 5, "copies": 64, "bytes": 8388608}
{"mock_phase": "read_complete", "rank": 5, "ret": 0, "bytes": 8388608}
{"mock_phase": "before_read", "rank": 5, "copies": 64, "bytes": 8388608}
{"mock_phase": "read_complete", "rank": 5, "ret": 0, "bytes": 8388608}
{"mock_phase": "before_read", "rank": 5, "copies": 64, "bytes": 1048576}
{"mock_phase": "read_complete", "rank": 5, "ret": 0, "bytes": 1048576}
{"mock_phase": "before_read", "rank": 5, "copies": 64, "bytes": 1048576}
{"mock_phase": "read_complete", "rank": 5, "ret": 0, "bytes": 1048576}
{"mock_phase": "before_read", "rank": 5, "copies": 64, "bytes": 16384}
{"mock_phase": "read_complete", "rank": 5, "ret": 0, "bytes": 16384}
{"mock_phase": "before_read", "rank": 5, "copies": 64, "bytes": 16384}
{"mock_phase": "read_complete", "rank": 5, "ret": 0, "bytes": 16384}
{"mock_phase": "before_read", "rank": 5, "copies": 43, "bytes": 5636096}
{"mock_phase": "read_complete", "rank": 5, "ret": 0, "bytes": 5636096}
{"mock_phase": "planned", "request_id": "cmpl-8abb4e65ba9d0f28-0-86ca3f53", "rank": 6, "pages": 1579, "bytes": 52903936}
{"mock_phase": "before_read", "rank": 6, "copies": 64, "bytes": 4194304}
{"mock_phase": "read_complete", "rank": 6, "ret": 0, "bytes": 4194304}
{"mock_phase": "before_read", "rank": 6, "copies": 64, "bytes": 4194304}
{"mock_phase": "read_complete", "rank": 6, "ret": 0, "bytes": 4194304}
{"mock_phase": "before_read", "rank": 6, "copies": 64, "bytes": 524288}
{"mock_phase": "read_complete", "rank": 6, "ret": 0, "bytes": 524288}
{"mock_phase": "before_read", "rank": 6, "copies": 64, "bytes": 524288}
{"mock_phase": "read_complete", "rank": 6, "ret": 0, "bytes": 524288}
{"mock_phase": "before_read", "rank": 6, "copies": 64, "bytes": 8192}
{"mock_phase": "read_complete", "rank": 6, "ret": 0, "bytes": 8192}
{"mock_phase": "before_read", "rank": 6, "copies": 64, "bytes": 8192}
{"mock_phase": "read_complete", "rank": 6, "ret": 0, "bytes": 8192}
{"mock_phase": "before_read", "rank": 6, "copies": 64, "bytes": 4194304}
{"mock_phase": "read_complete", "rank": 6, "ret": 0, "bytes": 4194304}
{"mock_phase": "before_read", "rank": 6, "copies": 64, "bytes": 4194304}
{"mock_phase": "read_complete", "rank": 6, "ret": 0, "bytes": 4194304}
{"mock_phase": "before_read", "rank": 6, "copies": 64, "bytes": 524288}
{"mock_phase": "read_complete", "rank": 6, "ret": 0, "bytes": 524288}
{"mock_phase": "before_read", "rank": 6, "copies": 64, "bytes": 524288}
{"mock_phase": "read_complete", "rank": 6, "ret": 0, "bytes": 524288}
{"mock_phase": "before_read", "rank": 6, "copies": 64, "bytes": 8192}
{"mock_phase": "read_complete", "rank": 6, "ret": 0, "bytes": 8192}
{"mock_phase": "before_read", "rank": 6, "copies": 64, "bytes": 8192}
{"mock_phase": "read_complete", "rank": 6, "ret": 0, "bytes": 8192}
{"mock_phase": "before_read", "rank": 6, "copies": 64, "bytes": 4194304}
{"mock_phase": "read_complete", "rank": 6, "ret": 0, "bytes": 4194304}
{"mock_phase": "before_read", "rank": 6, "copies": 64, "bytes": 4194304}
{"mock_phase": "read_complete", "rank": 6, "ret": 0, "bytes": 4194304}
{"mock_phase": "before_read", "rank": 6, "copies": 64, "bytes": 524288}
{"mock_phase": "read_complete", "rank": 6, "ret": 0, "bytes": 524288}
{"mock_phase": "before_read", "rank": 6, "copies": 64, "bytes": 524288}
{"mock_phase": "read_complete", "rank": 6, "ret": 0, "bytes": 524288}
{"mock_phase": "before_read", "rank": 6, "copies": 64, "bytes": 8192}
{"mock_phase": "read_complete", "rank": 6, "ret": 0, "bytes": 8192}
{"mock_phase": "before_read", "rank": 6, "copies": 64, "bytes": 8192}
{"mock_phase": "read_complete", "rank": 6, "ret": 0, "bytes": 8192}
{"mock_phase": "before_read", "rank": 6, "copies": 64, "bytes": 8388608}
{"mock_phase": "read_complete", "rank": 6, "ret": 0, "bytes": 8388608}
{"mock_phase": "before_read", "rank": 6, "copies": 64, "bytes": 8388608}
{"mock_phase": "read_complete", "rank": 6, "ret": 0, "bytes": 8388608}
{"mock_phase": "before_read", "rank": 6, "copies": 64, "bytes": 1048576}
{"mock_phase": "read_complete", "rank": 6, "ret": 0, "bytes": 1048576}
{"mock_phase": "before_read", "rank": 6, "copies": 64, "bytes": 1048576}
{"mock_phase": "read_complete", "rank": 6, "ret": 0, "bytes": 1048576}
{"mock_phase": "before_read", "rank": 6, "copies": 64, "bytes": 16384}
{"mock_phase": "read_complete", "rank": 6, "ret": 0, "bytes": 16384}
{"mock_phase": "before_read", "rank": 6, "copies": 64, "bytes": 16384}
{"mock_phase": "read_complete", "rank": 6, "ret": 0, "bytes": 16384}
{"mock_phase": "before_read", "rank": 6, "copies": 43, "bytes": 5636096}
{"mock_phase": "read_complete", "rank": 6, "ret": 0, "bytes": 5636096}
{"mock_phase": "planned", "request_id": "cmpl-8abb4e65ba9d0f28-0-86ca3f53", "rank": 7, "pages": 1579, "bytes": 52903936}
{"mock_phase": "before_read", "rank": 7, "copies": 64, "bytes": 4194304}
{"mock_phase": "read_complete", "rank": 7, "ret": 0, "bytes": 4194304}
{"mock_phase": "before_read", "rank": 7, "copies": 64, "bytes": 4194304}
{"mock_phase": "read_complete", "rank": 7, "ret": 0, "bytes": 4194304}
{"mock_phase": "before_read", "rank": 7, "copies": 64, "bytes": 524288}
{"mock_phase": "read_complete", "rank": 7, "ret": 0, "bytes": 524288}
{"mock_phase": "before_read", "rank": 7, "copies": 64, "bytes": 524288}
{"mock_phase": "read_complete", "rank": 7, "ret": 0, "bytes": 524288}
{"mock_phase": "before_read", "rank": 7, "copies": 64, "bytes": 8192}
{"mock_phase": "read_complete", "rank": 7, "ret": 0, "bytes": 8192}
{"mock_phase": "before_read", "rank": 7, "copies": 64, "bytes": 8192}
{"mock_phase": "read_complete", "rank": 7, "ret": 0, "bytes": 8192}
{"mock_phase": "before_read", "rank": 7, "copies": 64, "bytes": 4194304}
{"mock_phase": "read_complete", "rank": 7, "ret": 0, "bytes": 4194304}
{"mock_phase": "before_read", "rank": 7, "copies": 64, "bytes": 4194304}
{"mock_phase": "read_complete", "rank": 7, "ret": 0, "bytes": 4194304}
{"mock_phase": "before_read", "rank": 7, "copies": 64, "bytes": 524288}
{"mock_phase": "read_complete", "rank": 7, "ret": 0, "bytes": 524288}
{"mock_phase": "before_read", "rank": 7, "copies": 64, "bytes": 524288}
{"mock_phase": "read_complete", "rank": 7, "ret": 0, "bytes": 524288}
{"mock_phase": "before_read", "rank": 7, "copies": 64, "bytes": 8192}
{"mock_phase": "read_complete", "rank": 7, "ret": 0, "bytes": 8192}
{"mock_phase": "before_read", "rank": 7, "copies": 64, "bytes": 8192}
{"mock_phase": "read_complete", "rank": 7, "ret": 0, "bytes": 8192}
{"mock_phase": "before_read", "rank": 7, "copies": 64, "bytes": 4194304}
{"mock_phase": "read_complete", "rank": 7, "ret": 0, "bytes": 4194304}
{"mock_phase": "before_read", "rank": 7, "copies": 64, "bytes": 4194304}
{"mock_phase": "read_complete", "rank": 7, "ret": 0, "bytes": 4194304}
{"mock_phase": "before_read", "rank": 7, "copies": 64, "bytes": 524288}
{"mock_phase": "read_complete", "rank": 7, "ret": 0, "bytes": 524288}
{"mock_phase": "before_read", "rank": 7, "copies": 64, "bytes": 524288}
{"mock_phase": "read_complete", "rank": 7, "ret": 0, "bytes": 524288}
{"mock_phase": "before_read", "rank": 7, "copies": 64, "bytes": 8192}
{"mock_phase": "read_complete", "rank": 7, "ret": 0, "bytes": 8192}
{"mock_phase": "before_read", "rank": 7, "copies": 64, "bytes": 8192}
{"mock_phase": "read_complete", "rank": 7, "ret": 0, "bytes": 8192}
{"mock_phase": "before_read", "rank": 7, "copies": 64, "bytes": 8388608}
{"mock_phase": "read_complete", "rank": 7, "ret": 0, "bytes": 8388608}
{"mock_phase": "before_read", "rank": 7, "copies": 64, "bytes": 8388608}
{"mock_phase": "read_complete", "rank": 7, "ret": 0, "bytes": 8388608}
{"mock_phase": "before_read", "rank": 7, "copies": 64, "bytes": 1048576}
{"mock_phase": "read_complete", "rank": 7, "ret": 0, "bytes": 1048576}
{"mock_phase": "before_read", "rank": 7, "copies": 64, "bytes": 1048576}
{"mock_phase": "read_complete", "rank": 7, "ret": 0, "bytes": 1048576}
{"mock_phase": "before_read", "rank": 7, "copies": 64, "bytes": 16384}
{"mock_phase": "read_complete", "rank": 7, "ret": 0, "bytes": 16384}
{"mock_phase": "before_read", "rank": 7, "copies": 64, "bytes": 16384}
{"mock_phase": "read_complete", "rank": 7, "ret": 0, "bytes": 16384}
{"mock_phase": "before_read", "rank": 7, "copies": 43, "bytes": 5636096}
{"mock_phase": "read_complete", "rank": 7, "ret": 0, "bytes": 5636096}
{"ok": true, "request_id": "cmpl-8abb4e65ba9d0f28-0-86ca3f53", "ranks": [{"rank": 0, "bytes": 52903936, "read_s": 0.012998159509152174, "hash_s": 0.07183530973270535, "nonzero_groups": [0, 1, 2, 3, 4, 5, 6]}, {"rank": 1, "bytes": 52903936, "read_s": 0.012459888588637114, "hash_s": 0.07101851282641292, "nonzero_groups": [0, 1, 2, 3, 4, 5, 6]}, {"rank": 2, "bytes": 52903936, "read_s": 0.012080409098416567, "hash_s": 0.07107284013181925, "nonzero_groups": [0, 1, 2, 3, 4, 5, 6]}, {"rank": 3, "bytes": 52903936, "read_s": 0.012277760077267885, "hash_s": 0.0710410620085895, "nonzero_groups": [0, 1, 2, 3, 4, 5, 6]}, {"rank": 4, "bytes": 52903936, "read_s": 0.012281608302146196, "hash_s": 0.07135190116241574, "nonzero_groups": [0, 1, 2, 3, 4, 5, 6]}, {"rank": 5, "bytes": 52903936, "read_s": 0.012330019380897284, "hash_s": 0.07040345016866922, "nonzero_groups": [0, 1, 2, 3, 4, 5, 6]}, {"rank": 6, "bytes": 52903936, "read_s": 0.01188780041411519, "hash_s": 0.07094969041645527, "nonzero_groups": [0, 1, 2, 3, 4, 5, 6]}, {"rank": 7, "bytes": 52903936, "read_s": 0.011977579444646835, "hash_s": 0.06995952082797885, "nonzero_groups": [0, 1, 2, 3, 4, 5, 6]}], "bytes": 423231488, "consume_s": 0.7199982199817896, "ack_s": 0.0030267597176134586, "total_s": 0.7230251296423376, "hold_ms": 0}
127.0.0.1 - - [09/Oct/2026 07:58:54] "POST /consume HTTP/1.1" 200 -
{"mock_phase": "planned", "request_id": "cmpl-830869595306c588-0-aeacb689", "rank": 0, "pages": 1579, "bytes": 52903936}
{"mock_phase": "before_read", "rank": 0, "copies": 64, "bytes": 4194304}
{"mock_phase": "read_complete", "rank": 0, "ret": 0, "bytes": 4194304}
{"mock_phase": "before_read", "rank": 0, "copies": 64, "bytes": 4194304}
{"mock_phase": "read_complete", "rank": 0, "ret": 0, "bytes": 4194304}
{"mock_phase": "before_read", "rank": 0, "copies": 64, "bytes": 524288}
{"mock_phase": "read_complete", "rank": 0, "ret": 0, "bytes": 524288}
{"mock_phase": "before_read", "rank": 0, "copies": 64, "bytes": 524288}
{"mock_phase": "read_complete", "rank": 0, "ret": 0, "bytes": 524288}
{"mock_phase": "before_read", "rank": 0, "copies": 64, "bytes": 8192}
{"mock_phase": "read_complete", "rank": 0, "ret": 0, "bytes": 8192}
{"mock_phase": "before_read", "rank": 0, "copies": 64, "bytes": 8192}
{"mock_phase": "read_complete", "rank": 0, "ret": 0, "bytes": 8192}
{"mock_phase": "before_read", "rank": 0, "copies": 64, "bytes": 4194304}
{"mock_phase": "read_complete", "rank": 0, "ret": 0, "bytes": 4194304}
{"mock_phase": "before_read", "rank": 0, "copies": 64, "bytes": 4194304}
{"mock_phase": "read_complete", "rank": 0, "ret": 0, "bytes": 4194304}
{"mock_phase": "before_read", "rank": 0, "copies": 64, "bytes": 524288}
{"mock_phase": "read_complete", "rank": 0, "ret": 0, "bytes": 524288}
{"mock_phase": "before_read", "rank": 0, "copies": 64, "bytes": 524288}
{"mock_phase": "read_complete", "rank": 0, "ret": 0, "bytes": 524288}
{"mock_phase": "before_read", "rank": 0, "copies": 64, "bytes": 8192}
{"mock_phase": "read_complete", "rank": 0, "ret": 0, "bytes": 8192}
{"mock_phase": "before_read", "rank": 0, "copies": 64, "bytes": 8192}
{"mock_phase": "read_complete", "rank": 0, "ret": 0, "bytes": 8192}
{"mock_phase": "before_read", "rank": 0, "copies": 64, "bytes": 4194304}
{"mock_phase": "read_complete", "rank": 0, "ret": 0, "bytes": 4194304}
{"mock_phase": "before_read", "rank": 0, "copies": 64, "bytes": 4194304}
{"mock_phase": "read_complete", "rank": 0, "ret": 0, "bytes": 4194304}
{"mock_phase": "before_read", "rank": 0, "copies": 64, "bytes": 524288}
{"mock_phase": "read_complete", "rank": 0, "ret": 0, "bytes": 524288}
{"mock_phase": "before_read", "rank": 0, "copies": 64, "bytes": 524288}
{"mock_phase": "read_complete", "rank": 0, "ret": 0, "bytes": 524288}
{"mock_phase": "before_read", "rank": 0, "copies": 64, "bytes": 8192}
{"mock_phase": "read_complete", "rank": 0, "ret": 0, "bytes": 8192}
{"mock_phase": "before_read", "rank": 0, "copies": 64, "bytes": 8192}
{"mock_phase": "read_complete", "rank": 0, "ret": 0, "bytes": 8192}
{"mock_phase": "before_read", "rank": 0, "copies": 64, "bytes": 8388608}
{"mock_phase": "read_complete", "rank": 0, "ret": 0, "bytes": 8388608}
{"mock_phase": "before_read", "rank": 0, "copies": 64, "bytes": 8388608}
{"mock_phase": "read_complete", "rank": 0, "ret": 0, "bytes": 8388608}
{"mock_phase": "before_read", "rank": 0, "copies": 64, "bytes": 1048576}
{"mock_phase": "read_complete", "rank": 0, "ret": 0, "bytes": 1048576}
{"mock_phase": "before_read", "rank": 0, "copies": 64, "bytes": 1048576}
{"mock_phase": "read_complete", "rank": 0, "ret": 0, "bytes": 1048576}
{"mock_phase": "before_read", "rank": 0, "copies": 64, "bytes": 16384}
{"mock_phase": "read_complete", "rank": 0, "ret": 0, "bytes": 16384}
{"mock_phase": "before_read", "rank": 0, "copies": 64, "bytes": 16384}
{"mock_phase": "read_complete", "rank": 0, "ret": 0, "bytes": 16384}
{"mock_phase": "before_read", "rank": 0, "copies": 43, "bytes": 5636096}
{"mock_phase": "read_complete", "rank": 0, "ret": 0, "bytes": 5636096}
{"mock_phase": "planned", "request_id": "cmpl-830869595306c588-0-aeacb689", "rank": 1, "pages": 1579, "bytes": 52903936}
{"mock_phase": "before_read", "rank": 1, "copies": 64, "bytes": 4194304}
{"mock_phase": "read_complete", "rank": 1, "ret": 0, "bytes": 4194304}
{"mock_phase": "before_read", "rank": 1, "copies": 64, "bytes": 4194304}
{"mock_phase": "read_complete", "rank": 1, "ret": 0, "bytes": 4194304}
{"mock_phase": "before_read", "rank": 1, "copies": 64, "bytes": 524288}
{"mock_phase": "read_complete", "rank": 1, "ret": 0, "bytes": 524288}
{"mock_phase": "before_read", "rank": 1, "copies": 64, "bytes": 524288}
{"mock_phase": "read_complete", "rank": 1, "ret": 0, "bytes": 524288}
{"mock_phase": "before_read", "rank": 1, "copies": 64, "bytes": 8192}
{"mock_phase": "read_complete", "rank": 1, "ret": 0, "bytes": 8192}
{"mock_phase": "before_read", "rank": 1, "copies": 64, "bytes": 8192}
{"mock_phase": "read_complete", "rank": 1, "ret": 0, "bytes": 8192}
{"mock_phase": "before_read", "rank": 1, "copies": 64, "bytes": 4194304}
{"mock_phase": "read_complete", "rank": 1, "ret": 0, "bytes": 4194304}
{"mock_phase": "before_read", "rank": 1, "copies": 64, "bytes": 4194304}
{"mock_phase": "read_complete", "rank": 1, "ret": 0, "bytes": 4194304}
{"mock_phase": "before_read", "rank": 1, "copies": 64, "bytes": 524288}
{"mock_phase": "read_complete", "rank": 1, "ret": 0, "bytes": 524288}
{"mock_phase": "before_read", "rank": 1, "copies": 64, "bytes": 524288}
{"mock_phase": "read_complete", "rank": 1, "ret": 0, "bytes": 524288}
{"mock_phase": "before_read", "rank": 1, "copies": 64, "bytes": 8192}
{"mock_phase": "read_complete", "rank": 1, "ret": 0, "bytes": 8192}
{"mock_phase": "before_read", "rank": 1, "copies": 64, "bytes": 8192}
{"mock_phase": "read_complete", "rank": 1, "ret": 0, "bytes": 8192}
{"mock_phase": "before_read", "rank": 1, "copies": 64, "bytes": 4194304}
{"mock_phase": "read_complete", "rank": 1, "ret": 0, "bytes": 4194304}
{"mock_phase": "before_read", "rank": 1, "copies": 64, "bytes": 4194304}
{"mock_phase": "read_complete", "rank": 1, "ret": 0, "bytes": 4194304}
{"mock_phase": "before_read", "rank": 1, "copies": 64, "bytes": 524288}
{"mock_phase": "read_complete", "rank": 1, "ret": 0, "bytes": 524288}
{"mock_phase": "before_read", "rank": 1, "copies": 64, "bytes": 524288}
{"mock_phase": "read_complete", "rank": 1, "ret": 0, "bytes": 524288}
{"mock_phase": "before_read", "rank": 1, "copies": 64, "bytes": 8192}
{"mock_phase": "read_complete", "rank": 1, "ret": 0, "bytes": 8192}
{"mock_phase": "before_read", "rank": 1, "copies": 64, "bytes": 8192}
{"mock_phase": "read_complete", "rank": 1, "ret": 0, "bytes": 8192}
{"mock_phase": "before_read", "rank": 1, "copies": 64, "bytes": 8388608}
{"mock_phase": "read_complete", "rank": 1, "ret": 0, "bytes": 8388608}
{"mock_phase": "before_read", "rank": 1, "copies": 64, "bytes": 8388608}
{"mock_phase": "read_complete", "rank": 1, "ret": 0, "bytes": 8388608}
{"mock_phase": "before_read", "rank": 1, "copies": 64, "bytes": 1048576}
{"mock_phase": "read_complete", "rank": 1, "ret": 0, "bytes": 1048576}
{"mock_phase": "before_read", "rank": 1, "copies": 64, "bytes": 1048576}
{"mock_phase": "read_complete", "rank": 1, "ret": 0, "bytes": 1048576}
{"mock_phase": "before_read", "rank": 1, "copies": 64, "bytes": 16384}
{"mock_phase": "read_complete", "rank": 1, "ret": 0, "bytes": 16384}
{"mock_phase": "before_read", "rank": 1, "copies": 64, "bytes": 16384}
{"mock_phase": "read_complete", "rank": 1, "ret": 0, "bytes": 16384}
{"mock_phase": "before_read", "rank": 1, "copies": 43, "bytes": 5636096}
{"mock_phase": "read_complete", "rank": 1, "ret": 0, "bytes": 5636096}
{"mock_phase": "planned", "request_id": "cmpl-830869595306c588-0-aeacb689", "rank": 2, "pages": 1579, "bytes": 52903936}
{"mock_phase": "before_read", "rank": 2, "copies": 64, "bytes": 4194304}
{"mock_phase": "read_complete", "rank": 2, "ret": 0, "bytes": 4194304}
{"mock_phase": "before_read", "rank": 2, "copies": 64, "bytes": 4194304}
{"mock_phase": "read_complete", "rank": 2, "ret": 0, "bytes": 4194304}
{"mock_phase": "before_read", "rank": 2, "copies": 64, "bytes": 524288}
{"mock_phase": "read_complete", "rank": 2, "ret": 0, "bytes": 524288}
{"mock_phase": "before_read", "rank": 2, "copies": 64, "bytes": 524288}
{"mock_phase": "read_complete", "rank": 2, "ret": 0, "bytes": 524288}
{"mock_phase": "before_read", "rank": 2, "copies": 64, "bytes": 8192}
{"mock_phase": "read_complete", "rank": 2, "ret": 0, "bytes": 8192}
{"mock_phase": "before_read", "rank": 2, "copies": 64, "bytes": 8192}
{"mock_phase": "read_complete", "rank": 2, "ret": 0, "bytes": 8192}
{"mock_phase": "before_read", "rank": 2, "copies": 64, "bytes": 4194304}
{"mock_phase": "read_complete", "rank": 2, "ret": 0, "bytes": 4194304}
{"mock_phase": "before_read", "rank": 2, "copies": 64, "bytes": 4194304}
{"mock_phase": "read_complete", "rank": 2, "ret": 0, "bytes": 4194304}
{"mock_phase": "before_read", "rank": 2, "copies": 64, "bytes": 524288}
{"mock_phase": "read_complete", "rank": 2, "ret": 0, "bytes": 524288}
{"mock_phase": "before_read", "rank": 2, "copies": 64, "bytes": 524288}
{"mock_phase": "read_complete", "rank": 2, "ret": 0, "bytes": 524288}
{"mock_phase": "before_read", "rank": 2, "copies": 64, "bytes": 8192}
{"mock_phase": "read_complete", "rank": 2, "ret": 0, "bytes": 8192}
{"mock_phase": "before_read", "rank": 2, "copies": 64, "bytes": 8192}
{"mock_phase": "read_complete", "rank": 2, "ret": 0, "bytes": 8192}
{"mock_phase": "before_read", "rank": 2, "copies": 64, "bytes": 4194304}
{"mock_phase": "read_complete", "rank": 2, "ret": 0, "bytes": 4194304}
{"mock_phase": "before_read", "rank": 2, "copies": 64, "bytes": 4194304}
{"mock_phase": "read_complete", "rank": 2, "ret": 0, "bytes": 4194304}
{"mock_phase": "before_read", "rank": 2, "copies": 64, "bytes": 524288}
{"mock_phase": "read_complete", "rank": 2, "ret": 0, "bytes": 524288}
{"mock_phase": "before_read", "rank": 2, "copies": 64, "bytes": 524288}
{"mock_phase": "read_complete", "rank": 2, "ret": 0, "bytes": 524288}
{"mock_phase": "before_read", "rank": 2, "copies": 64, "bytes": 8192}
{"mock_phase": "read_complete", "rank": 2, "ret": 0, "bytes": 8192}
{"mock_phase": "before_read", "rank": 2, "copies": 64, "bytes": 8192}
{"mock_phase": "read_complete", "rank": 2, "ret": 0, "bytes": 8192}
{"mock_phase": "before_read", "rank": 2, "copies": 64, "bytes": 8388608}
{"mock_phase": "read_complete", "rank": 2, "ret": 0, "bytes": 8388608}
{"mock_phase": "before_read", "rank": 2, "copies": 64, "bytes": 8388608}
{"mock_phase": "read_complete", "rank": 2, "ret": 0, "bytes": 8388608}
{"mock_phase": "before_read", "rank": 2, "copies": 64, "bytes": 1048576}
{"mock_phase": "read_complete", "rank": 2, "ret": 0, "bytes": 1048576}
{"mock_phase": "before_read", "rank": 2, "copies": 64, "bytes": 1048576}
{"mock_phase": "read_complete", "rank": 2, "ret": 0, "bytes": 1048576}
{"mock_phase": "before_read", "rank": 2, "copies": 64, "bytes": 16384}
{"mock_phase": "read_complete", "rank": 2, "ret": 0, "bytes": 16384}
{"mock_phase": "before_read", "rank": 2, "copies": 64, "bytes": 16384}
{"mock_phase": "read_complete", "rank": 2, "ret": 0, "bytes": 16384}
{"mock_phase": "before_read", "rank": 2, "copies": 43, "bytes": 5636096}
{"mock_phase": "read_complete", "rank": 2, "ret": 0, "bytes": 5636096}
{"mock_phase": "planned", "request_id": "cmpl-830869595306c588-0-aeacb689", "rank": 3, "pages": 1579, "bytes": 52903936}
{"mock_phase": "before_read", "rank": 3, "copies": 64, "bytes": 4194304}
{"mock_phase": "read_complete", "rank": 3, "ret": 0, "bytes": 4194304}
{"mock_phase": "before_read", "rank": 3, "copies": 64, "bytes": 4194304}
{"mock_phase": "read_complete", "rank": 3, "ret": 0, "bytes": 4194304}
{"mock_phase": "before_read", "rank": 3, "copies": 64, "bytes": 524288}
{"mock_phase": "read_complete", "rank": 3, "ret": 0, "bytes": 524288}
{"mock_phase": "before_read", "rank": 3, "copies": 64, "bytes": 524288}
{"mock_phase": "read_complete", "rank": 3, "ret": 0, "bytes": 524288}
{"mock_phase": "before_read", "rank": 3, "copies": 64, "bytes": 8192}
{"mock_phase": "read_complete", "rank": 3, "ret": 0, "bytes": 8192}
{"mock_phase": "before_read", "rank": 3, "copies": 64, "bytes": 8192}
{"mock_phase": "read_complete", "rank": 3, "ret": 0, "bytes": 8192}
{"mock_phase": "before_read", "rank": 3, "copies": 64, "bytes": 4194304}
{"mock_phase": "read_complete", "rank": 3, "ret": 0, "bytes": 4194304}
{"mock_phase": "before_read", "rank": 3, "copies": 64, "bytes": 4194304}
{"mock_phase": "read_complete", "rank": 3, "ret": 0, "bytes": 4194304}
{"mock_phase": "before_read", "rank": 3, "copies": 64, "bytes": 524288}
{"mock_phase": "read_complete", "rank": 3, "ret": 0, "bytes": 524288}
{"mock_phase": "before_read", "rank": 3, "copies": 64, "bytes": 524288}
{"mock_phase": "read_complete", "rank": 3, "ret": 0, "bytes": 524288}
{"mock_phase": "before_read", "rank": 3, "copies": 64, "bytes": 8192}
{"mock_phase": "read_complete", "rank": 3, "ret": 0, "bytes": 8192}
{"mock_phase": "before_read", "rank": 3, "copies": 64, "bytes": 8192}
{"mock_phase": "read_complete", "rank": 3, "ret": 0, "bytes": 8192}
{"mock_phase": "before_read", "rank": 3, "copies": 64, "bytes": 4194304}
{"mock_phase": "read_complete", "rank": 3, "ret": 0, "bytes": 4194304}
{"mock_phase": "before_read", "rank": 3, "copies": 64, "bytes": 4194304}
{"mock_phase": "read_complete", "rank": 3, "ret": 0, "bytes": 4194304}
{"mock_phase": "before_read", "rank": 3, "copies": 64, "bytes": 524288}
{"mock_phase": "read_complete", "rank": 3, "ret": 0, "bytes": 524288}
{"mock_phase": "before_read", "rank": 3, "copies": 64, "bytes": 524288}
{"mock_phase": "read_complete", "rank": 3, "ret": 0, "bytes": 524288}
{"mock_phase": "before_read", "rank": 3, "copies": 64, "bytes": 8192}
{"mock_phase": "read_complete", "rank": 3, "ret": 0, "bytes": 8192}
{"mock_phase": "before_read", "rank": 3, "copies": 64, "bytes": 8192}
{"mock_phase": "read_complete", "rank": 3, "ret": 0, "bytes": 8192}
{"mock_phase": "before_read", "rank": 3, "copies": 64, "bytes": 8388608}
{"mock_phase": "read_complete", "rank": 3, "ret": 0, "bytes": 8388608}
{"mock_phase": "before_read", "rank": 3, "copies": 64, "bytes": 8388608}
{"mock_phase": "read_complete", "rank": 3, "ret": 0, "bytes": 8388608}
{"mock_phase": "before_read", "rank": 3, "copies": 64, "bytes": 1048576}
{"mock_phase": "read_complete", "rank": 3, "ret": 0, "bytes": 1048576}
{"mock_phase": "before_read", "rank": 3, "copies": 64, "bytes": 1048576}
{"mock_phase": "read_complete", "rank": 3, "ret": 0, "bytes": 1048576}
{"mock_phase": "before_read", "rank": 3, "copies": 64, "bytes": 16384}
{"mock_phase": "read_complete", "rank": 3, "ret": 0, "bytes": 16384}
{"mock_phase": "before_read", "rank": 3, "copies": 64, "bytes": 16384}
{"mock_phase": "read_complete", "rank": 3, "ret": 0, "bytes": 16384}
{"mock_phase": "before_read", "rank": 3, "copies": 43, "bytes": 5636096}
{"mock_phase": "read_complete", "rank": 3, "ret": 0, "bytes": 5636096}
{"mock_phase": "planned", "request_id": "cmpl-830869595306c588-0-aeacb689", "rank": 4, "pages": 1579, "bytes": 52903936}
{"mock_phase": "before_read", "rank": 4, "copies": 64, "bytes": 4194304}
{"mock_phase": "read_complete", "rank": 4, "ret": 0, "bytes": 4194304}
{"mock_phase": "before_read", "rank": 4, "copies": 64, "bytes": 4194304}
{"mock_phase": "read_complete", "rank": 4, "ret": 0, "bytes": 4194304}
{"mock_phase": "before_read", "rank": 4, "copies": 64, "bytes": 524288}
{"mock_phase": "read_complete", "rank": 4, "ret": 0, "bytes": 524288}
{"mock_phase": "before_read", "rank": 4, "copies": 64, "bytes": 524288}
{"mock_phase": "read_complete", "rank": 4, "ret": 0, "bytes": 524288}
{"mock_phase": "before_read", "rank": 4, "copies": 64, "bytes": 8192}
{"mock_phase": "read_complete", "rank": 4, "ret": 0, "bytes": 8192}
{"mock_phase": "before_read", "rank": 4, "copies": 64, "bytes": 8192}
{"mock_phase": "read_complete", "rank": 4, "ret": 0, "bytes": 8192}
{"mock_phase": "before_read", "rank": 4, "copies": 64, "bytes": 4194304}
{"mock_phase": "read_complete", "rank": 4, "ret": 0, "bytes": 4194304}
{"mock_phase": "before_read", "rank": 4, "copies": 64, "bytes": 4194304}
{"mock_phase": "read_complete", "rank": 4, "ret": 0, "bytes": 4194304}
{"mock_phase": "before_read", "rank": 4, "copies": 64, "bytes": 524288}
{"mock_phase": "read_complete", "rank": 4, "ret": 0, "bytes": 524288}
{"mock_phase": "before_read", "rank": 4, "copies": 64, "bytes": 524288}
{"mock_phase": "read_complete", "rank": 4, "ret": 0, "bytes": 524288}
{"mock_phase": "before_read", "rank": 4, "copies": 64, "bytes": 8192}
{"mock_phase": "read_complete", "rank": 4, "ret": 0, "bytes": 8192}
{"mock_phase": "before_read", "rank": 4, "copies": 64, "bytes": 8192}
{"mock_phase": "read_complete", "rank": 4, "ret": 0, "bytes": 8192}
{"mock_phase": "before_read", "rank": 4, "copies": 64, "bytes": 4194304}
{"mock_phase": "read_complete", "rank": 4, "ret": 0, "bytes": 4194304}
{"mock_phase": "before_read", "rank": 4, "copies": 64, "bytes": 4194304}
{"mock_phase": "read_complete", "rank": 4, "ret": 0, "bytes": 4194304}
{"mock_phase": "before_read", "rank": 4, "copies": 64, "bytes": 524288}
{"mock_phase": "read_complete", "rank": 4, "ret": 0, "bytes": 524288}
{"mock_phase": "before_read", "rank": 4, "copies": 64, "bytes": 524288}
{"mock_phase": "read_complete", "rank": 4, "ret": 0, "bytes": 524288}
{"mock_phase": "before_read", "rank": 4, "copies": 64, "bytes": 8192}
{"mock_phase": "read_complete", "rank": 4, "ret": 0, "bytes": 8192}
{"mock_phase": "before_read", "rank": 4, "copies": 64, "bytes": 8192}
{"mock_phase": "read_complete", "rank": 4, "ret": 0, "bytes": 8192}
{"mock_phase": "before_read", "rank": 4, "copies": 64, "bytes": 8388608}
{"mock_phase": "read_complete", "rank": 4, "ret": 0, "bytes": 8388608}
{"mock_phase": "before_read", "rank": 4, "copies": 64, "bytes": 8388608}
{"mock_phase": "read_complete", "rank": 4, "ret": 0, "bytes": 8388608}
{"mock_phase": "before_read", "rank": 4, "copies": 64, "bytes": 1048576}
{"mock_phase": "read_complete", "rank": 4, "ret": 0, "bytes": 1048576}
{"mock_phase": "before_read", "rank": 4, "copies": 64, "bytes": 1048576}
{"mock_phase": "read_complete", "rank": 4, "ret": 0, "bytes": 1048576}
{"mock_phase": "before_read", "rank": 4, "copies": 64, "bytes": 16384}
{"mock_phase": "read_complete", "rank": 4, "ret": 0, "bytes": 16384}
{"mock_phase": "before_read", "rank": 4, "copies": 64, "bytes": 16384}
{"mock_phase": "read_complete", "rank": 4, "ret": 0, "bytes": 16384}
{"mock_phase": "before_read", "rank": 4, "copies": 43, "bytes": 5636096}
{"mock_phase": "read_complete", "rank": 4, "ret": 0, "bytes": 5636096}
{"mock_phase": "planned", "request_id": "cmpl-830869595306c588-0-aeacb689", "rank": 5, "pages": 1579, "bytes": 52903936}
{"mock_phase": "before_read", "rank": 5, "copies": 64, "bytes": 4194304}
{"mock_phase": "read_complete", "rank": 5, "ret": 0, "bytes": 4194304}
{"mock_phase": "before_read", "rank": 5, "copies": 64, "bytes": 4194304}
{"mock_phase": "read_complete", "rank": 5, "ret": 0, "bytes": 4194304}
{"mock_phase": "before_read", "rank": 5, "copies": 64, "bytes": 524288}
{"mock_phase": "read_complete", "rank": 5, "ret": 0, "bytes": 524288}
{"mock_phase": "before_read", "rank": 5, "copies": 64, "bytes": 524288}
{"mock_phase": "read_complete", "rank": 5, "ret": 0, "bytes": 524288}
{"mock_phase": "before_read", "rank": 5, "copies": 64, "bytes": 8192}
{"mock_phase": "read_complete", "rank": 5, "ret": 0, "bytes": 8192}
{"mock_phase": "before_read", "rank": 5, "copies": 64, "bytes": 8192}
{"mock_phase": "read_complete", "rank": 5, "ret": 0, "bytes": 8192}
{"mock_phase": "before_read", "rank": 5, "copies": 64, "bytes": 4194304}
{"mock_phase": "read_complete", "rank": 5, "ret": 0, "bytes": 4194304}
{"mock_phase": "before_read", "rank": 5, "copies": 64, "bytes": 4194304}
{"mock_phase": "read_complete", "rank": 5, "ret": 0, "bytes": 4194304}
{"mock_phase": "before_read", "rank": 5, "copies": 64, "bytes": 524288}
{"mock_phase": "read_complete", "rank": 5, "ret": 0, "bytes": 524288}
{"mock_phase": "before_read", "rank": 5, "copies": 64, "bytes": 524288}
{"mock_phase": "read_complete", "rank": 5, "ret": 0, "bytes": 524288}
{"mock_phase": "before_read", "rank": 5, "copies": 64, "bytes": 8192}
{"mock_phase": "read_complete", "rank": 5, "ret": 0, "bytes": 8192}
{"mock_phase": "before_read", "rank": 5, "copies": 64, "bytes": 8192}
{"mock_phase": "read_complete", "rank": 5, "ret": 0, "bytes": 8192}
{"mock_phase": "before_read", "rank": 5, "copies": 64, "bytes": 4194304}
{"mock_phase": "read_complete", "rank": 5, "ret": 0, "bytes": 4194304}
{"mock_phase": "before_read", "rank": 5, "copies": 64, "bytes": 4194304}
{"mock_phase": "read_complete", "rank": 5, "ret": 0, "bytes": 4194304}
{"mock_phase": "before_read", "rank": 5, "copies": 64, "bytes": 524288}
{"mock_phase": "read_complete", "rank": 5, "ret": 0, "bytes": 524288}
{"mock_phase": "before_read", "rank": 5, "copies": 64, "bytes": 524288}
{"mock_phase": "read_complete", "rank": 5, "ret": 0, "bytes": 524288}
{"mock_phase": "before_read", "rank": 5, "copies": 64, "bytes": 8192}
{"mock_phase": "read_complete", "rank": 5, "ret": 0, "bytes": 8192}
{"mock_phase": "before_read", "rank": 5, "copies": 64, "bytes": 8192}
{"mock_phase": "read_complete", "rank": 5, "ret": 0, "bytes": 8192}
{"mock_phase": "before_read", "rank": 5, "copies": 64, "bytes": 8388608}
{"mock_phase": "read_complete", "rank": 5, "ret": 0, "bytes": 8388608}
{"mock_phase": "before_read", "rank": 5, "copies": 64, "bytes": 8388608}
{"mock_phase": "read_complete", "rank": 5, "ret": 0, "bytes": 8388608}
{"mock_phase": "before_read", "rank": 5, "copies": 64, "bytes": 1048576}
{"mock_phase": "read_complete", "rank": 5, "ret": 0, "bytes": 1048576}
{"mock_phase": "before_read", "rank": 5, "copies": 64, "bytes": 1048576}
{"mock_phase": "read_complete", "rank": 5, "ret": 0, "bytes": 1048576}
{"mock_phase": "before_read", "rank": 5, "copies": 64, "bytes": 16384}
{"mock_phase": "read_complete", "rank": 5, "ret": 0, "bytes": 16384}
{"mock_phase": "before_read", "rank": 5, "copies": 64, "bytes": 16384}
{"mock_phase": "read_complete", "rank": 5, "ret": 0, "bytes": 16384}
{"mock_phase": "before_read", "rank": 5, "copies": 43, "bytes": 5636096}
{"mock_phase": "read_complete", "rank": 5, "ret": 0, "bytes": 5636096}
{"mock_phase": "planned", "request_id": "cmpl-830869595306c588-0-aeacb689", "rank": 6, "pages": 1579, "bytes": 52903936}
{"mock_phase": "before_read", "rank": 6, "copies": 64, "bytes": 4194304}
{"mock_phase": "read_complete", "rank": 6, "ret": 0, "bytes": 4194304}
{"mock_phase": "before_read", "rank": 6, "copies": 64, "bytes": 4194304}
{"mock_phase": "read_complete", "rank": 6, "ret": 0, "bytes": 4194304}
{"mock_phase": "before_read", "rank": 6, "copies": 64, "bytes": 524288}
{"mock_phase": "read_complete", "rank": 6, "ret": 0, "bytes": 524288}
{"mock_phase": "before_read", "rank": 6, "copies": 64, "bytes": 524288}
{"mock_phase": "read_complete", "rank": 6, "ret": 0, "bytes": 524288}
{"mock_phase": "before_read", "rank": 6, "copies": 64, "bytes": 8192}
{"mock_phase": "read_complete", "rank": 6, "ret": 0, "bytes": 8192}
{"mock_phase": "before_read", "rank": 6, "copies": 64, "bytes": 8192}
{"mock_phase": "read_complete", "rank": 6, "ret": 0, "bytes": 8192}
{"mock_phase": "before_read", "rank": 6, "copies": 64, "bytes": 4194304}
{"mock_phase": "read_complete", "rank": 6, "ret": 0, "bytes": 4194304}
{"mock_phase": "before_read", "rank": 6, "copies": 64, "bytes": 4194304}
{"mock_phase": "read_complete", "rank": 6, "ret": 0, "bytes": 4194304}
{"mock_phase": "before_read", "rank": 6, "copies": 64, "bytes": 524288}
{"mock_phase": "read_complete", "rank": 6, "ret": 0, "bytes": 524288}
{"mock_phase": "before_read", "rank": 6, "copies": 64, "bytes": 524288}
{"mock_phase": "read_complete", "rank": 6, "ret": 0, "bytes": 524288}
{"mock_phase": "before_read", "rank": 6, "copies": 64, "bytes": 8192}
{"mock_phase": "read_complete", "rank": 6, "ret": 0, "bytes": 8192}
{"mock_phase": "before_read", "rank": 6, "copies": 64, "bytes": 8192}
{"mock_phase": "read_complete", "rank": 6, "ret": 0, "bytes": 8192}
{"mock_phase": "before_read", "rank": 6, "copies": 64, "bytes": 4194304}
{"mock_phase": "read_complete", "rank": 6, "ret": 0, "bytes": 4194304}
{"mock_phase": "before_read", "rank": 6, "copies": 64, "bytes": 4194304}
{"mock_phase": "read_complete", "rank": 6, "ret": 0, "bytes": 4194304}
{"mock_phase": "before_read", "rank": 6, "copies": 64, "bytes": 524288}
{"mock_phase": "read_complete", "rank": 6, "ret": 0, "bytes": 524288}
{"mock_phase": "before_read", "rank": 6, "copies": 64, "bytes": 524288}
{"mock_phase": "read_complete", "rank": 6, "ret": 0, "bytes": 524288}
{"mock_phase": "before_read", "rank": 6, "copies": 64, "bytes": 8192}
{"mock_phase": "read_complete", "rank": 6, "ret": 0, "bytes": 8192}
{"mock_phase": "before_read", "rank": 6, "copies": 64, "bytes": 8192}
{"mock_phase": "read_complete", "rank": 6, "ret": 0, "bytes": 8192}
{"mock_phase": "before_read", "rank": 6, "copies": 64, "bytes": 8388608}
{"mock_phase": "read_complete", "rank": 6, "ret": 0, "bytes": 8388608}
{"mock_phase": "before_read", "rank": 6, "copies": 64, "bytes": 8388608}
{"mock_phase": "read_complete", "rank": 6, "ret": 0, "bytes": 8388608}
{"mock_phase": "before_read", "rank": 6, "copies": 64, "bytes": 1048576}
{"mock_phase": "read_complete", "rank": 6, "ret": 0, "bytes": 1048576}
{"mock_phase": "before_read", "rank": 6, "copies": 64, "bytes": 1048576}
{"mock_phase": "read_complete", "rank": 6, "ret": 0, "bytes": 1048576}
{"mock_phase": "before_read", "rank": 6, "copies": 64, "bytes": 16384}
{"mock_phase": "read_complete", "rank": 6, "ret": 0, "bytes": 16384}
{"mock_phase": "before_read", "rank": 6, "copies": 64, "bytes": 16384}
{"mock_phase": "read_complete", "rank": 6, "ret": 0, "bytes": 16384}
{"mock_phase": "before_read", "rank": 6, "copies": 43, "bytes": 5636096}
{"mock_phase": "read_complete", "rank": 6, "ret": 0, "bytes": 5636096}
{"mock_phase": "planned", "request_id": "cmpl-830869595306c588-0-aeacb689", "rank": 7, "pages": 1579, "bytes": 52903936}
{"mock_phase": "before_read", "rank": 7, "copies": 64, "bytes": 4194304}
{"mock_phase": "read_complete", "rank": 7, "ret": 0, "bytes": 4194304}
{"mock_phase": "before_read", "rank": 7, "copies": 64, "bytes": 4194304}
{"mock_phase": "read_complete", "rank": 7, "ret": 0, "bytes": 4194304}
{"mock_phase": "before_read", "rank": 7, "copies": 64, "bytes": 524288}
{"mock_phase": "read_complete", "rank": 7, "ret": 0, "bytes": 524288}
{"mock_phase": "before_read", "rank": 7, "copies": 64, "bytes": 524288}
{"mock_phase": "read_complete", "rank": 7, "ret": 0, "bytes": 524288}
{"mock_phase": "before_read", "rank": 7, "copies": 64, "bytes": 8192}
{"mock_phase": "read_complete", "rank": 7, "ret": 0, "bytes": 8192}
{"mock_phase": "before_read", "rank": 7, "copies": 64, "bytes": 8192}
{"mock_phase": "read_complete", "rank": 7, "ret": 0, "bytes": 8192}
{"mock_phase": "before_read", "rank": 7, "copies": 64, "bytes": 4194304}
{"mock_phase": "read_complete", "rank": 7, "ret": 0, "bytes": 4194304}
{"mock_phase": "before_read", "rank": 7, "copies": 64, "bytes": 4194304}
{"mock_phase": "read_complete", "rank": 7, "ret": 0, "bytes": 4194304}
{"mock_phase": "before_read", "rank": 7, "copies": 64, "bytes": 524288}
{"mock_phase": "read_complete", "rank": 7, "ret": 0, "bytes": 524288}
{"mock_phase": "before_read", "rank": 7, "copies": 64, "bytes": 524288}
{"mock_phase": "read_complete", "rank": 7, "ret": 0, "bytes": 524288}
{"mock_phase": "before_read", "rank": 7, "copies": 64, "bytes": 8192}
{"mock_phase": "read_complete", "rank": 7, "ret": 0, "bytes": 8192}
{"mock_phase": "before_read", "rank": 7, "copies": 64, "bytes": 8192}
{"mock_phase": "read_complete", "rank": 7, "ret": 0, "bytes": 8192}
{"mock_phase": "before_read", "rank": 7, "copies": 64, "bytes": 4194304}
{"mock_phase": "read_complete", "rank": 7, "ret": 0, "bytes": 4194304}
{"mock_phase": "before_read", "rank": 7, "copies": 64, "bytes": 4194304}
{"mock_phase": "read_complete", "rank": 7, "ret": 0, "bytes": 4194304}
{"mock_phase": "before_read", "rank": 7, "copies": 64, "bytes": 524288}
{"mock_phase": "read_complete", "rank": 7, "ret": 0, "bytes": 524288}
{"mock_phase": "before_read", "rank": 7, "copies": 64, "bytes": 524288}
{"mock_phase": "read_complete", "rank": 7, "ret": 0, "bytes": 524288}
{"mock_phase": "before_read", "rank": 7, "copies": 64, "bytes": 8192}
{"mock_phase": "read_complete", "rank": 7, "ret": 0, "bytes": 8192}
{"mock_phase": "before_read", "rank": 7, "copies": 64, "bytes": 8192}
{"mock_phase": "read_complete", "rank": 7, "ret": 0, "bytes": 8192}
{"mock_phase": "before_read", "rank": 7, "copies": 64, "bytes": 8388608}
{"mock_phase": "read_complete", "rank": 7, "ret": 0, "bytes": 8388608}
{"mock_phase": "before_read", "rank": 7, "copies": 64, "bytes": 8388608}
{"mock_phase": "read_complete", "rank": 7, "ret": 0, "bytes": 8388608}
{"mock_phase": "before_read", "rank": 7, "copies": 64, "bytes": 1048576}
{"mock_phase": "read_complete", "rank": 7, "ret": 0, "bytes": 1048576}
{"mock_phase": "before_read", "rank": 7, "copies": 64, "bytes": 1048576}
{"mock_phase": "read_complete", "rank": 7, "ret": 0, "bytes": 1048576}
{"mock_phase": "before_read", "rank": 7, "copies": 64, "bytes": 16384}
{"mock_phase": "read_complete", "rank": 7, "ret": 0, "bytes": 16384}
{"mock_phase": "before_read", "rank": 7, "copies": 64, "bytes": 16384}
{"mock_phase": "read_complete", "rank": 7, "ret": 0, "bytes": 16384}
{"mock_phase": "before_read", "rank": 7, "copies": 43, "bytes": 5636096}
{"mock_phase": "read_complete", "rank": 7, "ret": 0, "bytes": 5636096}
{"ok": true, "request_id": "cmpl-830869595306c588-0-aeacb689", "ranks": [{"rank": 0, "bytes": 52903936, "read_s": 0.013290709350258112, "hash_s": 0.07140629831701517, "nonzero_groups": [0, 1, 2, 3, 4, 5, 6]}, {"rank": 1, "bytes": 52903936, "read_s": 0.012550158891826868, "hash_s": 0.0710801905952394, "nonzero_groups": [0, 1, 2, 3, 4, 5, 6]}, {"rank": 2, "bytes": 52903936, "read_s": 0.012141820043325424, "hash_s": 0.07091295113787055, "nonzero_groups": [0, 1, 2, 3, 4, 5, 6]}, {"rank": 3, "bytes": 52903936, "read_s": 0.012397018726915121, "hash_s": 0.07074376894161105, "nonzero_groups": [0, 1, 2, 3, 4, 5, 6]}, {"rank": 4, "bytes": 52903936, "read_s": 0.012505089398473501, "hash_s": 0.07092624995857477, "nonzero_groups": [0, 1, 2, 3, 4, 5, 6]}, {"rank": 5, "bytes": 52903936, "read_s": 0.012554540764540434, "hash_s": 0.07072250125929713, "nonzero_groups": [0, 1, 2, 3, 4, 5, 6]}, {"rank": 6, "bytes": 52903936, "read_s": 0.012787770014256239, "hash_s": 0.07147819828242064, "nonzero_groups": [0, 1, 2, 3, 4, 5, 6]}, {"rank": 7, "bytes": 52903936, "read_s": 0.012252960819751024, "hash_s": 0.07073485059663653, "nonzero_groups": [0, 1, 2, 3, 4, 5, 6]}], "bytes": 423231488, "consume_s": 0.7236311798915267, "ack_s": 0.001813750248402357, "total_s": 0.7254450600594282, "hold_ms": 0}
127.0.0.1 - - [09/Oct/2026 07:58:56] "POST /consume HTTP/1.1" 200 -
{"mock_phase": "planned", "request_id": "cmpl-9a9c25c4fb4fad7e-0-8451e664", "rank": 0, "pages": 1579, "bytes": 52903936}
{"mock_phase": "before_read", "rank": 0, "copies": 64, "bytes": 4194304}
{"mock_phase": "read_complete", "rank": 0, "ret": 0, "bytes": 4194304}
{"mock_phase": "before_read", "rank": 0, "copies": 64, "bytes": 4194304}
{"mock_phase": "read_complete", "rank": 0, "ret": 0, "bytes": 4194304}
{"mock_phase": "before_read", "rank": 0, "copies": 64, "bytes": 524288}
{"mock_phase": "read_complete", "rank": 0, "ret": 0, "bytes": 524288}
{"mock_phase": "before_read", "rank": 0, "copies": 64, "bytes": 524288}
{"mock_phase": "read_complete", "rank": 0, "ret": 0, "bytes": 524288}
{"mock_phase": "before_read", "rank": 0, "copies": 64, "bytes": 8192}
{"mock_phase": "read_complete", "rank": 0, "ret": 0, "bytes": 8192}
{"mock_phase": "before_read", "rank": 0, "copies": 64, "bytes": 8192}
{"mock_phase": "read_complete", "rank": 0, "ret": 0, "bytes": 8192}
{"mock_phase": "before_read", "rank": 0, "copies": 64, "bytes": 4194304}
{"mock_phase": "read_complete", "rank": 0, "ret": 0, "bytes": 4194304}
{"mock_phase": "before_read", "rank": 0, "copies": 64, "bytes": 4194304}
{"mock_phase": "read_complete", "rank": 0, "ret": 0, "bytes": 4194304}
{"mock_phase": "before_read", "rank": 0, "copies": 64, "bytes": 524288}
{"mock_phase": "read_complete", "rank": 0, "ret": 0, "bytes": 524288}
{"mock_phase": "before_read", "rank": 0, "copies": 64, "bytes": 524288}
{"mock_phase": "read_complete", "rank": 0, "ret": 0, "bytes": 524288}
{"mock_phase": "before_read", "rank": 0, "copies": 64, "bytes": 8192}
{"mock_phase": "read_complete", "rank": 0, "ret": 0, "bytes": 8192}
{"mock_phase": "before_read", "rank": 0, "copies": 64, "bytes": 8192}
{"mock_phase": "read_complete", "rank": 0, "ret": 0, "bytes": 8192}
{"mock_phase": "before_read", "rank": 0, "copies": 64, "bytes": 4194304}
{"mock_phase": "read_complete", "rank": 0, "ret": 0, "bytes": 4194304}
{"mock_phase": "before_read", "rank": 0, "copies": 64, "bytes": 4194304}
{"mock_phase": "read_complete", "rank": 0, "ret": 0, "bytes": 4194304}
{"mock_phase": "before_read", "rank": 0, "copies": 64, "bytes": 524288}
{"mock_phase": "read_complete", "rank": 0, "ret": 0, "bytes": 524288}
{"mock_phase": "before_read", "rank": 0, "copies": 64, "bytes": 524288}
{"mock_phase": "read_complete", "rank": 0, "ret": 0, "bytes": 524288}
{"mock_phase": "before_read", "rank": 0, "copies": 64, "bytes": 8192}
{"mock_phase": "read_complete", "rank": 0, "ret": 0, "bytes": 8192}
{"mock_phase": "before_read", "rank": 0, "copies": 64, "bytes": 8192}
{"mock_phase": "read_complete", "rank": 0, "ret": 0, "bytes": 8192}
{"mock_phase": "before_read", "rank": 0, "copies": 64, "bytes": 8388608}
{"mock_phase": "read_complete", "rank": 0, "ret": 0, "bytes": 8388608}
{"mock_phase": "before_read", "rank": 0, "copies": 64, "bytes": 8388608}
{"mock_phase": "read_complete", "rank": 0, "ret": 0, "bytes": 8388608}
{"mock_phase": "before_read", "rank": 0, "copies": 64, "bytes": 1048576}
{"mock_phase": "read_complete", "rank": 0, "ret": 0, "bytes": 1048576}
{"mock_phase": "before_read", "rank": 0, "copies": 64, "bytes": 1048576}
{"mock_phase": "read_complete", "rank": 0, "ret": 0, "bytes": 1048576}
{"mock_phase": "before_read", "rank": 0, "copies": 64, "bytes": 16384}
{"mock_phase": "read_complete", "rank": 0, "ret": 0, "bytes": 16384}
{"mock_phase": "before_read", "rank": 0, "copies": 64, "bytes": 16384}
{"mock_phase": "read_complete", "rank": 0, "ret": 0, "bytes": 16384}
{"mock_phase": "before_read", "rank": 0, "copies": 43, "bytes": 5636096}
{"mock_phase": "read_complete", "rank": 0, "ret": 0, "bytes": 5636096}
{"mock_phase": "planned", "request_id": "cmpl-9a9c25c4fb4fad7e-0-8451e664", "rank": 1, "pages": 1579, "bytes": 52903936}
{"mock_phase": "before_read", "rank": 1, "copies": 64, "bytes": 4194304}
{"mock_phase": "read_complete", "rank": 1, "ret": 0, "bytes": 4194304}
{"mock_phase": "before_read", "rank": 1, "copies": 64, "bytes": 4194304}
{"mock_phase": "read_complete", "rank": 1, "ret": 0, "bytes": 4194304}
{"mock_phase": "before_read", "rank": 1, "copies": 64, "bytes": 524288}
{"mock_phase": "read_complete", "rank": 1, "ret": 0, "bytes": 524288}
{"mock_phase": "before_read", "rank": 1, "copies": 64, "bytes": 524288}
{"mock_phase": "read_complete", "rank": 1, "ret": 0, "bytes": 524288}
{"mock_phase": "before_read", "rank": 1, "copies": 64, "bytes": 8192}
{"mock_phase": "read_complete", "rank": 1, "ret": 0, "bytes": 8192}
{"mock_phase": "before_read", "rank": 1, "copies": 64, "bytes": 8192}
{"mock_phase": "read_complete", "rank": 1, "ret": 0, "bytes": 8192}
{"mock_phase": "before_read", "rank": 1, "copies": 64, "bytes": 4194304}
{"mock_phase": "read_complete", "rank": 1, "ret": 0, "bytes": 4194304}
{"mock_phase": "before_read", "rank": 1, "copies": 64, "bytes": 4194304}
{"mock_phase": "read_complete", "rank": 1, "ret": 0, "bytes": 4194304}
{"mock_phase": "before_read", "rank": 1, "copies": 64, "bytes": 524288}
{"mock_phase": "read_complete", "rank": 1, "ret": 0, "bytes": 524288}
{"mock_phase": "before_read", "rank": 1, "copies": 64, "bytes": 524288}
{"mock_phase": "read_complete", "rank": 1, "ret": 0, "bytes": 524288}
{"mock_phase": "before_read", "rank": 1, "copies": 64, "bytes": 8192}
{"mock_phase": "read_complete", "rank": 1, "ret": 0, "bytes": 8192}
{"mock_phase": "before_read", "rank": 1, "copies": 64, "bytes": 8192}
{"mock_phase": "read_complete", "rank": 1, "ret": 0, "bytes": 8192}
{"mock_phase": "before_read", "rank": 1, "copies": 64, "bytes": 4194304}
{"mock_phase": "read_complete", "rank": 1, "ret": 0, "bytes": 4194304}
{"mock_phase": "before_read", "rank": 1, "copies": 64, "bytes": 4194304}
{"mock_phase": "read_complete", "rank": 1, "ret": 0, "bytes": 4194304}
{"mock_phase": "before_read", "rank": 1, "copies": 64, "bytes": 524288}
{"mock_phase": "read_complete", "rank": 1, "ret": 0, "bytes": 524288}
{"mock_phase": "before_read", "rank": 1, "copies": 64, "bytes": 524288}
{"mock_phase": "read_complete", "rank": 1, "ret": 0, "bytes": 524288}
{"mock_phase": "before_read", "rank": 1, "copies": 64, "bytes": 8192}
{"mock_phase": "read_complete", "rank": 1, "ret": 0, "bytes": 8192}
{"mock_phase": "before_read", "rank": 1, "copies": 64, "bytes": 8192}
{"mock_phase": "read_complete", "rank": 1, "ret": 0, "bytes": 8192}
{"mock_phase": "before_read", "rank": 1, "copies": 64, "bytes": 8388608}
{"mock_phase": "read_complete", "rank": 1, "ret": 0, "bytes": 8388608}
{"mock_phase": "before_read", "rank": 1, "copies": 64, "bytes": 8388608}
{"mock_phase": "read_complete", "rank": 1, "ret": 0, "bytes": 8388608}
{"mock_phase": "before_read", "rank": 1, "copies": 64, "bytes": 1048576}
{"mock_phase": "read_complete", "rank": 1, "ret": 0, "bytes": 1048576}
{"mock_phase": "before_read", "rank": 1, "copies": 64, "bytes": 1048576}
{"mock_phase": "read_complete", "rank": 1, "ret": 0, "bytes": 1048576}
{"mock_phase": "before_read", "rank": 1, "copies": 64, "bytes": 16384}
{"mock_phase": "read_complete", "rank": 1, "ret": 0, "bytes": 16384}
{"mock_phase": "before_read", "rank": 1, "copies": 64, "bytes": 16384}
{"mock_phase": "read_complete", "rank": 1, "ret": 0, "bytes": 16384}
{"mock_phase": "before_read", "rank": 1, "copies": 43, "bytes": 5636096}
{"mock_phase": "read_complete", "rank": 1, "ret": 0, "bytes": 5636096}
{"mock_phase": "planned", "request_id": "cmpl-9a9c25c4fb4fad7e-0-8451e664", "rank": 2, "pages": 1579, "bytes": 52903936}
{"mock_phase": "before_read", "rank": 2, "copies": 64, "bytes": 4194304}
{"mock_phase": "read_complete", "rank": 2, "ret": 0, "bytes": 4194304}
{"mock_phase": "before_read", "rank": 2, "copies": 64, "bytes": 4194304}
{"mock_phase": "read_complete", "rank": 2, "ret": 0, "bytes": 4194304}
{"mock_phase": "before_read", "rank": 2, "copies": 64, "bytes": 524288}
{"mock_phase": "read_complete", "rank": 2, "ret": 0, "bytes": 524288}
{"mock_phase": "before_read", "rank": 2, "copies": 64, "bytes": 524288}
{"mock_phase": "read_complete", "rank": 2, "ret": 0, "bytes": 524288}
{"mock_phase": "before_read", "rank": 2, "copies": 64, "bytes": 8192}
{"mock_phase": "read_complete", "rank": 2, "ret": 0, "bytes": 8192}
{"mock_phase": "before_read", "rank": 2, "copies": 64, "bytes": 8192}
{"mock_phase": "read_complete", "rank": 2, "ret": 0, "bytes": 8192}
{"mock_phase": "before_read", "rank": 2, "copies": 64, "bytes": 4194304}
{"mock_phase": "read_complete", "rank": 2, "ret": 0, "bytes": 4194304}
{"mock_phase": "before_read", "rank": 2, "copies": 64, "bytes": 4194304}
{"mock_phase": "read_complete", "rank": 2, "ret": 0, "bytes": 4194304}
{"mock_phase": "before_read", "rank": 2, "copies": 64, "bytes": 524288}
{"mock_phase": "read_complete", "rank": 2, "ret": 0, "bytes": 524288}
{"mock_phase": "before_read", "rank": 2, "copies": 64, "bytes": 524288}
{"mock_phase": "read_complete", "rank": 2, "ret": 0, "bytes": 524288}
{"mock_phase": "before_read", "rank": 2, "copies": 64, "bytes": 8192}
{"mock_phase": "read_complete", "rank": 2, "ret": 0, "bytes": 8192}
{"mock_phase": "before_read", "rank": 2, "copies": 64, "bytes": 8192}
{"mock_phase": "read_complete", "rank": 2, "ret": 0, "bytes": 8192}
{"mock_phase": "before_read", "rank": 2, "copies": 64, "bytes": 4194304}
{"mock_phase": "read_complete", "rank": 2, "ret": 0, "bytes": 4194304}
{"mock_phase": "before_read", "rank": 2, "copies": 64, "bytes": 4194304}
{"mock_phase": "read_complete", "rank": 2, "ret": 0, "bytes": 4194304}
{"mock_phase": "before_read", "rank": 2, "copies": 64, "bytes": 524288}
{"mock_phase": "read_complete", "rank": 2, "ret": 0, "bytes": 524288}
{"mock_phase": "before_read", "rank": 2, "copies": 64, "bytes": 524288}
{"mock_phase": "read_complete", "rank": 2, "ret": 0, "bytes": 524288}
{"mock_phase": "before_read", "rank": 2, "copies": 64, "bytes": 8192}
{"mock_phase": "read_complete", "rank": 2, "ret": 0, "bytes": 8192}
{"mock_phase": "before_read", "rank": 2, "copies": 64, "bytes": 8192}
{"mock_phase": "read_complete", "rank": 2, "ret": 0, "bytes": 8192}
{"mock_phase": "before_read", "rank": 2, "copies": 64, "bytes": 8388608}
{"mock_phase": "read_complete", "rank": 2, "ret": 0, "bytes": 8388608}
{"mock_phase": "before_read", "rank": 2, "copies": 64, "bytes": 8388608}
{"mock_phase": "read_complete", "rank": 2, "ret": 0, "bytes": 8388608}
{"mock_phase": "before_read", "rank": 2, "copies": 64, "bytes": 1048576}
{"mock_phase": "read_complete", "rank": 2, "ret": 0, "bytes": 1048576}
{"mock_phase": "before_read", "rank": 2, "copies": 64, "bytes": 1048576}
{"mock_phase": "read_complete", "rank": 2, "ret": 0, "bytes": 1048576}
{"mock_phase": "before_read", "rank": 2, "copies": 64, "bytes": 16384}
{"mock_phase": "read_complete", "rank": 2, "ret": 0, "bytes": 16384}
{"mock_phase": "before_read", "rank": 2, "copies": 64, "bytes": 16384}
{"mock_phase": "read_complete", "rank": 2, "ret": 0, "bytes": 16384}
{"mock_phase": "before_read", "rank": 2, "copies": 43, "bytes": 5636096}
{"mock_phase": "read_complete", "rank": 2, "ret": 0, "bytes": 5636096}
{"mock_phase": "planned", "request_id": "cmpl-9a9c25c4fb4fad7e-0-8451e664", "rank": 3, "pages": 1579, "bytes": 52903936}
{"mock_phase": "before_read", "rank": 3, "copies": 64, "bytes": 4194304}
{"mock_phase": "read_complete", "rank": 3, "ret": 0, "bytes": 4194304}
{"mock_phase": "before_read", "rank": 3, "copies": 64, "bytes": 4194304}
{"mock_phase": "read_complete", "rank": 3, "ret": 0, "bytes": 4194304}
{"mock_phase": "before_read", "rank": 3, "copies": 64, "bytes": 524288}
{"mock_phase": "read_complete", "rank": 3, "ret": 0, "bytes": 524288}
{"mock_phase": "before_read", "rank": 3, "copies": 64, "bytes": 524288}
{"mock_phase": "read_complete", "rank": 3, "ret": 0, "bytes": 524288}
{"mock_phase": "before_read", "rank": 3, "copies": 64, "bytes": 8192}
{"mock_phase": "read_complete", "rank": 3, "ret": 0, "bytes": 8192}
{"mock_phase": "before_read", "rank": 3, "copies": 64, "bytes": 8192}
{"mock_phase": "read_complete", "rank": 3, "ret": 0, "bytes": 8192}
{"mock_phase": "before_read", "rank": 3, "copies": 64, "bytes": 4194304}
{"mock_phase": "read_complete", "rank": 3, "ret": 0, "bytes": 4194304}
{"mock_phase": "before_read", "rank": 3, "copies": 64, "bytes": 4194304}
{"mock_phase": "read_complete", "rank": 3, "ret": 0, "bytes": 4194304}
{"mock_phase": "before_read", "rank": 3, "copies": 64, "bytes": 524288}
{"mock_phase": "read_complete", "rank": 3, "ret": 0, "bytes": 524288}
{"mock_phase": "before_read", "rank": 3, "copies": 64, "bytes": 524288}
{"mock_phase": "read_complete", "rank": 3, "ret": 0, "bytes": 524288}
{"mock_phase": "before_read", "rank": 3, "copies": 64, "bytes": 8192}
{"mock_phase": "read_complete", "rank": 3, "ret": 0, "bytes": 8192}
{"mock_phase": "before_read", "rank": 3, "copies": 64, "bytes": 8192}
{"mock_phase": "read_complete", "rank": 3, "ret": 0, "bytes": 8192}
{"mock_phase": "before_read", "rank": 3, "copies": 64, "bytes": 4194304}
{"mock_phase": "read_complete", "rank": 3, "ret": 0, "bytes": 4194304}
{"mock_phase": "before_read", "rank": 3, "copies": 64, "bytes": 4194304}
{"mock_phase": "read_complete", "rank": 3, "ret": 0, "bytes": 4194304}
{"mock_phase": "before_read", "rank": 3, "copies": 64, "bytes": 524288}
{"mock_phase": "read_complete", "rank": 3, "ret": 0, "bytes": 524288}
{"mock_phase": "before_read", "rank": 3, "copies": 64, "bytes": 524288}
{"mock_phase": "read_complete", "rank": 3, "ret": 0, "bytes": 524288}
{"mock_phase": "before_read", "rank": 3, "copies": 64, "bytes": 8192}
{"mock_phase": "read_complete", "rank": 3, "ret": 0, "bytes": 8192}
{"mock_phase": "before_read", "rank": 3, "copies": 64, "bytes": 8192}
{"mock_phase": "read_complete", "rank": 3, "ret": 0, "bytes": 8192}
{"mock_phase": "before_read", "rank": 3, "copies": 64, "bytes": 8388608}
{"mock_phase": "read_complete", "rank": 3, "ret": 0, "bytes": 8388608}
{"mock_phase": "before_read", "rank": 3, "copies": 64, "bytes": 8388608}
{"mock_phase": "read_complete", "rank": 3, "ret": 0, "bytes": 8388608}
{"mock_phase": "before_read", "rank": 3, "copies": 64, "bytes": 1048576}
{"mock_phase": "read_complete", "rank": 3, "ret": 0, "bytes": 1048576}
{"mock_phase": "before_read", "rank": 3, "copies": 64, "bytes": 1048576}
{"mock_phase": "read_complete", "rank": 3, "ret": 0, "bytes": 1048576}
{"mock_phase": "before_read", "rank": 3, "copies": 64, "bytes": 16384}
{"mock_phase": "read_complete", "rank": 3, "ret": 0, "bytes": 16384}
{"mock_phase": "before_read", "rank": 3, "copies": 64, "bytes": 16384}
{"mock_phase": "read_complete", "rank": 3, "ret": 0, "bytes": 16384}
{"mock_phase": "before_read", "rank": 3, "copies": 43, "bytes": 5636096}
{"mock_phase": "read_complete", "rank": 3, "ret": 0, "bytes": 5636096}
{"mock_phase": "planned", "request_id": "cmpl-9a9c25c4fb4fad7e-0-8451e664", "rank": 4, "pages": 1579, "bytes": 52903936}
{"mock_phase": "before_read", "rank": 4, "copies": 64, "bytes": 4194304}
{"mock_phase": "read_complete", "rank": 4, "ret": 0, "bytes": 4194304}
{"mock_phase": "before_read", "rank": 4, "copies": 64, "bytes": 4194304}
{"mock_phase": "read_complete", "rank": 4, "ret": 0, "bytes": 4194304}
{"mock_phase": "before_read", "rank": 4, "copies": 64, "bytes": 524288}
{"mock_phase": "read_complete", "rank": 4, "ret": 0, "bytes": 524288}
{"mock_phase": "before_read", "rank": 4, "copies": 64, "bytes": 524288}
{"mock_phase": "read_complete", "rank": 4, "ret": 0, "bytes": 524288}
{"mock_phase": "before_read", "rank": 4, "copies": 64, "bytes": 8192}
{"mock_phase": "read_complete", "rank": 4, "ret": 0, "bytes": 8192}
{"mock_phase": "before_read", "rank": 4, "copies": 64, "bytes": 8192}
{"mock_phase": "read_complete", "rank": 4, "ret": 0, "bytes": 8192}
{"mock_phase": "before_read", "rank": 4, "copies": 64, "bytes": 4194304}
{"mock_phase": "read_complete", "rank": 4, "ret": 0, "bytes": 4194304}
{"mock_phase": "before_read", "rank": 4, "copies": 64, "bytes": 4194304}
{"mock_phase": "read_complete", "rank": 4, "ret": 0, "bytes": 4194304}
{"mock_phase": "before_read", "rank": 4, "copies": 64, "bytes": 524288}
{"mock_phase": "read_complete", "rank": 4, "ret": 0, "bytes": 524288}
{"mock_phase": "before_read", "rank": 4, "copies": 64, "bytes": 524288}
{"mock_phase": "read_complete", "rank": 4, "ret": 0, "bytes": 524288}
{"mock_phase": "before_read", "rank": 4, "copies": 64, "bytes": 8192}
{"mock_phase": "read_complete", "rank": 4, "ret": 0, "bytes": 8192}
{"mock_phase": "before_read", "rank": 4, "copies": 64, "bytes": 8192}
{"mock_phase": "read_complete", "rank": 4, "ret": 0, "bytes": 8192}
{"mock_phase": "before_read", "rank": 4, "copies": 64, "bytes": 4194304}
{"mock_phase": "read_complete", "rank": 4, "ret": 0, "bytes": 4194304}
{"mock_phase": "before_read", "rank": 4, "copies": 64, "bytes": 4194304}
{"mock_phase": "read_complete", "rank": 4, "ret": 0, "bytes": 4194304}
{"mock_phase": "before_read", "rank": 4, "copies": 64, "bytes": 524288}
{"mock_phase": "read_complete", "rank": 4, "ret": 0, "bytes": 524288}
{"mock_phase": "before_read", "rank": 4, "copies": 64, "bytes": 524288}
{"mock_phase": "read_complete", "rank": 4, "ret": 0, "bytes": 524288}
{"mock_phase": "before_read", "rank": 4, "copies": 64, "bytes": 8192}
{"mock_phase": "read_complete", "rank": 4, "ret": 0, "bytes": 8192}
{"mock_phase": "before_read", "rank": 4, "copies": 64, "bytes": 8192}
{"mock_phase": "read_complete", "rank": 4, "ret": 0, "bytes": 8192}
{"mock_phase": "before_read", "rank": 4, "copies": 64, "bytes": 8388608}
{"mock_phase": "read_complete", "rank": 4, "ret": 0, "bytes": 8388608}
{"mock_phase": "before_read", "rank": 4, "copies": 64, "bytes": 8388608}
{"mock_phase": "read_complete", "rank": 4, "ret": 0, "bytes": 8388608}
{"mock_phase": "before_read", "rank": 4, "copies": 64, "bytes": 1048576}
{"mock_phase": "read_complete", "rank": 4, "ret": 0, "bytes": 1048576}
{"mock_phase": "before_read", "rank": 4, "copies": 64, "bytes": 1048576}
{"mock_phase": "read_complete", "rank": 4, "ret": 0, "bytes": 1048576}
{"mock_phase": "before_read", "rank": 4, "copies": 64, "bytes": 16384}
{"mock_phase": "read_complete", "rank": 4, "ret": 0, "bytes": 16384}
{"mock_phase": "before_read", "rank": 4, "copies": 64, "bytes": 16384}
{"mock_phase": "read_complete", "rank": 4, "ret": 0, "bytes": 16384}
{"mock_phase": "before_read", "rank": 4, "copies": 43, "bytes": 5636096}
{"mock_phase": "read_complete", "rank": 4, "ret": 0, "bytes": 5636096}
{"mock_phase": "planned", "request_id": "cmpl-9a9c25c4fb4fad7e-0-8451e664", "rank": 5, "pages": 1579, "bytes": 52903936}
{"mock_phase": "before_read", "rank": 5, "copies": 64, "bytes": 4194304}
{"mock_phase": "read_complete", "rank": 5, "ret": 0, "bytes": 4194304}
{"mock_phase": "before_read", "rank": 5, "copies": 64, "bytes": 4194304}
{"mock_phase": "read_complete", "rank": 5, "ret": 0, "bytes": 4194304}
{"mock_phase": "before_read", "rank": 5, "copies": 64, "bytes": 524288}
{"mock_phase": "read_complete", "rank": 5, "ret": 0, "bytes": 524288}
{"mock_phase": "before_read", "rank": 5, "copies": 64, "bytes": 524288}
{"mock_phase": "read_complete", "rank": 5, "ret": 0, "bytes": 524288}
{"mock_phase": "before_read", "rank": 5, "copies": 64, "bytes": 8192}
{"mock_phase": "read_complete", "rank": 5, "ret": 0, "bytes": 8192}
{"mock_phase": "before_read", "rank": 5, "copies": 64, "bytes": 8192}
{"mock_phase": "read_complete", "rank": 5, "ret": 0, "bytes": 8192}
{"mock_phase": "before_read", "rank": 5, "copies": 64, "bytes": 4194304}
{"mock_phase": "read_complete", "rank": 5, "ret": 0, "bytes": 4194304}
{"mock_phase": "before_read", "rank": 5, "copies": 64, "bytes": 4194304}
{"mock_phase": "read_complete", "rank": 5, "ret": 0, "bytes": 4194304}
{"mock_phase": "before_read", "rank": 5, "copies": 64, "bytes": 524288}
{"mock_phase": "read_complete", "rank": 5, "ret": 0, "bytes": 524288}
{"mock_phase": "before_read", "rank": 5, "copies": 64, "bytes": 524288}
{"mock_phase": "read_complete", "rank": 5, "ret": 0, "bytes": 524288}
{"mock_phase": "before_read", "rank": 5, "copies": 64, "bytes": 8192}
{"mock_phase": "read_complete", "rank": 5, "ret": 0, "bytes": 8192}
{"mock_phase": "before_read", "rank": 5, "copies": 64, "bytes": 8192}
{"mock_phase": "read_complete", "rank": 5, "ret": 0, "bytes": 8192}
{"mock_phase": "before_read", "rank": 5, "copies": 64, "bytes": 4194304}
{"mock_phase": "read_complete", "rank": 5, "ret": 0, "bytes": 4194304}
{"mock_phase": "before_read", "rank": 5, "copies": 64, "bytes": 4194304}
{"mock_phase": "read_complete", "rank": 5, "ret": 0, "bytes": 4194304}
{"mock_phase": "before_read", "rank": 5, "copies": 64, "bytes": 524288}
{"mock_phase": "read_complete", "rank": 5, "ret": 0, "bytes": 524288}
{"mock_phase": "before_read", "rank": 5, "copies": 64, "bytes": 524288}
{"mock_phase": "read_complete", "rank": 5, "ret": 0, "bytes": 524288}
{"mock_phase": "before_read", "rank": 5, "copies": 64, "bytes": 8192}
{"mock_phase": "read_complete", "rank": 5, "ret": 0, "bytes": 8192}
{"mock_phase": "before_read", "rank": 5, "copies": 64, "bytes": 8192}
{"mock_phase": "read_complete", "rank": 5, "ret": 0, "bytes": 8192}
{"mock_phase": "before_read", "rank": 5, "copies": 64, "bytes": 8388608}
{"mock_phase": "read_complete", "rank": 5, "ret": 0, "bytes": 8388608}
{"mock_phase": "before_read", "rank": 5, "copies": 64, "bytes": 8388608}
{"mock_phase": "read_complete", "rank": 5, "ret": 0, "bytes": 8388608}
{"mock_phase": "before_read", "rank": 5, "copies": 64, "bytes": 1048576}
{"mock_phase": "read_complete", "rank": 5, "ret": 0, "bytes": 1048576}
{"mock_phase": "before_read", "rank": 5, "copies": 64, "bytes": 1048576}
{"mock_phase": "read_complete", "rank": 5, "ret": 0, "bytes": 1048576}
{"mock_phase": "before_read", "rank": 5, "copies": 64, "bytes": 16384}
{"mock_phase": "read_complete", "rank": 5, "ret": 0, "bytes": 16384}
{"mock_phase": "before_read", "rank": 5, "copies": 64, "bytes": 16384}
{"mock_phase": "read_complete", "rank": 5, "ret": 0, "bytes": 16384}
{"mock_phase": "before_read", "rank": 5, "copies": 43, "bytes": 5636096}
{"mock_phase": "read_complete", "rank": 5, "ret": 0, "bytes": 5636096}
{"mock_phase": "planned", "request_id": "cmpl-9a9c25c4fb4fad7e-0-8451e664", "rank": 6, "pages": 1579, "bytes": 52903936}
{"mock_phase": "before_read", "rank": 6, "copies": 64, "bytes": 4194304}
{"mock_phase": "read_complete", "rank": 6, "ret": 0, "bytes": 4194304}
{"mock_phase": "before_read", "rank": 6, "copies": 64, "bytes": 4194304}
{"mock_phase": "read_complete", "rank": 6, "ret": 0, "bytes": 4194304}
{"mock_phase": "before_read", "rank": 6, "copies": 64, "bytes": 524288}
{"mock_phase": "read_complete", "rank": 6, "ret": 0, "bytes": 524288}
{"mock_phase": "before_read", "rank": 6, "copies": 64, "bytes": 524288}
{"mock_phase": "read_complete", "rank": 6, "ret": 0, "bytes": 524288}
{"mock_phase": "before_read", "rank": 6, "copies": 64, "bytes": 8192}
{"mock_phase": "read_complete", "rank": 6, "ret": 0, "bytes": 8192}
{"mock_phase": "before_read", "rank": 6, "copies": 64, "bytes": 8192}
{"mock_phase": "read_complete", "rank": 6, "ret": 0, "bytes": 8192}
{"mock_phase": "before_read", "rank": 6, "copies": 64, "bytes": 4194304}
{"mock_phase": "read_complete", "rank": 6, "ret": 0, "bytes": 4194304}
{"mock_phase": "before_read", "rank": 6, "copies": 64, "bytes": 4194304}
{"mock_phase": "read_complete", "rank": 6, "ret": 0, "bytes": 4194304}
{"mock_phase": "before_read", "rank": 6, "copies": 64, "bytes": 524288}
{"mock_phase": "read_complete", "rank": 6, "ret": 0, "bytes": 524288}
{"mock_phase": "before_read", "rank": 6, "copies": 64, "bytes": 524288}
{"mock_phase": "read_complete", "rank": 6, "ret": 0, "bytes": 524288}
{"mock_phase": "before_read", "rank": 6, "copies": 64, "bytes": 8192}
{"mock_phase": "read_complete", "rank": 6, "ret": 0, "bytes": 8192}
{"mock_phase": "before_read", "rank": 6, "copies": 64, "bytes": 8192}
{"mock_phase": "read_complete", "rank": 6, "ret": 0, "bytes": 8192}
{"mock_phase": "before_read", "rank": 6, "copies": 64, "bytes": 4194304}
{"mock_phase": "read_complete", "rank": 6, "ret": 0, "bytes": 4194304}
{"mock_phase": "before_read", "rank": 6, "copies": 64, "bytes": 4194304}
{"mock_phase": "read_complete", "rank": 6, "ret": 0, "bytes": 4194304}
{"mock_phase": "before_read", "rank": 6, "copies": 64, "bytes": 524288}
{"mock_phase": "read_complete", "rank": 6, "ret": 0, "bytes": 524288}
{"mock_phase": "before_read", "rank": 6, "copies": 64, "bytes": 524288}
{"mock_phase": "read_complete", "rank": 6, "ret": 0, "bytes": 524288}
{"mock_phase": "before_read", "rank": 6, "copies": 64, "bytes": 8192}
{"mock_phase": "read_complete", "rank": 6, "ret": 0, "bytes": 8192}
{"mock_phase": "before_read", "rank": 6, "copies": 64, "bytes": 8192}
{"mock_phase": "read_complete", "rank": 6, "ret": 0, "bytes": 8192}
{"mock_phase": "before_read", "rank": 6, "copies": 64, "bytes": 8388608}
{"mock_phase": "read_complete", "rank": 6, "ret": 0, "bytes": 8388608}
{"mock_phase": "before_read", "rank": 6, "copies": 64, "bytes": 8388608}
{"mock_phase": "read_complete", "rank": 6, "ret": 0, "bytes": 8388608}
{"mock_phase": "before_read", "rank": 6, "copies": 64, "bytes": 1048576}
{"mock_phase": "read_complete", "rank": 6, "ret": 0, "bytes": 1048576}
{"mock_phase": "before_read", "rank": 6, "copies": 64, "bytes": 1048576}
{"mock_phase": "read_complete", "rank": 6, "ret": 0, "bytes": 1048576}
{"mock_phase": "before_read", "rank": 6, "copies": 64, "bytes": 16384}
{"mock_phase": "read_complete", "rank": 6, "ret": 0, "bytes": 16384}
{"mock_phase": "before_read", "rank": 6, "copies": 64, "bytes": 16384}
{"mock_phase": "read_complete", "rank": 6, "ret": 0, "bytes": 16384}
{"mock_phase": "before_read", "rank": 6, "copies": 43, "bytes": 5636096}
{"mock_phase": "read_complete", "rank": 6, "ret": 0, "bytes": 5636096}
{"mock_phase": "planned", "request_id": "cmpl-9a9c25c4fb4fad7e-0-8451e664", "rank": 7, "pages": 1579, "bytes": 52903936}
{"mock_phase": "before_read", "rank": 7, "copies": 64, "bytes": 4194304}
{"mock_phase": "read_complete", "rank": 7, "ret": 0, "bytes": 4194304}
{"mock_phase": "before_read", "rank": 7, "copies": 64, "bytes": 4194304}
{"mock_phase": "read_complete", "rank": 7, "ret": 0, "bytes": 4194304}
{"mock_phase": "before_read", "rank": 7, "copies": 64, "bytes": 524288}
{"mock_phase": "read_complete", "rank": 7, "ret": 0, "bytes": 524288}
{"mock_phase": "before_read", "rank": 7, "copies": 64, "bytes": 524288}
{"mock_phase": "read_complete", "rank": 7, "ret": 0, "bytes": 524288}
{"mock_phase": "before_read", "rank": 7, "copies": 64, "bytes": 8192}
{"mock_phase": "read_complete", "rank": 7, "ret": 0, "bytes": 8192}
{"mock_phase": "before_read", "rank": 7, "copies": 64, "bytes": 8192}
{"mock_phase": "read_complete", "rank": 7, "ret": 0, "bytes": 8192}
{"mock_phase": "before_read", "rank": 7, "copies": 64, "bytes": 4194304}
{"mock_phase": "read_complete", "rank": 7, "ret": 0, "bytes": 4194304}
{"mock_phase": "before_read", "rank": 7, "copies": 64, "bytes": 4194304}
{"mock_phase": "read_complete", "rank": 7, "ret": 0, "bytes": 4194304}
{"mock_phase": "before_read", "rank": 7, "copies": 64, "bytes": 524288}
{"mock_phase": "read_complete", "rank": 7, "ret": 0, "bytes": 524288}
{"mock_phase": "before_read", "rank": 7, "copies": 64, "bytes": 524288}
{"mock_phase": "read_complete", "rank": 7, "ret": 0, "bytes": 524288}
{"mock_phase": "before_read", "rank": 7, "copies": 64, "bytes": 8192}
{"mock_phase": "read_complete", "rank": 7, "ret": 0, "bytes": 8192}
{"mock_phase": "before_read", "rank": 7, "copies": 64, "bytes": 8192}
{"mock_phase": "read_complete", "rank": 7, "ret": 0, "bytes": 8192}
{"mock_phase": "before_read", "rank": 7, "copies": 64, "bytes": 4194304}
{"mock_phase": "read_complete", "rank": 7, "ret": 0, "bytes": 4194304}
{"mock_phase": "before_read", "rank": 7, "copies": 64, "bytes": 4194304}
{"mock_phase": "read_complete", "rank": 7, "ret": 0, "bytes": 4194304}
{"mock_phase": "before_read", "rank": 7, "copies": 64, "bytes": 524288}
{"mock_phase": "read_complete", "rank": 7, "ret": 0, "bytes": 524288}
{"mock_phase": "before_read", "rank": 7, "copies": 64, "bytes": 524288}
{"mock_phase": "read_complete", "rank": 7, "ret": 0, "bytes": 524288}
{"mock_phase": "before_read", "rank": 7, "copies": 64, "bytes": 8192}
{"mock_phase": "read_complete", "rank": 7, "ret": 0, "bytes": 8192}
{"mock_phase": "before_read", "rank": 7, "copies": 64, "bytes": 8192}
{"mock_phase": "read_complete", "rank": 7, "ret": 0, "bytes": 8192}
{"mock_phase": "before_read", "rank": 7, "copies": 64, "bytes": 8388608}
{"mock_phase": "read_complete", "rank": 7, "ret": 0, "bytes": 8388608}
{"mock_phase": "before_read", "rank": 7, "copies": 64, "bytes": 8388608}
{"mock_phase": "read_complete", "rank": 7, "ret": 0, "bytes": 8388608}
{"mock_phase": "before_read", "rank": 7, "copies": 64, "bytes": 1048576}
{"mock_phase": "read_complete", "rank": 7, "ret": 0, "bytes": 1048576}
{"mock_phase": "before_read", "rank": 7, "copies": 64, "bytes": 1048576}
{"mock_phase": "read_complete", "rank": 7, "ret": 0, "bytes": 1048576}
{"mock_phase": "before_read", "rank": 7, "copies": 64, "bytes": 16384}
{"mock_phase": "read_complete", "rank": 7, "ret": 0, "bytes": 16384}
{"mock_phase": "before_read", "rank": 7, "copies": 64, "bytes": 16384}
{"mock_phase": "read_complete", "rank": 7, "ret": 0, "bytes": 16384}
{"mock_phase": "before_read", "rank": 7, "copies": 43, "bytes": 5636096}
{"mock_phase": "read_complete", "rank": 7, "ret": 0, "bytes": 5636096}
{"ok": true, "request_id": "cmpl-9a9c25c4fb4fad7e-0-8451e664", "ranks": [{"rank": 0, "bytes": 52903936, "read_s": 0.014133939985185862, "hash_s": 0.07297573937103152, "nonzero_groups": [0, 1, 2, 3, 4, 5, 6]}, {"rank": 1, "bytes": 52903936, "read_s": 0.012639359571039677, "hash_s": 0.07077123876661062, "nonzero_groups": [0, 1, 2, 3, 4, 5, 6]}, {"rank": 2, "bytes": 52903936, "read_s": 0.012653241399675608, "hash_s": 0.07077896920964122, "nonzero_groups": [0, 1, 2, 3, 4, 5, 6]}, {"rank": 3, "bytes": 52903936, "read_s": 0.012408960610628128, "hash_s": 0.06916141929104924, "nonzero_groups": [0, 1, 2, 3, 4, 5, 6]}, {"rank": 4, "bytes": 52903936, "read_s": 0.013052489142864943, "hash_s": 0.07162323873490095, "nonzero_groups": [0, 1, 2, 3, 4, 5, 6]}, {"rank": 5, "bytes": 52903936, "read_s": 0.012868058867752552, "hash_s": 0.06998050957918167, "nonzero_groups": [0, 1, 2, 3, 4, 5, 6]}, {"rank": 6, "bytes": 52903936, "read_s": 0.01221878919750452, "hash_s": 0.0703705595806241, "nonzero_groups": [0, 1, 2, 3, 4, 5, 6]}, {"rank": 7, "bytes": 52903936, "read_s": 0.012255389243364334, "hash_s": 0.06924365041777492, "nonzero_groups": [0, 1, 2, 3, 4, 5, 6]}], "bytes": 423231488, "consume_s": 0.7226403201930225, "ack_s": 0.002078109886497259, "total_s": 0.7247187099419534, "hold_ms": 0}
127.0.0.1 - - [09/Oct/2026 07:58:58] "POST /consume HTTP/1.1" 200 -
{"mock_phase": "planned", "request_id": "cmpl-b10469dc3fc8f275-0-8a85cc3d", "rank": 0, "pages": 1579, "bytes": 52903936}
{"mock_phase": "before_read", "rank": 0, "copies": 64, "bytes": 4194304}
{"mock_phase": "read_complete", "rank": 0, "ret": 0, "bytes": 4194304}
{"mock_phase": "before_read", "rank": 0, "copies": 64, "bytes": 4194304}
{"mock_phase": "read_complete", "rank": 0, "ret": 0, "bytes": 4194304}
{"mock_phase": "before_read", "rank": 0, "copies": 64, "bytes": 524288}
{"mock_phase": "read_complete", "rank": 0, "ret": 0, "bytes": 524288}
{"mock_phase": "before_read", "rank": 0, "copies": 64, "bytes": 524288}
{"mock_phase": "read_complete", "rank": 0, "ret": 0, "bytes": 524288}
{"mock_phase": "before_read", "rank": 0, "copies": 64, "bytes": 8192}
{"mock_phase": "read_complete", "rank": 0, "ret": 0, "bytes": 8192}
{"mock_phase": "before_read", "rank": 0, "copies": 64, "bytes": 8192}
{"mock_phase": "read_complete", "rank": 0, "ret": 0, "bytes": 8192}
{"mock_phase": "before_read", "rank": 0, "copies": 64, "bytes": 4194304}
{"mock_phase": "read_complete", "rank": 0, "ret": 0, "bytes": 4194304}
{"mock_phase": "before_read", "rank": 0, "copies": 64, "bytes": 4194304}
{"mock_phase": "read_complete", "rank": 0, "ret": 0, "bytes": 4194304}
{"mock_phase": "before_read", "rank": 0, "copies": 64, "bytes": 524288}
{"mock_phase": "read_complete", "rank": 0, "ret": 0, "bytes": 524288}
{"mock_phase": "before_read", "rank": 0, "copies": 64, "bytes": 524288}
{"mock_phase": "read_complete", "rank": 0, "ret": 0, "bytes": 524288}
{"mock_phase": "before_read", "rank": 0, "copies": 64, "bytes": 8192}
{"mock_phase": "read_complete", "rank": 0, "ret": 0, "bytes": 8192}
{"mock_phase": "before_read", "rank": 0, "copies": 64, "bytes": 8192}
{"mock_phase": "read_complete", "rank": 0, "ret": 0, "bytes": 8192}
{"mock_phase": "before_read", "rank": 0, "copies": 64, "bytes": 4194304}
{"mock_phase": "read_complete", "rank": 0, "ret": 0, "bytes": 4194304}
{"mock_phase": "before_read", "rank": 0, "copies": 64, "bytes": 4194304}
{"mock_phase": "read_complete", "rank": 0, "ret": 0, "bytes": 4194304}
{"mock_phase": "before_read", "rank": 0, "copies": 64, "bytes": 524288}
{"mock_phase": "read_complete", "rank": 0, "ret": 0, "bytes": 524288}
{"mock_phase": "before_read", "rank": 0, "copies": 64, "bytes": 524288}
{"mock_phase": "read_complete", "rank": 0, "ret": 0, "bytes": 524288}
{"mock_phase": "before_read", "rank": 0, "copies": 64, "bytes": 8192}
{"mock_phase": "read_complete", "rank": 0, "ret": 0, "bytes": 8192}
{"mock_phase": "before_read", "rank": 0, "copies": 64, "bytes": 8192}
{"mock_phase": "read_complete", "rank": 0, "ret": 0, "bytes": 8192}
{"mock_phase": "before_read", "rank": 0, "copies": 64, "bytes": 8388608}
{"mock_phase": "read_complete", "rank": 0, "ret": 0, "bytes": 8388608}
{"mock_phase": "before_read", "rank": 0, "copies": 64, "bytes": 8388608}
{"mock_phase": "read_complete", "rank": 0, "ret": 0, "bytes": 8388608}
{"mock_phase": "before_read", "rank": 0, "copies": 64, "bytes": 1048576}
{"mock_phase": "read_complete", "rank": 0, "ret": 0, "bytes": 1048576}
{"mock_phase": "before_read", "rank": 0, "copies": 64, "bytes": 1048576}
{"mock_phase": "read_complete", "rank": 0, "ret": 0, "bytes": 1048576}
{"mock_phase": "before_read", "rank": 0, "copies": 64, "bytes": 16384}
{"mock_phase": "read_complete", "rank": 0, "ret": 0, "bytes": 16384}
{"mock_phase": "before_read", "rank": 0, "copies": 64, "bytes": 16384}
{"mock_phase": "read_complete", "rank": 0, "ret": 0, "bytes": 16384}
{"mock_phase": "before_read", "rank": 0, "copies": 43, "bytes": 5636096}
{"mock_phase": "read_complete", "rank": 0, "ret": 0, "bytes": 5636096}
{"mock_phase": "planned", "request_id": "cmpl-b10469dc3fc8f275-0-8a85cc3d", "rank": 1, "pages": 1579, "bytes": 52903936}
{"mock_phase": "before_read", "rank": 1, "copies": 64, "bytes": 4194304}
{"mock_phase": "read_complete", "rank": 1, "ret": 0, "bytes": 4194304}
{"mock_phase": "before_read", "rank": 1, "copies": 64, "bytes": 4194304}
{"mock_phase": "read_complete", "rank": 1, "ret": 0, "bytes": 4194304}
{"mock_phase": "before_read", "rank": 1, "copies": 64, "bytes": 524288}
{"mock_phase": "read_complete", "rank": 1, "ret": 0, "bytes": 524288}
{"mock_phase": "before_read", "rank": 1, "copies": 64, "bytes": 524288}
{"mock_phase": "read_complete", "rank": 1, "ret": 0, "bytes": 524288}
{"mock_phase": "before_read", "rank": 1, "copies": 64, "bytes": 8192}
{"mock_phase": "read_complete", "rank": 1, "ret": 0, "bytes": 8192}
{"mock_phase": "before_read", "rank": 1, "copies": 64, "bytes": 8192}
{"mock_phase": "read_complete", "rank": 1, "ret": 0, "bytes": 8192}
{"mock_phase": "before_read", "rank": 1, "copies": 64, "bytes": 4194304}
{"mock_phase": "read_complete", "rank": 1, "ret": 0, "bytes": 4194304}
{"mock_phase": "before_read", "rank": 1, "copies": 64, "bytes": 4194304}
{"mock_phase": "read_complete", "rank": 1, "ret": 0, "bytes": 4194304}
{"mock_phase": "before_read", "rank": 1, "copies": 64, "bytes": 524288}
{"mock_phase": "read_complete", "rank": 1, "ret": 0, "bytes": 524288}
{"mock_phase": "before_read", "rank": 1, "copies": 64, "bytes": 524288}
{"mock_phase": "read_complete", "rank": 1, "ret": 0, "bytes": 524288}
{"mock_phase": "before_read", "rank": 1, "copies": 64, "bytes": 8192}
{"mock_phase": "read_complete", "rank": 1, "ret": 0, "bytes": 8192}
{"mock_phase": "before_read", "rank": 1, "copies": 64, "bytes": 8192}
{"mock_phase": "read_complete", "rank": 1, "ret": 0, "bytes": 8192}
{"mock_phase": "before_read", "rank": 1, "copies": 64, "bytes": 4194304}
{"mock_phase": "read_complete", "rank": 1, "ret": 0, "bytes": 4194304}
{"mock_phase": "before_read", "rank": 1, "copies": 64, "bytes": 4194304}
{"mock_phase": "read_complete", "rank": 1, "ret": 0, "bytes": 4194304}
{"mock_phase": "before_read", "rank": 1, "copies": 64, "bytes": 524288}
{"mock_phase": "read_complete", "rank": 1, "ret": 0, "bytes": 524288}
{"mock_phase": "before_read", "rank": 1, "copies": 64, "bytes": 524288}
{"mock_phase": "read_complete", "rank": 1, "ret": 0, "bytes": 524288}
{"mock_phase": "before_read", "rank": 1, "copies": 64, "bytes": 8192}
{"mock_phase": "read_complete", "rank": 1, "ret": 0, "bytes": 8192}
{"mock_phase": "before_read", "rank": 1, "copies": 64, "bytes": 8192}
{"mock_phase": "read_complete", "rank": 1, "ret": 0, "bytes": 8192}
{"mock_phase": "before_read", "rank": 1, "copies": 64, "bytes": 8388608}
{"mock_phase": "read_complete", "rank": 1, "ret": 0, "bytes": 8388608}
{"mock_phase": "before_read", "rank": 1, "copies": 64, "bytes": 8388608}
{"mock_phase": "read_complete", "rank": 1, "ret": 0, "bytes": 8388608}
{"mock_phase": "before_read", "rank": 1, "copies": 64, "bytes": 1048576}
{"mock_phase": "read_complete", "rank": 1, "ret": 0, "bytes": 1048576}
{"mock_phase": "before_read", "rank": 1, "copies": 64, "bytes": 1048576}
{"mock_phase": "read_complete", "rank": 1, "ret": 0, "bytes": 1048576}
{"mock_phase": "before_read", "rank": 1, "copies": 64, "bytes": 16384}
{"mock_phase": "read_complete", "rank": 1, "ret": 0, "bytes": 16384}
{"mock_phase": "before_read", "rank": 1, "copies": 64, "bytes": 16384}
{"mock_phase": "read_complete", "rank": 1, "ret": 0, "bytes": 16384}
{"mock_phase": "before_read", "rank": 1, "copies": 43, "bytes": 5636096}
{"mock_phase": "read_complete", "rank": 1, "ret": 0, "bytes": 5636096}
{"mock_phase": "planned", "request_id": "cmpl-b10469dc3fc8f275-0-8a85cc3d", "rank": 2, "pages": 1579, "bytes": 52903936}
{"mock_phase": "before_read", "rank": 2, "copies": 64, "bytes": 4194304}
{"mock_phase": "read_complete", "rank": 2, "ret": 0, "bytes": 4194304}
{"mock_phase": "before_read", "rank": 2, "copies": 64, "bytes": 4194304}
{"mock_phase": "read_complete", "rank": 2, "ret": 0, "bytes": 4194304}
{"mock_phase": "before_read", "rank": 2, "copies": 64, "bytes": 524288}
{"mock_phase": "read_complete", "rank": 2, "ret": 0, "bytes": 524288}
{"mock_phase": "before_read", "rank": 2, "copies": 64, "bytes": 524288}
{"mock_phase": "read_complete", "rank": 2, "ret": 0, "bytes": 524288}
{"mock_phase": "before_read", "rank": 2, "copies": 64, "bytes": 8192}
{"mock_phase": "read_complete", "rank": 2, "ret": 0, "bytes": 8192}
{"mock_phase": "before_read", "rank": 2, "copies": 64, "bytes": 8192}
{"mock_phase": "read_complete", "rank": 2, "ret": 0, "bytes": 8192}
{"mock_phase": "before_read", "rank": 2, "copies": 64, "bytes": 4194304}
{"mock_phase": "read_complete", "rank": 2, "ret": 0, "bytes": 4194304}
{"mock_phase": "before_read", "rank": 2, "copies": 64, "bytes": 4194304}
{"mock_phase": "read_complete", "rank": 2, "ret": 0, "bytes": 4194304}
{"mock_phase": "before_read", "rank": 2, "copies": 64, "bytes": 524288}
{"mock_phase": "read_complete", "rank": 2, "ret": 0, "bytes": 524288}
{"mock_phase": "before_read", "rank": 2, "copies": 64, "bytes": 524288}
{"mock_phase": "read_complete", "rank": 2, "ret": 0, "bytes": 524288}
{"mock_phase": "before_read", "rank": 2, "copies": 64, "bytes": 8192}
{"mock_phase": "read_complete", "rank": 2, "ret": 0, "bytes": 8192}
{"mock_phase": "before_read", "rank": 2, "copies": 64, "bytes": 8192}
{"mock_phase": "read_complete", "rank": 2, "ret": 0, "bytes": 8192}
{"mock_phase": "before_read", "rank": 2, "copies": 64, "bytes": 4194304}
{"mock_phase": "read_complete", "rank": 2, "ret": 0, "bytes": 4194304}
{"mock_phase": "before_read", "rank": 2, "copies": 64, "bytes": 4194304}
{"mock_phase": "read_complete", "rank": 2, "ret": 0, "bytes": 4194304}
{"mock_phase": "before_read", "rank": 2, "copies": 64, "bytes": 524288}
{"mock_phase": "read_complete", "rank": 2, "ret": 0, "bytes": 524288}
{"mock_phase": "before_read", "rank": 2, "copies": 64, "bytes": 524288}
{"mock_phase": "read_complete", "rank": 2, "ret": 0, "bytes": 524288}
{"mock_phase": "before_read", "rank": 2, "copies": 64, "bytes": 8192}
{"mock_phase": "read_complete", "rank": 2, "ret": 0, "bytes": 8192}
{"mock_phase": "before_read", "rank": 2, "copies": 64, "bytes": 8192}
{"mock_phase": "read_complete", "rank": 2, "ret": 0, "bytes": 8192}
{"mock_phase": "before_read", "rank": 2, "copies": 64, "bytes": 8388608}
{"mock_phase": "read_complete", "rank": 2, "ret": 0, "bytes": 8388608}
{"mock_phase": "before_read", "rank": 2, "copies": 64, "bytes": 8388608}
{"mock_phase": "read_complete", "rank": 2, "ret": 0, "bytes": 8388608}
{"mock_phase": "before_read", "rank": 2, "copies": 64, "bytes": 1048576}
{"mock_phase": "read_complete", "rank": 2, "ret": 0, "bytes": 1048576}
{"mock_phase": "before_read", "rank": 2, "copies": 64, "bytes": 1048576}
{"mock_phase": "read_complete", "rank": 2, "ret": 0, "bytes": 1048576}
{"mock_phase": "before_read", "rank": 2, "copies": 64, "bytes": 16384}
{"mock_phase": "read_complete", "rank": 2, "ret": 0, "bytes": 16384}
{"mock_phase": "before_read", "rank": 2, "copies": 64, "bytes": 16384}
{"mock_phase": "read_complete", "rank": 2, "ret": 0, "bytes": 16384}
{"mock_phase": "before_read", "rank": 2, "copies": 43, "bytes": 5636096}
{"mock_phase": "read_complete", "rank": 2, "ret": 0, "bytes": 5636096}
{"mock_phase": "planned", "request_id": "cmpl-b10469dc3fc8f275-0-8a85cc3d", "rank": 3, "pages": 1579, "bytes": 52903936}
{"mock_phase": "before_read", "rank": 3, "copies": 64, "bytes": 4194304}
{"mock_phase": "read_complete", "rank": 3, "ret": 0, "bytes": 4194304}
{"mock_phase": "before_read", "rank": 3, "copies": 64, "bytes": 4194304}
{"mock_phase": "read_complete", "rank": 3, "ret": 0, "bytes": 4194304}
{"mock_phase": "before_read", "rank": 3, "copies": 64, "bytes": 524288}
{"mock_phase": "read_complete", "rank": 3, "ret": 0, "bytes": 524288}
{"mock_phase": "before_read", "rank": 3, "copies": 64, "bytes": 524288}
{"mock_phase": "read_complete", "rank": 3, "ret": 0, "bytes": 524288}
{"mock_phase": "before_read", "rank": 3, "copies": 64, "bytes": 8192}
{"mock_phase": "read_complete", "rank": 3, "ret": 0, "bytes": 8192}
{"mock_phase": "before_read", "rank": 3, "copies": 64, "bytes": 8192}
{"mock_phase": "read_complete", "rank": 3, "ret": 0, "bytes": 8192}
{"mock_phase": "before_read", "rank": 3, "copies": 64, "bytes": 4194304}
{"mock_phase": "read_complete", "rank": 3, "ret": 0, "bytes": 4194304}
{"mock_phase": "before_read", "rank": 3, "copies": 64, "bytes": 4194304}
{"mock_phase": "read_complete", "rank": 3, "ret": 0, "bytes": 4194304}
{"mock_phase": "before_read", "rank": 3, "copies": 64, "bytes": 524288}
{"mock_phase": "read_complete", "rank": 3, "ret": 0, "bytes": 524288}
{"mock_phase": "before_read", "rank": 3, "copies": 64, "bytes": 524288}
{"mock_phase": "read_complete", "rank": 3, "ret": 0, "bytes": 524288}
{"mock_phase": "before_read", "rank": 3, "copies": 64, "bytes": 8192}
{"mock_phase": "read_complete", "rank": 3, "ret": 0, "bytes": 8192}
{"mock_phase": "before_read", "rank": 3, "copies": 64, "bytes": 8192}
{"mock_phase": "read_complete", "rank": 3, "ret": 0, "bytes": 8192}
{"mock_phase": "before_read", "rank": 3, "copies": 64, "bytes": 4194304}
{"mock_phase": "read_complete", "rank": 3, "ret": 0, "bytes": 4194304}
{"mock_phase": "before_read", "rank": 3, "copies": 64, "bytes": 4194304}
{"mock_phase": "read_complete", "rank": 3, "ret": 0, "bytes": 4194304}
{"mock_phase": "before_read", "rank": 3, "copies": 64, "bytes": 524288}
{"mock_phase": "read_complete", "rank": 3, "ret": 0, "bytes": 524288}
{"mock_phase": "before_read", "rank": 3, "copies": 64, "bytes": 524288}
{"mock_phase": "read_complete", "rank": 3, "ret": 0, "bytes": 524288}
{"mock_phase": "before_read", "rank": 3, "copies": 64, "bytes": 8192}
{"mock_phase": "read_complete", "rank": 3, "ret": 0, "bytes": 8192}
{"mock_phase": "before_read", "rank": 3, "copies": 64, "bytes": 8192}
{"mock_phase": "read_complete", "rank": 3, "ret": 0, "bytes": 8192}
{"mock_phase": "before_read", "rank": 3, "copies": 64, "bytes": 8388608}
{"mock_phase": "read_complete", "rank": 3, "ret": 0, "bytes": 8388608}
{"mock_phase": "before_read", "rank": 3, "copies": 64, "bytes": 8388608}
{"mock_phase": "read_complete", "rank": 3, "ret": 0, "bytes": 8388608}
{"mock_phase": "before_read", "rank": 3, "copies": 64, "bytes": 1048576}
{"mock_phase": "read_complete", "rank": 3, "ret": 0, "bytes": 1048576}
{"mock_phase": "before_read", "rank": 3, "copies": 64, "bytes": 1048576}
{"mock_phase": "read_complete", "rank": 3, "ret": 0, "bytes": 1048576}
{"mock_phase": "before_read", "rank": 3, "copies": 64, "bytes": 16384}
{"mock_phase": "read_complete", "rank": 3, "ret": 0, "bytes": 16384}
{"mock_phase": "before_read", "rank": 3, "copies": 64, "bytes": 16384}
{"mock_phase": "read_complete", "rank": 3, "ret": 0, "bytes": 16384}
{"mock_phase": "before_read", "rank": 3, "copies": 43, "bytes": 5636096}
{"mock_phase": "read_complete", "rank": 3, "ret": 0, "bytes": 5636096}
{"mock_phase": "planned", "request_id": "cmpl-b10469dc3fc8f275-0-8a85cc3d", "rank": 4, "pages": 1579, "bytes": 52903936}
{"mock_phase": "before_read", "rank": 4, "copies": 64, "bytes": 4194304}
{"mock_phase": "read_complete", "rank": 4, "ret": 0, "bytes": 4194304}
{"mock_phase": "before_read", "rank": 4, "copies": 64, "bytes": 4194304}
{"mock_phase": "read_complete", "rank": 4, "ret": 0, "bytes": 4194304}
{"mock_phase": "before_read", "rank": 4, "copies": 64, "bytes": 524288}
{"mock_phase": "read_complete", "rank": 4, "ret": 0, "bytes": 524288}
{"mock_phase": "before_read", "rank": 4, "copies": 64, "bytes": 524288}
{"mock_phase": "read_complete", "rank": 4, "ret": 0, "bytes": 524288}
{"mock_phase": "before_read", "rank": 4, "copies": 64, "bytes": 8192}
{"mock_phase": "read_complete", "rank": 4, "ret": 0, "bytes": 8192}
{"mock_phase": "before_read", "rank": 4, "copies": 64, "bytes": 8192}
{"mock_phase": "read_complete", "rank": 4, "ret": 0, "bytes": 8192}
{"mock_phase": "before_read", "rank": 4, "copies": 64, "bytes": 4194304}
{"mock_phase": "read_complete", "rank": 4, "ret": 0, "bytes": 4194304}
{"mock_phase": "before_read", "rank": 4, "copies": 64, "bytes": 4194304}
{"mock_phase": "read_complete", "rank": 4, "ret": 0, "bytes": 4194304}
{"mock_phase": "before_read", "rank": 4, "copies": 64, "bytes": 524288}
{"mock_phase": "read_complete", "rank": 4, "ret": 0, "bytes": 524288}
{"mock_phase": "before_read", "rank": 4, "copies": 64, "bytes": 524288}
{"mock_phase": "read_complete", "rank": 4, "ret": 0, "bytes": 524288}
{"mock_phase": "before_read", "rank": 4, "copies": 64, "bytes": 8192}
{"mock_phase": "read_complete", "rank": 4, "ret": 0, "bytes": 8192}
{"mock_phase": "before_read", "rank": 4, "copies": 64, "bytes": 8192}
{"mock_phase": "read_complete", "rank": 4, "ret": 0, "bytes": 8192}
{"mock_phase": "before_read", "rank": 4, "copies": 64, "bytes": 4194304}
{"mock_phase": "read_complete", "rank": 4, "ret": 0, "bytes": 4194304}
{"mock_phase": "before_read", "rank": 4, "copies": 64, "bytes": 4194304}
{"mock_phase": "read_complete", "rank": 4, "ret": 0, "bytes": 4194304}
{"mock_phase": "before_read", "rank": 4, "copies": 64, "bytes": 524288}
{"mock_phase": "read_complete", "rank": 4, "ret": 0, "bytes": 524288}
{"mock_phase": "before_read", "rank": 4, "copies": 64, "bytes": 524288}
{"mock_phase": "read_complete", "rank": 4, "ret": 0, "bytes": 524288}
{"mock_phase": "before_read", "rank": 4, "copies": 64, "bytes": 8192}
{"mock_phase": "read_complete", "rank": 4, "ret": 0, "bytes": 8192}
{"mock_phase": "before_read", "rank": 4, "copies": 64, "bytes": 8192}
{"mock_phase": "read_complete", "rank": 4, "ret": 0, "bytes": 8192}
{"mock_phase": "before_read", "rank": 4, "copies": 64, "bytes": 8388608}
{"mock_phase": "read_complete", "rank": 4, "ret": 0, "bytes": 8388608}
{"mock_phase": "before_read", "rank": 4, "copies": 64, "bytes": 8388608}
{"mock_phase": "read_complete", "rank": 4, "ret": 0, "bytes": 8388608}
{"mock_phase": "before_read", "rank": 4, "copies": 64, "bytes": 1048576}
{"mock_phase": "read_complete", "rank": 4, "ret": 0, "bytes": 1048576}
{"mock_phase": "before_read", "rank": 4, "copies": 64, "bytes": 1048576}
{"mock_phase": "read_complete", "rank": 4, "ret": 0, "bytes": 1048576}
{"mock_phase": "before_read", "rank": 4, "copies": 64, "bytes": 16384}
{"mock_phase": "read_complete", "rank": 4, "ret": 0, "bytes": 16384}
{"mock_phase": "before_read", "rank": 4, "copies": 64, "bytes": 16384}
{"mock_phase": "read_complete", "rank": 4, "ret": 0, "bytes": 16384}
{"mock_phase": "before_read", "rank": 4, "copies": 43, "bytes": 5636096}
{"mock_phase": "read_complete", "rank": 4, "ret": 0, "bytes": 5636096}
{"mock_phase": "planned", "request_id": "cmpl-b10469dc3fc8f275-0-8a85cc3d", "rank": 5, "pages": 1579, "bytes": 52903936}
{"mock_phase": "before_read", "rank": 5, "copies": 64, "bytes": 4194304}
{"mock_phase": "read_complete", "rank": 5, "ret": 0, "bytes": 4194304}
{"mock_phase": "before_read", "rank": 5, "copies": 64, "bytes": 4194304}
{"mock_phase": "read_complete", "rank": 5, "ret": 0, "bytes": 4194304}
{"mock_phase": "before_read", "rank": 5, "copies": 64, "bytes": 524288}
{"mock_phase": "read_complete", "rank": 5, "ret": 0, "bytes": 524288}
{"mock_phase": "before_read", "rank": 5, "copies": 64, "bytes": 524288}
{"mock_phase": "read_complete", "rank": 5, "ret": 0, "bytes": 524288}
{"mock_phase": "before_read", "rank": 5, "copies": 64, "bytes": 8192}
{"mock_phase": "read_complete", "rank": 5, "ret": 0, "bytes": 8192}
{"mock_phase": "before_read", "rank": 5, "copies": 64, "bytes": 8192}
{"mock_phase": "read_complete", "rank": 5, "ret": 0, "bytes": 8192}
{"mock_phase": "before_read", "rank": 5, "copies": 64, "bytes": 4194304}
{"mock_phase": "read_complete", "rank": 5, "ret": 0, "bytes": 4194304}
{"mock_phase": "before_read", "rank": 5, "copies": 64, "bytes": 4194304}
{"mock_phase": "read_complete", "rank": 5, "ret": 0, "bytes": 4194304}
{"mock_phase": "before_read", "rank": 5, "copies": 64, "bytes": 524288}
{"mock_phase": "read_complete", "rank": 5, "ret": 0, "bytes": 524288}
{"mock_phase": "before_read", "rank": 5, "copies": 64, "bytes": 524288}
{"mock_phase": "read_complete", "rank": 5, "ret": 0, "bytes": 524288}
{"mock_phase": "before_read", "rank": 5, "copies": 64, "bytes": 8192}
{"mock_phase": "read_complete", "rank": 5, "ret": 0, "bytes": 8192}
{"mock_phase": "before_read", "rank": 5, "copies": 64, "bytes": 8192}
{"mock_phase": "read_complete", "rank": 5, "ret": 0, "bytes": 8192}
{"mock_phase": "before_read", "rank": 5, "copies": 64, "bytes": 4194304}
{"mock_phase": "read_complete", "rank": 5, "ret": 0, "bytes": 4194304}
{"mock_phase": "before_read", "rank": 5, "copies": 64, "bytes": 4194304}
{"mock_phase": "read_complete", "rank": 5, "ret": 0, "bytes": 4194304}
{"mock_phase": "before_read", "rank": 5, "copies": 64, "bytes": 524288}
{"mock_phase": "read_complete", "rank": 5, "ret": 0, "bytes": 524288}
{"mock_phase": "before_read", "rank": 5, "copies": 64, "bytes": 524288}
{"mock_phase": "read_complete", "rank": 5, "ret": 0, "bytes": 524288}
{"mock_phase": "before_read", "rank": 5, "copies": 64, "bytes": 8192}
{"mock_phase": "read_complete", "rank": 5, "ret": 0, "bytes": 8192}
{"mock_phase": "before_read", "rank": 5, "copies": 64, "bytes": 8192}
{"mock_phase": "read_complete", "rank": 5, "ret": 0, "bytes": 8192}
{"mock_phase": "before_read", "rank": 5, "copies": 64, "bytes": 8388608}
{"mock_phase": "read_complete", "rank": 5, "ret": 0, "bytes": 8388608}
{"mock_phase": "before_read", "rank": 5, "copies": 64, "bytes": 8388608}
{"mock_phase": "read_complete", "rank": 5, "ret": 0, "bytes": 8388608}
{"mock_phase": "before_read", "rank": 5, "copies": 64, "bytes": 1048576}
{"mock_phase": "read_complete", "rank": 5, "ret": 0, "bytes": 1048576}
{"mock_phase": "before_read", "rank": 5, "copies": 64, "bytes": 1048576}
{"mock_phase": "read_complete", "rank": 5, "ret": 0, "bytes": 1048576}
{"mock_phase": "before_read", "rank": 5, "copies": 64, "bytes": 16384}
{"mock_phase": "read_complete", "rank": 5, "ret": 0, "bytes": 16384}
{"mock_phase": "before_read", "rank": 5, "copies": 64, "bytes": 16384}
{"mock_phase": "read_complete", "rank": 5, "ret": 0, "bytes": 16384}
{"mock_phase": "before_read", "rank": 5, "copies": 43, "bytes": 5636096}
{"mock_phase": "read_complete", "rank": 5, "ret": 0, "bytes": 5636096}
{"mock_phase": "planned", "request_id": "cmpl-b10469dc3fc8f275-0-8a85cc3d", "rank": 6, "pages": 1579, "bytes": 52903936}
{"mock_phase": "before_read", "rank": 6, "copies": 64, "bytes": 4194304}
{"mock_phase": "read_complete", "rank": 6, "ret": 0, "bytes": 4194304}
{"mock_phase": "before_read", "rank": 6, "copies": 64, "bytes": 4194304}
{"mock_phase": "read_complete", "rank": 6, "ret": 0, "bytes": 4194304}
{"mock_phase": "before_read", "rank": 6, "copies": 64, "bytes": 524288}
{"mock_phase": "read_complete", "rank": 6, "ret": 0, "bytes": 524288}
{"mock_phase": "before_read", "rank": 6, "copies": 64, "bytes": 524288}
{"mock_phase": "read_complete", "rank": 6, "ret": 0, "bytes": 524288}
{"mock_phase": "before_read", "rank": 6, "copies": 64, "bytes": 8192}
{"mock_phase": "read_complete", "rank": 6, "ret": 0, "bytes": 8192}
{"mock_phase": "before_read", "rank": 6, "copies": 64, "bytes": 8192}
{"mock_phase": "read_complete", "rank": 6, "ret": 0, "bytes": 8192}
{"mock_phase": "before_read", "rank": 6, "copies": 64, "bytes": 4194304}
{"mock_phase": "read_complete", "rank": 6, "ret": 0, "bytes": 4194304}
{"mock_phase": "before_read", "rank": 6, "copies": 64, "bytes": 4194304}
{"mock_phase": "read_complete", "rank": 6, "ret": 0, "bytes": 4194304}
{"mock_phase": "before_read", "rank": 6, "copies": 64, "bytes": 524288}
{"mock_phase": "read_complete", "rank": 6, "ret": 0, "bytes": 524288}
{"mock_phase": "before_read", "rank": 6, "copies": 64, "bytes": 524288}
{"mock_phase": "read_complete", "rank": 6, "ret": 0, "bytes": 524288}
{"mock_phase": "before_read", "rank": 6, "copies": 64, "bytes": 8192}
{"mock_phase": "read_complete", "rank": 6, "ret": 0, "bytes": 8192}
{"mock_phase": "before_read", "rank": 6, "copies": 64, "bytes": 8192}
{"mock_phase": "read_complete", "rank": 6, "ret": 0, "bytes": 8192}
{"mock_phase": "before_read", "rank": 6, "copies": 64, "bytes": 4194304}
{"mock_phase": "read_complete", "rank": 6, "ret": 0, "bytes": 4194304}
{"mock_phase": "before_read", "rank": 6, "copies": 64, "bytes": 4194304}
{"mock_phase": "read_complete", "rank": 6, "ret": 0, "bytes": 4194304}
{"mock_phase": "before_read", "rank": 6, "copies": 64, "bytes": 524288}
{"mock_phase": "read_complete", "rank": 6, "ret": 0, "bytes": 524288}
{"mock_phase": "before_read", "rank": 6, "copies": 64, "bytes": 524288}
{"mock_phase": "read_complete", "rank": 6, "ret": 0, "bytes": 524288}
{"mock_phase": "before_read", "rank": 6, "copies": 64, "bytes": 8192}
{"mock_phase": "read_complete", "rank": 6, "ret": 0, "bytes": 8192}
{"mock_phase": "before_read", "rank": 6, "copies": 64, "bytes": 8192}
{"mock_phase": "read_complete", "rank": 6, "ret": 0, "bytes": 8192}
{"mock_phase": "before_read", "rank": 6, "copies": 64, "bytes": 8388608}
{"mock_phase": "read_complete", "rank": 6, "ret": 0, "bytes": 8388608}
{"mock_phase": "before_read", "rank": 6, "copies": 64, "bytes": 8388608}
{"mock_phase": "read_complete", "rank": 6, "ret": 0, "bytes": 8388608}
{"mock_phase": "before_read", "rank": 6, "copies": 64, "bytes": 1048576}
{"mock_phase": "read_complete", "rank": 6, "ret": 0, "bytes": 1048576}
{"mock_phase": "before_read", "rank": 6, "copies": 64, "bytes": 1048576}
{"mock_phase": "read_complete", "rank": 6, "ret": 0, "bytes": 1048576}
{"mock_phase": "before_read", "rank": 6, "copies": 64, "bytes": 16384}
{"mock_phase": "read_complete", "rank": 6, "ret": 0, "bytes": 16384}
{"mock_phase": "before_read", "rank": 6, "copies": 64, "bytes": 16384}
{"mock_phase": "read_complete", "rank": 6, "ret": 0, "bytes": 16384}
{"mock_phase": "before_read", "rank": 6, "copies": 43, "bytes": 5636096}
{"mock_phase": "read_complete", "rank": 6, "ret": 0, "bytes": 5636096}
{"mock_phase": "planned", "request_id": "cmpl-b10469dc3fc8f275-0-8a85cc3d", "rank": 7, "pages": 1579, "bytes": 52903936}
{"mock_phase": "before_read", "rank": 7, "copies": 64, "bytes": 4194304}
{"mock_phase": "read_complete", "rank": 7, "ret": 0, "bytes": 4194304}
{"mock_phase": "before_read", "rank": 7, "copies": 64, "bytes": 4194304}
{"mock_phase": "read_complete", "rank": 7, "ret": 0, "bytes": 4194304}
{"mock_phase": "before_read", "rank": 7, "copies": 64, "bytes": 524288}
{"mock_phase": "read_complete", "rank": 7, "ret": 0, "bytes": 524288}
{"mock_phase": "before_read", "rank": 7, "copies": 64, "bytes": 524288}
{"mock_phase": "read_complete", "rank": 7, "ret": 0, "bytes": 524288}
{"mock_phase": "before_read", "rank": 7, "copies": 64, "bytes": 8192}
{"mock_phase": "read_complete", "rank": 7, "ret": 0, "bytes": 8192}
{"mock_phase": "before_read", "rank": 7, "copies": 64, "bytes": 8192}
{"mock_phase": "read_complete", "rank": 7, "ret": 0, "bytes": 8192}
{"mock_phase": "before_read", "rank": 7, "copies": 64, "bytes": 4194304}
{"mock_phase": "read_complete", "rank": 7, "ret": 0, "bytes": 4194304}
{"mock_phase": "before_read", "rank": 7, "copies": 64, "bytes": 4194304}
{"mock_phase": "read_complete", "rank": 7, "ret": 0, "bytes": 4194304}
{"mock_phase": "before_read", "rank": 7, "copies": 64, "bytes": 524288}
{"mock_phase": "read_complete", "rank": 7, "ret": 0, "bytes": 524288}
{"mock_phase": "before_read", "rank": 7, "copies": 64, "bytes": 524288}
{"mock_phase": "read_complete", "rank": 7, "ret": 0, "bytes": 524288}
{"mock_phase": "before_read", "rank": 7, "copies": 64, "bytes": 8192}
{"mock_phase": "read_complete", "rank": 7, "ret": 0, "bytes": 8192}
{"mock_phase": "before_read", "rank": 7, "copies": 64, "bytes": 8192}
{"mock_phase": "read_complete", "rank": 7, "ret": 0, "bytes": 8192}
{"mock_phase": "before_read", "rank": 7, "copies": 64, "bytes": 4194304}
{"mock_phase": "read_complete", "rank": 7, "ret": 0, "bytes": 4194304}
{"mock_phase": "before_read", "rank": 7, "copies": 64, "bytes": 4194304}
{"mock_phase": "read_complete", "rank": 7, "ret": 0, "bytes": 4194304}
{"mock_phase": "before_read", "rank": 7, "copies": 64, "bytes": 524288}
{"mock_phase": "read_complete", "rank": 7, "ret": 0, "bytes": 524288}
{"mock_phase": "before_read", "rank": 7, "copies": 64, "bytes": 524288}
{"mock_phase": "read_complete", "rank": 7, "ret": 0, "bytes": 524288}
{"mock_phase": "before_read", "rank": 7, "copies": 64, "bytes": 8192}
{"mock_phase": "read_complete", "rank": 7, "ret": 0, "bytes": 8192}
{"mock_phase": "before_read", "rank": 7, "copies": 64, "bytes": 8192}
{"mock_phase": "read_complete", "rank": 7, "ret": 0, "bytes": 8192}
{"mock_phase": "before_read", "rank": 7, "copies": 64, "bytes": 8388608}
{"mock_phase": "read_complete", "rank": 7, "ret": 0, "bytes": 8388608}
{"mock_phase": "before_read", "rank": 7, "copies": 64, "bytes": 8388608}
{"mock_phase": "read_complete", "rank": 7, "ret": 0, "bytes": 8388608}
{"mock_phase": "before_read", "rank": 7, "copies": 64, "bytes": 1048576}
{"mock_phase": "read_complete", "rank": 7, "ret": 0, "bytes": 1048576}
{"mock_phase": "before_read", "rank": 7, "copies": 64, "bytes": 1048576}
{"mock_phase": "read_complete", "rank": 7, "ret": 0, "bytes": 1048576}
{"mock_phase": "before_read", "rank": 7, "copies": 64, "bytes": 16384}
{"mock_phase": "read_complete", "rank": 7, "ret": 0, "bytes": 16384}
{"mock_phase": "before_read", "rank": 7, "copies": 64, "bytes": 16384}
{"mock_phase": "read_complete", "rank": 7, "ret": 0, "bytes": 16384}
{"mock_phase": "before_read", "rank": 7, "copies": 43, "bytes": 5636096}
{"mock_phase": "read_complete", "rank": 7, "ret": 0, "bytes": 5636096}
{"ok": true, "request_id": "cmpl-b10469dc3fc8f275-0-8a85cc3d", "ranks": [{"rank": 0, "bytes": 52903936, "read_s": 0.013332617469131947, "hash_s": 0.07097119046375155, "nonzero_groups": [0, 1, 2, 3, 4, 5, 6]}, {"rank": 1, "bytes": 52903936, "read_s": 0.012746921740472317, "hash_s": 0.0686705494299531, "nonzero_groups": [0, 1, 2, 3, 4, 5, 6]}, {"rank": 2, "bytes": 52903936, "read_s": 0.012472478207200766, "hash_s": 0.06916730105876923, "nonzero_groups": [0, 1, 2, 3, 4, 5, 6]}, {"rank": 3, "bytes": 52903936, "read_s": 0.012366210110485554, "hash_s": 0.06947214109823108, "nonzero_groups": [0, 1, 2, 3, 4, 5, 6]}, {"rank": 4, "bytes": 52903936, "read_s": 0.012196480762213469, "hash_s": 0.07040497893467546, "nonzero_groups": [0, 1, 2, 3, 4, 5, 6]}, {"rank": 5, "bytes": 52903936, "read_s": 0.012363431043922901, "hash_s": 0.0697086094878614, "nonzero_groups": [0, 1, 2, 3, 4, 5, 6]}, {"rank": 6, "bytes": 52903936, "read_s": 0.012800920754671097, "hash_s": 0.07072487939149141, "nonzero_groups": [0, 1, 2, 3, 4, 5, 6]}, {"rank": 7, "bytes": 52903936, "read_s": 0.012218169402331114, "hash_s": 0.06865643011406064, "nonzero_groups": [0, 1, 2, 3, 4, 5, 6]}], "bytes": 423231488, "consume_s": 0.7120477296411991, "ack_s": 0.001852540299296379, "total_s": 0.7139004799537361, "hold_ms": 0}
127.0.0.1 - - [09/Oct/2026 07:59:00] "POST /consume HTTP/1.1" 200 -
{"mock_phase": "planned", "request_id": "cmpl-8132db44055957e0-0-a2abc50e", "rank": 0, "pages": 1579, "bytes": 52903936}
{"mock_phase": "before_read", "rank": 0, "copies": 64, "bytes": 4194304}
{"mock_phase": "read_complete", "rank": 0, "ret": 0, "bytes": 4194304}
{"mock_phase": "before_read", "rank": 0, "copies": 64, "bytes": 4194304}
{"mock_phase": "read_complete", "rank": 0, "ret": 0, "bytes": 4194304}
{"mock_phase": "before_read", "rank": 0, "copies": 64, "bytes": 524288}
{"mock_phase": "read_complete", "rank": 0, "ret": 0, "bytes": 524288}
{"mock_phase": "before_read", "rank": 0, "copies": 64, "bytes": 524288}
{"mock_phase": "read_complete", "rank": 0, "ret": 0, "bytes": 524288}
{"mock_phase": "before_read", "rank": 0, "copies": 64, "bytes": 8192}
{"mock_phase": "read_complete", "rank": 0, "ret": 0, "bytes": 8192}
{"mock_phase": "before_read", "rank": 0, "copies": 64, "bytes": 8192}
{"mock_phase": "read_complete", "rank": 0, "ret": 0, "bytes": 8192}
{"mock_phase": "before_read", "rank": 0, "copies": 64, "bytes": 4194304}
{"mock_phase": "read_complete", "rank": 0, "ret": 0, "bytes": 4194304}
{"mock_phase": "before_read", "rank": 0, "copies": 64, "bytes": 4194304}
{"mock_phase": "read_complete", "rank": 0, "ret": 0, "bytes": 4194304}
{"mock_phase": "before_read", "rank": 0, "copies": 64, "bytes": 524288}
{"mock_phase": "read_complete", "rank": 0, "ret": 0, "bytes": 524288}
{"mock_phase": "before_read", "rank": 0, "copies": 64, "bytes": 524288}
{"mock_phase": "read_complete", "rank": 0, "ret": 0, "bytes": 524288}
{"mock_phase": "before_read", "rank": 0, "copies": 64, "bytes": 8192}
{"mock_phase": "read_complete", "rank": 0, "ret": 0, "bytes": 8192}
{"mock_phase": "before_read", "rank": 0, "copies": 64, "bytes": 8192}
{"mock_phase": "read_complete", "rank": 0, "ret": 0, "bytes": 8192}
{"mock_phase": "before_read", "rank": 0, "copies": 64, "bytes": 4194304}
{"mock_phase": "read_complete", "rank": 0, "ret": 0, "bytes": 4194304}
{"mock_phase": "before_read", "rank": 0, "copies": 64, "bytes": 4194304}
{"mock_phase": "read_complete", "rank": 0, "ret": 0, "bytes": 4194304}
{"mock_phase": "before_read", "rank": 0, "copies": 64, "bytes": 524288}
{"mock_phase": "read_complete", "rank": 0, "ret": 0, "bytes": 524288}
{"mock_phase": "before_read", "rank": 0, "copies": 64, "bytes": 524288}
{"mock_phase": "read_complete", "rank": 0, "ret": 0, "bytes": 524288}
{"mock_phase": "before_read", "rank": 0, "copies": 64, "bytes": 8192}
{"mock_phase": "read_complete", "rank": 0, "ret": 0, "bytes": 8192}
{"mock_phase": "before_read", "rank": 0, "copies": 64, "bytes": 8192}
{"mock_phase": "read_complete", "rank": 0, "ret": 0, "bytes": 8192}
{"mock_phase": "before_read", "rank": 0, "copies": 64, "bytes": 8388608}
{"mock_phase": "read_complete", "rank": 0, "ret": 0, "bytes": 8388608}
{"mock_phase": "before_read", "rank": 0, "copies": 64, "bytes": 8388608}
{"mock_phase": "read_complete", "rank": 0, "ret": 0, "bytes": 8388608}
{"mock_phase": "before_read", "rank": 0, "copies": 64, "bytes": 1048576}
{"mock_phase": "read_complete", "rank": 0, "ret": 0, "bytes": 1048576}
{"mock_phase": "before_read", "rank": 0, "copies": 64, "bytes": 1048576}
{"mock_phase": "read_complete", "rank": 0, "ret": 0, "bytes": 1048576}
{"mock_phase": "before_read", "rank": 0, "copies": 64, "bytes": 16384}
{"mock_phase": "read_complete", "rank": 0, "ret": 0, "bytes": 16384}
{"mock_phase": "before_read", "rank": 0, "copies": 64, "bytes": 16384}
{"mock_phase": "read_complete", "rank": 0, "ret": 0, "bytes": 16384}
{"mock_phase": "before_read", "rank": 0, "copies": 43, "bytes": 5636096}
{"mock_phase": "read_complete", "rank": 0, "ret": 0, "bytes": 5636096}
{"mock_phase": "planned", "request_id": "cmpl-8132db44055957e0-0-a2abc50e", "rank": 1, "pages": 1579, "bytes": 52903936}
{"mock_phase": "before_read", "rank": 1, "copies": 64, "bytes": 4194304}
{"mock_phase": "read_complete", "rank": 1, "ret": 0, "bytes": 4194304}
{"mock_phase": "before_read", "rank": 1, "copies": 64, "bytes": 4194304}
{"mock_phase": "read_complete", "rank": 1, "ret": 0, "bytes": 4194304}
{"mock_phase": "before_read", "rank": 1, "copies": 64, "bytes": 524288}
{"mock_phase": "read_complete", "rank": 1, "ret": 0, "bytes": 524288}
{"mock_phase": "before_read", "rank": 1, "copies": 64, "bytes": 524288}
{"mock_phase": "read_complete", "rank": 1, "ret": 0, "bytes": 524288}
{"mock_phase": "before_read", "rank": 1, "copies": 64, "bytes": 8192}
{"mock_phase": "read_complete", "rank": 1, "ret": 0, "bytes": 8192}
{"mock_phase": "before_read", "rank": 1, "copies": 64, "bytes": 8192}
{"mock_phase": "read_complete", "rank": 1, "ret": 0, "bytes": 8192}
{"mock_phase": "before_read", "rank": 1, "copies": 64, "bytes": 4194304}
{"mock_phase": "read_complete", "rank": 1, "ret": 0, "bytes": 4194304}
{"mock_phase": "before_read", "rank": 1, "copies": 64, "bytes": 4194304}
{"mock_phase": "read_complete", "rank": 1, "ret": 0, "bytes": 4194304}
{"mock_phase": "before_read", "rank": 1, "copies": 64, "bytes": 524288}
{"mock_phase": "read_complete", "rank": 1, "ret": 0, "bytes": 524288}
{"mock_phase": "before_read", "rank": 1, "copies": 64, "bytes": 524288}
{"mock_phase": "read_complete", "rank": 1, "ret": 0, "bytes": 524288}
{"mock_phase": "before_read", "rank": 1, "copies": 64, "bytes": 8192}
{"mock_phase": "read_complete", "rank": 1, "ret": 0, "bytes": 8192}
{"mock_phase": "before_read", "rank": 1, "copies": 64, "bytes": 8192}
{"mock_phase": "read_complete", "rank": 1, "ret": 0, "bytes": 8192}
{"mock_phase": "before_read", "rank": 1, "copies": 64, "bytes": 4194304}
{"mock_phase": "read_complete", "rank": 1, "ret": 0, "bytes": 4194304}
{"mock_phase": "before_read", "rank": 1, "copies": 64, "bytes": 4194304}
{"mock_phase": "read_complete", "rank": 1, "ret": 0, "bytes": 4194304}
{"mock_phase": "before_read", "rank": 1, "copies": 64, "bytes": 524288}
{"mock_phase": "read_complete", "rank": 1, "ret": 0, "bytes": 524288}
{"mock_phase": "before_read", "rank": 1, "copies": 64, "bytes": 524288}
{"mock_phase": "read_complete", "rank": 1, "ret": 0, "bytes": 524288}
{"mock_phase": "before_read", "rank": 1, "copies": 64, "bytes": 8192}
{"mock_phase": "read_complete", "rank": 1, "ret": 0, "bytes": 8192}
{"mock_phase": "before_read", "rank": 1, "copies": 64, "bytes": 8192}
{"mock_phase": "read_complete", "rank": 1, "ret": 0, "bytes": 8192}
{"mock_phase": "before_read", "rank": 1, "copies": 64, "bytes": 8388608}
{"mock_phase": "read_complete", "rank": 1, "ret": 0, "bytes": 8388608}
{"mock_phase": "before_read", "rank": 1, "copies": 64, "bytes": 8388608}
{"mock_phase": "read_complete", "rank": 1, "ret": 0, "bytes": 8388608}
{"mock_phase": "before_read", "rank": 1, "copies": 64, "bytes": 1048576}
{"mock_phase": "read_complete", "rank": 1, "ret": 0, "bytes": 1048576}
{"mock_phase": "before_read", "rank": 1, "copies": 64, "bytes": 1048576}
{"mock_phase": "read_complete", "rank": 1, "ret": 0, "bytes": 1048576}
{"mock_phase": "before_read", "rank": 1, "copies": 64, "bytes": 16384}
{"mock_phase": "read_complete", "rank": 1, "ret": 0, "bytes": 16384}
{"mock_phase": "before_read", "rank": 1, "copies": 64, "bytes": 16384}
{"mock_phase": "read_complete", "rank": 1, "ret": 0, "bytes": 16384}
{"mock_phase": "before_read", "rank": 1, "copies": 43, "bytes": 5636096}
{"mock_phase": "read_complete", "rank": 1, "ret": 0, "bytes": 5636096}
{"mock_phase": "planned", "request_id": "cmpl-8132db44055957e0-0-a2abc50e", "rank": 2, "pages": 1579, "bytes": 52903936}
{"mock_phase": "before_read", "rank": 2, "copies": 64, "bytes": 4194304}
{"mock_phase": "read_complete", "rank": 2, "ret": 0, "bytes": 4194304}
{"mock_phase": "before_read", "rank": 2, "copies": 64, "bytes": 4194304}
{"mock_phase": "read_complete", "rank": 2, "ret": 0, "bytes": 4194304}
{"mock_phase": "before_read", "rank": 2, "copies": 64, "bytes": 524288}
{"mock_phase": "read_complete", "rank": 2, "ret": 0, "bytes": 524288}
{"mock_phase": "before_read", "rank": 2, "copies": 64, "bytes": 524288}
{"mock_phase": "read_complete", "rank": 2, "ret": 0, "bytes": 524288}
{"mock_phase": "before_read", "rank": 2, "copies": 64, "bytes": 8192}
{"mock_phase": "read_complete", "rank": 2, "ret": 0, "bytes": 8192}
{"mock_phase": "before_read", "rank": 2, "copies": 64, "bytes": 8192}
{"mock_phase": "read_complete", "rank": 2, "ret": 0, "bytes": 8192}
{"mock_phase": "before_read", "rank": 2, "copies": 64, "bytes": 4194304}
{"mock_phase": "read_complete", "rank": 2, "ret": 0, "bytes": 4194304}
{"mock_phase": "before_read", "rank": 2, "copies": 64, "bytes": 4194304}
{"mock_phase": "read_complete", "rank": 2, "ret": 0, "bytes": 4194304}
{"mock_phase": "before_read", "rank": 2, "copies": 64, "bytes": 524288}
{"mock_phase": "read_complete", "rank": 2, "ret": 0, "bytes": 524288}
{"mock_phase": "before_read", "rank": 2, "copies": 64, "bytes": 524288}
{"mock_phase": "read_complete", "rank": 2, "ret": 0, "bytes": 524288}
{"mock_phase": "before_read", "rank": 2, "copies": 64, "bytes": 8192}
{"mock_phase": "read_complete", "rank": 2, "ret": 0, "bytes": 8192}
{"mock_phase": "before_read", "rank": 2, "copies": 64, "bytes": 8192}
{"mock_phase": "read_complete", "rank": 2, "ret": 0, "bytes": 8192}
{"mock_phase": "before_read", "rank": 2, "copies": 64, "bytes": 4194304}
{"mock_phase": "read_complete", "rank": 2, "ret": 0, "bytes": 4194304}
{"mock_phase": "before_read", "rank": 2, "copies": 64, "bytes": 4194304}
{"mock_phase": "read_complete", "rank": 2, "ret": 0, "bytes": 4194304}
{"mock_phase": "before_read", "rank": 2, "copies": 64, "bytes": 524288}
{"mock_phase": "read_complete", "rank": 2, "ret": 0, "bytes": 524288}
{"mock_phase": "before_read", "rank": 2, "copies": 64, "bytes": 524288}
{"mock_phase": "read_complete", "rank": 2, "ret": 0, "bytes": 524288}
{"mock_phase": "before_read", "rank": 2, "copies": 64, "bytes": 8192}
{"mock_phase": "read_complete", "rank": 2, "ret": 0, "bytes": 8192}
{"mock_phase": "before_read", "rank": 2, "copies": 64, "bytes": 8192}
{"mock_phase": "read_complete", "rank": 2, "ret": 0, "bytes": 8192}
{"mock_phase": "before_read", "rank": 2, "copies": 64, "bytes": 8388608}
{"mock_phase": "read_complete", "rank": 2, "ret": 0, "bytes": 8388608}
{"mock_phase": "before_read", "rank": 2, "copies": 64, "bytes": 8388608}
{"mock_phase": "read_complete", "rank": 2, "ret": 0, "bytes": 8388608}
{"mock_phase": "before_read", "rank": 2, "copies": 64, "bytes": 1048576}
{"mock_phase": "read_complete", "rank": 2, "ret": 0, "bytes": 1048576}
{"mock_phase": "before_read", "rank": 2, "copies": 64, "bytes": 1048576}
{"mock_phase": "read_complete", "rank": 2, "ret": 0, "bytes": 1048576}
{"mock_phase": "before_read", "rank": 2, "copies": 64, "bytes": 16384}
{"mock_phase": "read_complete", "rank": 2, "ret": 0, "bytes": 16384}
{"mock_phase": "before_read", "rank": 2, "copies": 64, "bytes": 16384}
{"mock_phase": "read_complete", "rank": 2, "ret": 0, "bytes": 16384}
{"mock_phase": "before_read", "rank": 2, "copies": 43, "bytes": 5636096}
{"mock_phase": "read_complete", "rank": 2, "ret": 0, "bytes": 5636096}
{"mock_phase": "planned", "request_id": "cmpl-8132db44055957e0-0-a2abc50e", "rank": 3, "pages": 1579, "bytes": 52903936}
{"mock_phase": "before_read", "rank": 3, "copies": 64, "bytes": 4194304}
{"mock_phase": "read_complete", "rank": 3, "ret": 0, "bytes": 4194304}
{"mock_phase": "before_read", "rank": 3, "copies": 64, "bytes": 4194304}
{"mock_phase": "read_complete", "rank": 3, "ret": 0, "bytes": 4194304}
{"mock_phase": "before_read", "rank": 3, "copies": 64, "bytes": 524288}
{"mock_phase": "read_complete", "rank": 3, "ret": 0, "bytes": 524288}
{"mock_phase": "before_read", "rank": 3, "copies": 64, "bytes": 524288}
{"mock_phase": "read_complete", "rank": 3, "ret": 0, "bytes": 524288}
{"mock_phase": "before_read", "rank": 3, "copies": 64, "bytes": 8192}
{"mock_phase": "read_complete", "rank": 3, "ret": 0, "bytes": 8192}
{"mock_phase": "before_read", "rank": 3, "copies": 64, "bytes": 8192}
{"mock_phase": "read_complete", "rank": 3, "ret": 0, "bytes": 8192}
{"mock_phase": "before_read", "rank": 3, "copies": 64, "bytes": 4194304}
{"mock_phase": "read_complete", "rank": 3, "ret": 0, "bytes": 4194304}
{"mock_phase": "before_read", "rank": 3, "copies": 64, "bytes": 4194304}
{"mock_phase": "read_complete", "rank": 3, "ret": 0, "bytes": 4194304}
{"mock_phase": "before_read", "rank": 3, "copies": 64, "bytes": 524288}
{"mock_phase": "read_complete", "rank": 3, "ret": 0, "bytes": 524288}
{"mock_phase": "before_read", "rank": 3, "copies": 64, "bytes": 524288}
{"mock_phase": "read_complete", "rank": 3, "ret": 0, "bytes": 524288}
{"mock_phase": "before_read", "rank": 3, "copies": 64, "bytes": 8192}
{"mock_phase": "read_complete", "rank": 3, "ret": 0, "bytes": 8192}
{"mock_phase": "before_read", "rank": 3, "copies": 64, "bytes": 8192}
{"mock_phase": "read_complete", "rank": 3, "ret": 0, "bytes": 8192}
{"mock_phase": "before_read", "rank": 3, "copies": 64, "bytes": 4194304}
{"mock_phase": "read_complete", "rank": 3, "ret": 0, "bytes": 4194304}
{"mock_phase": "before_read", "rank": 3, "copies": 64, "bytes": 4194304}
{"mock_phase": "read_complete", "rank": 3, "ret": 0, "bytes": 4194304}
{"mock_phase": "before_read", "rank": 3, "copies": 64, "bytes": 524288}
{"mock_phase": "read_complete", "rank": 3, "ret": 0, "bytes": 524288}
{"mock_phase": "before_read", "rank": 3, "copies": 64, "bytes": 524288}
{"mock_phase": "read_complete", "rank": 3, "ret": 0, "bytes": 524288}
{"mock_phase": "before_read", "rank": 3, "copies": 64, "bytes": 8192}
{"mock_phase": "read_complete", "rank": 3, "ret": 0, "bytes": 8192}
{"mock_phase": "before_read", "rank": 3, "copies": 64, "bytes": 8192}
{"mock_phase": "read_complete", "rank": 3, "ret": 0, "bytes": 8192}
{"mock_phase": "before_read", "rank": 3, "copies": 64, "bytes": 8388608}
{"mock_phase": "read_complete", "rank": 3, "ret": 0, "bytes": 8388608}
{"mock_phase": "before_read", "rank": 3, "copies": 64, "bytes": 8388608}
{"mock_phase": "read_complete", "rank": 3, "ret": 0, "bytes": 8388608}
{"mock_phase": "before_read", "rank": 3, "copies": 64, "bytes": 1048576}
{"mock_phase": "read_complete", "rank": 3, "ret": 0, "bytes": 1048576}
{"mock_phase": "before_read", "rank": 3, "copies": 64, "bytes": 1048576}
{"mock_phase": "read_complete", "rank": 3, "ret": 0, "bytes": 1048576}
{"mock_phase": "before_read", "rank": 3, "copies": 64, "bytes": 16384}
{"mock_phase": "read_complete", "rank": 3, "ret": 0, "bytes": 16384}
{"mock_phase": "before_read", "rank": 3, "copies": 64, "bytes": 16384}
{"mock_phase": "read_complete", "rank": 3, "ret": 0, "bytes": 16384}
{"mock_phase": "before_read", "rank": 3, "copies": 43, "bytes": 5636096}
{"mock_phase": "read_complete", "rank": 3, "ret": 0, "bytes": 5636096}
{"mock_phase": "planned", "request_id": "cmpl-8132db44055957e0-0-a2abc50e", "rank": 4, "pages": 1579, "bytes": 52903936}
{"mock_phase": "before_read", "rank": 4, "copies": 64, "bytes": 4194304}
{"mock_phase": "read_complete", "rank": 4, "ret": 0, "bytes": 4194304}
{"mock_phase": "before_read", "rank": 4, "copies": 64, "bytes": 4194304}
{"mock_phase": "read_complete", "rank": 4, "ret": 0, "bytes": 4194304}
{"mock_phase": "before_read", "rank": 4, "copies": 64, "bytes": 524288}
{"mock_phase": "read_complete", "rank": 4, "ret": 0, "bytes": 524288}
{"mock_phase": "before_read", "rank": 4, "copies": 64, "bytes": 524288}
{"mock_phase": "read_complete", "rank": 4, "ret": 0, "bytes": 524288}
{"mock_phase": "before_read", "rank": 4, "copies": 64, "bytes": 8192}
{"mock_phase": "read_complete", "rank": 4, "ret": 0, "bytes": 8192}
{"mock_phase": "before_read", "rank": 4, "copies": 64, "bytes": 8192}
{"mock_phase": "read_complete", "rank": 4, "ret": 0, "bytes": 8192}
{"mock_phase": "before_read", "rank": 4, "copies": 64, "bytes": 4194304}
{"mock_phase": "read_complete", "rank": 4, "ret": 0, "bytes": 4194304}
{"mock_phase": "before_read", "rank": 4, "copies": 64, "bytes": 4194304}
{"mock_phase": "read_complete", "rank": 4, "ret": 0, "bytes": 4194304}
{"mock_phase": "before_read", "rank": 4, "copies": 64, "bytes": 524288}
{"mock_phase": "read_complete", "rank": 4, "ret": 0, "bytes": 524288}
{"mock_phase": "before_read", "rank": 4, "copies": 64, "bytes": 524288}
{"mock_phase": "read_complete", "rank": 4, "ret": 0, "bytes": 524288}
{"mock_phase": "before_read", "rank": 4, "copies": 64, "bytes": 8192}
{"mock_phase": "read_complete", "rank": 4, "ret": 0, "bytes": 8192}
{"mock_phase": "before_read", "rank": 4, "copies": 64, "bytes": 8192}
{"mock_phase": "read_complete", "rank": 4, "ret": 0, "bytes": 8192}
{"mock_phase": "before_read", "rank": 4, "copies": 64, "bytes": 4194304}
{"mock_phase": "read_complete", "rank": 4, "ret": 0, "bytes": 4194304}
{"mock_phase": "before_read", "rank": 4, "copies": 64, "bytes": 4194304}
{"mock_phase": "read_complete", "rank": 4, "ret": 0, "bytes": 4194304}
{"mock_phase": "before_read", "rank": 4, "copies": 64, "bytes": 524288}
{"mock_phase": "read_complete", "rank": 4, "ret": 0, "bytes": 524288}
{"mock_phase": "before_read", "rank": 4, "copies": 64, "bytes": 524288}
{"mock_phase": "read_complete", "rank": 4, "ret": 0, "bytes": 524288}
{"mock_phase": "before_read", "rank": 4, "copies": 64, "bytes": 8192}
{"mock_phase": "read_complete", "rank": 4, "ret": 0, "bytes": 8192}
{"mock_phase": "before_read", "rank": 4, "copies": 64, "bytes": 8192}
{"mock_phase": "read_complete", "rank": 4, "ret": 0, "bytes": 8192}
{"mock_phase": "before_read", "rank": 4, "copies": 64, "bytes": 8388608}
{"mock_phase": "read_complete", "rank": 4, "ret": 0, "bytes": 8388608}
{"mock_phase": "before_read", "rank": 4, "copies": 64, "bytes": 8388608}
{"mock_phase": "read_complete", "rank": 4, "ret": 0, "bytes": 8388608}
{"mock_phase": "before_read", "rank": 4, "copies": 64, "bytes": 1048576}
{"mock_phase": "read_complete", "rank": 4, "ret": 0, "bytes": 1048576}
{"mock_phase": "before_read", "rank": 4, "copies": 64, "bytes": 1048576}
{"mock_phase": "read_complete", "rank": 4, "ret": 0, "bytes": 1048576}
{"mock_phase": "before_read", "rank": 4, "copies": 64, "bytes": 16384}
{"mock_phase": "read_complete", "rank": 4, "ret": 0, "bytes": 16384}
{"mock_phase": "before_read", "rank": 4, "copies": 64, "bytes": 16384}
{"mock_phase": "read_complete", "rank": 4, "ret": 0, "bytes": 16384}
{"mock_phase": "before_read", "rank": 4, "copies": 43, "bytes": 5636096}
{"mock_phase": "read_complete", "rank": 4, "ret": 0, "bytes": 5636096}
{"mock_phase": "planned", "request_id": "cmpl-8132db44055957e0-0-a2abc50e", "rank": 5, "pages": 1579, "bytes": 52903936}
{"mock_phase": "before_read", "rank": 5, "copies": 64, "bytes": 4194304}
{"mock_phase": "read_complete", "rank": 5, "ret": 0, "bytes": 4194304}
{"mock_phase": "before_read", "rank": 5, "copies": 64, "bytes": 4194304}
{"mock_phase": "read_complete", "rank": 5, "ret": 0, "bytes": 4194304}
{"mock_phase": "before_read", "rank": 5, "copies": 64, "bytes": 524288}
{"mock_phase": "read_complete", "rank": 5, "ret": 0, "bytes": 524288}
{"mock_phase": "before_read", "rank": 5, "copies": 64, "bytes": 524288}
{"mock_phase": "read_complete", "rank": 5, "ret": 0, "bytes": 524288}
{"mock_phase": "before_read", "rank": 5, "copies": 64, "bytes": 8192}
{"mock_phase": "read_complete", "rank": 5, "ret": 0, "bytes": 8192}
{"mock_phase": "before_read", "rank": 5, "copies": 64, "bytes": 8192}
{"mock_phase": "read_complete", "rank": 5, "ret": 0, "bytes": 8192}
{"mock_phase": "before_read", "rank": 5, "copies": 64, "bytes": 4194304}
{"mock_phase": "read_complete", "rank": 5, "ret": 0, "bytes": 4194304}
{"mock_phase": "before_read", "rank": 5, "copies": 64, "bytes": 4194304}
{"mock_phase": "read_complete", "rank": 5, "ret": 0, "bytes": 4194304}
{"mock_phase": "before_read", "rank": 5, "copies": 64, "bytes": 524288}
{"mock_phase": "read_complete", "rank": 5, "ret": 0, "bytes": 524288}
{"mock_phase": "before_read", "rank": 5, "copies": 64, "bytes": 524288}
{"mock_phase": "read_complete", "rank": 5, "ret": 0, "bytes": 524288}
{"mock_phase": "before_read", "rank": 5, "copies": 64, "bytes": 8192}
{"mock_phase": "read_complete", "rank": 5, "ret": 0, "bytes": 8192}
{"mock_phase": "before_read", "rank": 5, "copies": 64, "bytes": 8192}
{"mock_phase": "read_complete", "rank": 5, "ret": 0, "bytes": 8192}
{"mock_phase": "before_read", "rank": 5, "copies": 64, "bytes": 4194304}
{"mock_phase": "read_complete", "rank": 5, "ret": 0, "bytes": 4194304}
{"mock_phase": "before_read", "rank": 5, "copies": 64, "bytes": 4194304}
{"mock_phase": "read_complete", "rank": 5, "ret": 0, "bytes": 4194304}
{"mock_phase": "before_read", "rank": 5, "copies": 64, "bytes": 524288}
{"mock_phase": "read_complete", "rank": 5, "ret": 0, "bytes": 524288}
{"mock_phase": "before_read", "rank": 5, "copies": 64, "bytes": 524288}
{"mock_phase": "read_complete", "rank": 5, "ret": 0, "bytes": 524288}
{"mock_phase": "before_read", "rank": 5, "copies": 64, "bytes": 8192}
{"mock_phase": "read_complete", "rank": 5, "ret": 0, "bytes": 8192}
{"mock_phase": "before_read", "rank": 5, "copies": 64, "bytes": 8192}
{"mock_phase": "read_complete", "rank": 5, "ret": 0, "bytes": 8192}
{"mock_phase": "before_read", "rank": 5, "copies": 64, "bytes": 8388608}
{"mock_phase": "read_complete", "rank": 5, "ret": 0, "bytes": 8388608}
{"mock_phase": "before_read", "rank": 5, "copies": 64, "bytes": 8388608}
{"mock_phase": "read_complete", "rank": 5, "ret": 0, "bytes": 8388608}
{"mock_phase": "before_read", "rank": 5, "copies": 64, "bytes": 1048576}
{"mock_phase": "read_complete", "rank": 5, "ret": 0, "bytes": 1048576}
{"mock_phase": "before_read", "rank": 5, "copies": 64, "bytes": 1048576}
{"mock_phase": "read_complete", "rank": 5, "ret": 0, "bytes": 1048576}
{"mock_phase": "before_read", "rank": 5, "copies": 64, "bytes": 16384}
{"mock_phase": "read_complete", "rank": 5, "ret": 0, "bytes": 16384}
{"mock_phase": "before_read", "rank": 5, "copies": 64, "bytes": 16384}
{"mock_phase": "read_complete", "rank": 5, "ret": 0, "bytes": 16384}
{"mock_phase": "before_read", "rank": 5, "copies": 43, "bytes": 5636096}
{"mock_phase": "read_complete", "rank": 5, "ret": 0, "bytes": 5636096}
{"mock_phase": "planned", "request_id": "cmpl-8132db44055957e0-0-a2abc50e", "rank": 6, "pages": 1579, "bytes": 52903936}
{"mock_phase": "before_read", "rank": 6, "copies": 64, "bytes": 4194304}
{"mock_phase": "read_complete", "rank": 6, "ret": 0, "bytes": 4194304}
{"mock_phase": "before_read", "rank": 6, "copies": 64, "bytes": 4194304}
{"mock_phase": "read_complete", "rank": 6, "ret": 0, "bytes": 4194304}
{"mock_phase": "before_read", "rank": 6, "copies": 64, "bytes": 524288}
{"mock_phase": "read_complete", "rank": 6, "ret": 0, "bytes": 524288}
{"mock_phase": "before_read", "rank": 6, "copies": 64, "bytes": 524288}
{"mock_phase": "read_complete", "rank": 6, "ret": 0, "bytes": 524288}
{"mock_phase": "before_read", "rank": 6, "copies": 64, "bytes": 8192}
{"mock_phase": "read_complete", "rank": 6, "ret": 0, "bytes": 8192}
{"mock_phase": "before_read", "rank": 6, "copies": 64, "bytes": 8192}
{"mock_phase": "read_complete", "rank": 6, "ret": 0, "bytes": 8192}
{"mock_phase": "before_read", "rank": 6, "copies": 64, "bytes": 4194304}
{"mock_phase": "read_complete", "rank": 6, "ret": 0, "bytes": 4194304}
{"mock_phase": "before_read", "rank": 6, "copies": 64, "bytes": 4194304}
{"mock_phase": "read_complete", "rank": 6, "ret": 0, "bytes": 4194304}
{"mock_phase": "before_read", "rank": 6, "copies": 64, "bytes": 524288}
{"mock_phase": "read_complete", "rank": 6, "ret": 0, "bytes": 524288}
{"mock_phase": "before_read", "rank": 6, "copies": 64, "bytes": 524288}
{"mock_phase": "read_complete", "rank": 6, "ret": 0, "bytes": 524288}
{"mock_phase": "before_read", "rank": 6, "copies": 64, "bytes": 8192}
{"mock_phase": "read_complete", "rank": 6, "ret": 0, "bytes": 8192}
{"mock_phase": "before_read", "rank": 6, "copies": 64, "bytes": 8192}
{"mock_phase": "read_complete", "rank": 6, "ret": 0, "bytes": 8192}
{"mock_phase": "before_read", "rank": 6, "copies": 64, "bytes": 4194304}
{"mock_phase": "read_complete", "rank": 6, "ret": 0, "bytes": 4194304}
{"mock_phase": "before_read", "rank": 6, "copies": 64, "bytes": 4194304}
{"mock_phase": "read_complete", "rank": 6, "ret": 0, "bytes": 4194304}
{"mock_phase": "before_read", "rank": 6, "copies": 64, "bytes": 524288}
{"mock_phase": "read_complete", "rank": 6, "ret": 0, "bytes": 524288}
{"mock_phase": "before_read", "rank": 6, "copies": 64, "bytes": 524288}
{"mock_phase": "read_complete", "rank": 6, "ret": 0, "bytes": 524288}
{"mock_phase": "before_read", "rank": 6, "copies": 64, "bytes": 8192}
{"mock_phase": "read_complete", "rank": 6, "ret": 0, "bytes": 8192}
{"mock_phase": "before_read", "rank": 6, "copies": 64, "bytes": 8192}
{"mock_phase": "read_complete", "rank": 6, "ret": 0, "bytes": 8192}
{"mock_phase": "before_read", "rank": 6, "copies": 64, "bytes": 8388608}
{"mock_phase": "read_complete", "rank": 6, "ret": 0, "bytes": 8388608}
{"mock_phase": "before_read", "rank": 6, "copies": 64, "bytes": 8388608}
{"mock_phase": "read_complete", "rank": 6, "ret": 0, "bytes": 8388608}
{"mock_phase": "before_read", "rank": 6, "copies": 64, "bytes": 1048576}
{"mock_phase": "read_complete", "rank": 6, "ret": 0, "bytes": 1048576}
{"mock_phase": "before_read", "rank": 6, "copies": 64, "bytes": 1048576}
{"mock_phase": "read_complete", "rank": 6, "ret": 0, "bytes": 1048576}
{"mock_phase": "before_read", "rank": 6, "copies": 64, "bytes": 16384}
{"mock_phase": "read_complete", "rank": 6, "ret": 0, "bytes": 16384}
{"mock_phase": "before_read", "rank": 6, "copies": 64, "bytes": 16384}
{"mock_phase": "read_complete", "rank": 6, "ret": 0, "bytes": 16384}
{"mock_phase": "before_read", "rank": 6, "copies": 43, "bytes": 5636096}
{"mock_phase": "read_complete", "rank": 6, "ret": 0, "bytes": 5636096}
{"mock_phase": "planned", "request_id": "cmpl-8132db44055957e0-0-a2abc50e", "rank": 7, "pages": 1579, "bytes": 52903936}
{"mock_phase": "before_read", "rank": 7, "copies": 64, "bytes": 4194304}
{"mock_phase": "read_complete", "rank": 7, "ret": 0, "bytes": 4194304}
{"mock_phase": "before_read", "rank": 7, "copies": 64, "bytes": 4194304}
{"mock_phase": "read_complete", "rank": 7, "ret": 0, "bytes": 4194304}
{"mock_phase": "before_read", "rank": 7, "copies": 64, "bytes": 524288}
{"mock_phase": "read_complete", "rank": 7, "ret": 0, "bytes": 524288}
{"mock_phase": "before_read", "rank": 7, "copies": 64, "bytes": 524288}
{"mock_phase": "read_complete", "rank": 7, "ret": 0, "bytes": 524288}
{"mock_phase": "before_read", "rank": 7, "copies": 64, "bytes": 8192}
{"mock_phase": "read_complete", "rank": 7, "ret": 0, "bytes": 8192}
{"mock_phase": "before_read", "rank": 7, "copies": 64, "bytes": 8192}
{"mock_phase": "read_complete", "rank": 7, "ret": 0, "bytes": 8192}
{"mock_phase": "before_read", "rank": 7, "copies": 64, "bytes": 4194304}
{"mock_phase": "read_complete", "rank": 7, "ret": 0, "bytes": 4194304}
{"mock_phase": "before_read", "rank": 7, "copies": 64, "bytes": 4194304}
{"mock_phase": "read_complete", "rank": 7, "ret": 0, "bytes": 4194304}
{"mock_phase": "before_read", "rank": 7, "copies": 64, "bytes": 524288}
{"mock_phase": "read_complete", "rank": 7, "ret": 0, "bytes": 524288}
{"mock_phase": "before_read", "rank": 7, "copies": 64, "bytes": 524288}
{"mock_phase": "read_complete", "rank": 7, "ret": 0, "bytes": 524288}
{"mock_phase": "before_read", "rank": 7, "copies": 64, "bytes": 8192}
{"mock_phase": "read_complete", "rank": 7, "ret": 0, "bytes": 8192}
{"mock_phase": "before_read", "rank": 7, "copies": 64, "bytes": 8192}
{"mock_phase": "read_complete", "rank": 7, "ret": 0, "bytes": 8192}
{"mock_phase": "before_read", "rank": 7, "copies": 64, "bytes": 4194304}
{"mock_phase": "read_complete", "rank": 7, "ret": 0, "bytes": 4194304}
{"mock_phase": "before_read", "rank": 7, "copies": 64, "bytes": 4194304}
{"mock_phase": "read_complete", "rank": 7, "ret": 0, "bytes": 4194304}
{"mock_phase": "before_read", "rank": 7, "copies": 64, "bytes": 524288}
{"mock_phase": "read_complete", "rank": 7, "ret": 0, "bytes": 524288}
{"mock_phase": "before_read", "rank": 7, "copies": 64, "bytes": 524288}
{"mock_phase": "read_complete", "rank": 7, "ret": 0, "bytes": 524288}
{"mock_phase": "before_read", "rank": 7, "copies": 64, "bytes": 8192}
{"mock_phase": "read_complete", "rank": 7, "ret": 0, "bytes": 8192}
{"mock_phase": "before_read", "rank": 7, "copies": 64, "bytes": 8192}
{"mock_phase": "read_complete", "rank": 7, "ret": 0, "bytes": 8192}
{"mock_phase": "before_read", "rank": 7, "copies": 64, "bytes": 8388608}
{"mock_phase": "read_complete", "rank": 7, "ret": 0, "bytes": 8388608}
{"mock_phase": "before_read", "rank": 7, "copies": 64, "bytes": 8388608}
{"mock_phase": "read_complete", "rank": 7, "ret": 0, "bytes": 8388608}
{"mock_phase": "before_read", "rank": 7, "copies": 64, "bytes": 1048576}
{"mock_phase": "read_complete", "rank": 7, "ret": 0, "bytes": 1048576}
{"mock_phase": "before_read", "rank": 7, "copies": 64, "bytes": 1048576}
{"mock_phase": "read_complete", "rank": 7, "ret": 0, "bytes": 1048576}
{"mock_phase": "before_read", "rank": 7, "copies": 64, "bytes": 16384}
{"mock_phase": "read_complete", "rank": 7, "ret": 0, "bytes": 16384}
{"mock_phase": "before_read", "rank": 7, "copies": 64, "bytes": 16384}
{"mock_phase": "read_complete", "rank": 7, "ret": 0, "bytes": 16384}
{"mock_phase": "before_read", "rank": 7, "copies": 43, "bytes": 5636096}
{"mock_phase": "read_complete", "rank": 7, "ret": 0, "bytes": 5636096}
{"ok": true, "request_id": "cmpl-8132db44055957e0-0-a2abc50e", "ranks": [{"rank": 0, "bytes": 52903936, "read_s": 0.012887460645288229, "hash_s": 0.07067130040377378, "nonzero_groups": [0, 1, 2, 3, 4, 5, 6]}, {"rank": 1, "bytes": 52903936, "read_s": 0.012494259513914585, "hash_s": 0.06935310130938888, "nonzero_groups": [0, 1, 2, 3, 4, 5, 6]}, {"rank": 2, "bytes": 52903936, "read_s": 0.012107640039175749, "hash_s": 0.06950396066531539, "nonzero_groups": [0, 1, 2, 3, 4, 5, 6]}, {"rank": 3, "bytes": 52903936, "read_s": 0.012194088660180569, "hash_s": 0.07038455968722701, "nonzero_groups": [0, 1, 2, 3, 4, 5, 6]}, {"rank": 4, "bytes": 52903936, "read_s": 0.01216590916737914, "hash_s": 0.07015768066048622, "nonzero_groups": [0, 1, 2, 3, 4, 5, 6]}, {"rank": 5, "bytes": 52903936, "read_s": 0.012599940411746502, "hash_s": 0.06947686057537794, "nonzero_groups": [0, 1, 2, 3, 4, 5, 6]}, {"rank": 6, "bytes": 52903936, "read_s": 0.01254334906116128, "hash_s": 0.07071143994107842, "nonzero_groups": [0, 1, 2, 3, 4, 5, 6]}, {"rank": 7, "bytes": 52903936, "read_s": 0.012622080277651548, "hash_s": 0.06942655006423593, "nonzero_groups": [0, 1, 2, 3, 4, 5, 6]}], "bytes": 423231488, "consume_s": 0.7157356599345803, "ack_s": 0.0016178200021386147, "total_s": 0.7173537099733949, "hold_ms": 0}
127.0.0.1 - - [09/Oct/2026 07:59:01] "POST /consume HTTP/1.1" 200 -
{"mock_phase": "planned", "request_id": "cmpl-bf98093321d84e27-0-b999bce1", "rank": 0, "pages": 1579, "bytes": 52903936}
{"mock_phase": "before_read", "rank": 0, "copies": 64, "bytes": 4194304}
{"mock_phase": "read_complete", "rank": 0, "ret": 0, "bytes": 4194304}
{"mock_phase": "before_read", "rank": 0, "copies": 64, "bytes": 4194304}
{"mock_phase": "read_complete", "rank": 0, "ret": 0, "bytes": 4194304}
{"mock_phase": "before_read", "rank": 0, "copies": 64, "bytes": 524288}
{"mock_phase": "read_complete", "rank": 0, "ret": 0, "bytes": 524288}
{"mock_phase": "before_read", "rank": 0, "copies": 64, "bytes": 524288}
{"mock_phase": "read_complete", "rank": 0, "ret": 0, "bytes": 524288}
{"mock_phase": "before_read", "rank": 0, "copies": 64, "bytes": 8192}
{"mock_phase": "read_complete", "rank": 0, "ret": 0, "bytes": 8192}
{"mock_phase": "before_read", "rank": 0, "copies": 64, "bytes": 8192}
{"mock_phase": "read_complete", "rank": 0, "ret": 0, "bytes": 8192}
{"mock_phase": "before_read", "rank": 0, "copies": 64, "bytes": 4194304}
{"mock_phase": "read_complete", "rank": 0, "ret": 0, "bytes": 4194304}
{"mock_phase": "before_read", "rank": 0, "copies": 64, "bytes": 4194304}
{"mock_phase": "read_complete", "rank": 0, "ret": 0, "bytes": 4194304}
{"mock_phase": "before_read", "rank": 0, "copies": 64, "bytes": 524288}
{"mock_phase": "read_complete", "rank": 0, "ret": 0, "bytes": 524288}
{"mock_phase": "before_read", "rank": 0, "copies": 64, "bytes": 524288}
{"mock_phase": "read_complete", "rank": 0, "ret": 0, "bytes": 524288}
{"mock_phase": "before_read", "rank": 0, "copies": 64, "bytes": 8192}
{"mock_phase": "read_complete", "rank": 0, "ret": 0, "bytes": 8192}
{"mock_phase": "before_read", "rank": 0, "copies": 64, "bytes": 8192}
{"mock_phase": "read_complete", "rank": 0, "ret": 0, "bytes": 8192}
{"mock_phase": "before_read", "rank": 0, "copies": 64, "bytes": 4194304}
{"mock_phase": "read_complete", "rank": 0, "ret": 0, "bytes": 4194304}
{"mock_phase": "before_read", "rank": 0, "copies": 64, "bytes": 4194304}
{"mock_phase": "read_complete", "rank": 0, "ret": 0, "bytes": 4194304}
{"mock_phase": "before_read", "rank": 0, "copies": 64, "bytes": 524288}
{"mock_phase": "read_complete", "rank": 0, "ret": 0, "bytes": 524288}
{"mock_phase": "before_read", "rank": 0, "copies": 64, "bytes": 524288}
{"mock_phase": "read_complete", "rank": 0, "ret": 0, "bytes": 524288}
{"mock_phase": "before_read", "rank": 0, "copies": 64, "bytes": 8192}
{"mock_phase": "read_complete", "rank": 0, "ret": 0, "bytes": 8192}
{"mock_phase": "before_read", "rank": 0, "copies": 64, "bytes": 8192}
{"mock_phase": "read_complete", "rank": 0, "ret": 0, "bytes": 8192}
{"mock_phase": "before_read", "rank": 0, "copies": 64, "bytes": 8388608}
{"mock_phase": "read_complete", "rank": 0, "ret": 0, "bytes": 8388608}
{"mock_phase": "before_read", "rank": 0, "copies": 64, "bytes": 8388608}
{"mock_phase": "read_complete", "rank": 0, "ret": 0, "bytes": 8388608}
{"mock_phase": "before_read", "rank": 0, "copies": 64, "bytes": 1048576}
{"mock_phase": "read_complete", "rank": 0, "ret": 0, "bytes": 1048576}
{"mock_phase": "before_read", "rank": 0, "copies": 64, "bytes": 1048576}
{"mock_phase": "read_complete", "rank": 0, "ret": 0, "bytes": 1048576}
{"mock_phase": "before_read", "rank": 0, "copies": 64, "bytes": 16384}
{"mock_phase": "read_complete", "rank": 0, "ret": 0, "bytes": 16384}
{"mock_phase": "before_read", "rank": 0, "copies": 64, "bytes": 16384}
{"mock_phase": "read_complete", "rank": 0, "ret": 0, "bytes": 16384}
{"mock_phase": "before_read", "rank": 0, "copies": 43, "bytes": 5636096}
{"mock_phase": "read_complete", "rank": 0, "ret": 0, "bytes": 5636096}
{"mock_phase": "planned", "request_id": "cmpl-bf98093321d84e27-0-b999bce1", "rank": 1, "pages": 1579, "bytes": 52903936}
{"mock_phase": "before_read", "rank": 1, "copies": 64, "bytes": 4194304}
{"mock_phase": "read_complete", "rank": 1, "ret": 0, "bytes": 4194304}
{"mock_phase": "before_read", "rank": 1, "copies": 64, "bytes": 4194304}
{"mock_phase": "read_complete", "rank": 1, "ret": 0, "bytes": 4194304}
{"mock_phase": "before_read", "rank": 1, "copies": 64, "bytes": 524288}
{"mock_phase": "read_complete", "rank": 1, "ret": 0, "bytes": 524288}
{"mock_phase": "before_read", "rank": 1, "copies": 64, "bytes": 524288}
{"mock_phase": "read_complete", "rank": 1, "ret": 0, "bytes": 524288}
{"mock_phase": "before_read", "rank": 1, "copies": 64, "bytes": 8192}
{"mock_phase": "read_complete", "rank": 1, "ret": 0, "bytes": 8192}
{"mock_phase": "before_read", "rank": 1, "copies": 64, "bytes": 8192}
{"mock_phase": "read_complete", "rank": 1, "ret": 0, "bytes": 8192}
{"mock_phase": "before_read", "rank": 1, "copies": 64, "bytes": 4194304}
{"mock_phase": "read_complete", "rank": 1, "ret": 0, "bytes": 4194304}
{"mock_phase": "before_read", "rank": 1, "copies": 64, "bytes": 4194304}
{"mock_phase": "read_complete", "rank": 1, "ret": 0, "bytes": 4194304}
{"mock_phase": "before_read", "rank": 1, "copies": 64, "bytes": 524288}
{"mock_phase": "read_complete", "rank": 1, "ret": 0, "bytes": 524288}
{"mock_phase": "before_read", "rank": 1, "copies": 64, "bytes": 524288}
{"mock_phase": "read_complete", "rank": 1, "ret": 0, "bytes": 524288}
{"mock_phase": "before_read", "rank": 1, "copies": 64, "bytes": 8192}
{"mock_phase": "read_complete", "rank": 1, "ret": 0, "bytes": 8192}
{"mock_phase": "before_read", "rank": 1, "copies": 64, "bytes": 8192}
{"mock_phase": "read_complete", "rank": 1, "ret": 0, "bytes": 8192}
{"mock_phase": "before_read", "rank": 1, "copies": 64, "bytes": 4194304}
{"mock_phase": "read_complete", "rank": 1, "ret": 0, "bytes": 4194304}
{"mock_phase": "before_read", "rank": 1, "copies": 64, "bytes": 4194304}
{"mock_phase": "read_complete", "rank": 1, "ret": 0, "bytes": 4194304}
{"mock_phase": "before_read", "rank": 1, "copies": 64, "bytes": 524288}
{"mock_phase": "read_complete", "rank": 1, "ret": 0, "bytes": 524288}
{"mock_phase": "before_read", "rank": 1, "copies": 64, "bytes": 524288}
{"mock_phase": "read_complete", "rank": 1, "ret": 0, "bytes": 524288}
{"mock_phase": "before_read", "rank": 1, "copies": 64, "bytes": 8192}
{"mock_phase": "read_complete", "rank": 1, "ret": 0, "bytes": 8192}
{"mock_phase": "before_read", "rank": 1, "copies": 64, "bytes": 8192}
{"mock_phase": "read_complete", "rank": 1, "ret": 0, "bytes": 8192}
{"mock_phase": "before_read", "rank": 1, "copies": 64, "bytes": 8388608}
{"mock_phase": "read_complete", "rank": 1, "ret": 0, "bytes": 8388608}
{"mock_phase": "before_read", "rank": 1, "copies": 64, "bytes": 8388608}
{"mock_phase": "read_complete", "rank": 1, "ret": 0, "bytes": 8388608}
{"mock_phase": "before_read", "rank": 1, "copies": 64, "bytes": 1048576}
{"mock_phase": "read_complete", "rank": 1, "ret": 0, "bytes": 1048576}
{"mock_phase": "before_read", "rank": 1, "copies": 64, "bytes": 1048576}
{"mock_phase": "read_complete", "rank": 1, "ret": 0, "bytes": 1048576}
{"mock_phase": "before_read", "rank": 1, "copies": 64, "bytes": 16384}
{"mock_phase": "read_complete", "rank": 1, "ret": 0, "bytes": 16384}
{"mock_phase": "before_read", "rank": 1, "copies": 64, "bytes": 16384}
{"mock_phase": "read_complete", "rank": 1, "ret": 0, "bytes": 16384}
{"mock_phase": "before_read", "rank": 1, "copies": 43, "bytes": 5636096}
{"mock_phase": "read_complete", "rank": 1, "ret": 0, "bytes": 5636096}
{"mock_phase": "planned", "request_id": "cmpl-bf98093321d84e27-0-b999bce1", "rank": 2, "pages": 1579, "bytes": 52903936}
{"mock_phase": "before_read", "rank": 2, "copies": 64, "bytes": 4194304}
{"mock_phase": "read_complete", "rank": 2, "ret": 0, "bytes": 4194304}
{"mock_phase": "before_read", "rank": 2, "copies": 64, "bytes": 4194304}
{"mock_phase": "read_complete", "rank": 2, "ret": 0, "bytes": 4194304}
{"mock_phase": "before_read", "rank": 2, "copies": 64, "bytes": 524288}
{"mock_phase": "read_complete", "rank": 2, "ret": 0, "bytes": 524288}
{"mock_phase": "before_read", "rank": 2, "copies": 64, "bytes": 524288}
{"mock_phase": "read_complete", "rank": 2, "ret": 0, "bytes": 524288}
{"mock_phase": "before_read", "rank": 2, "copies": 64, "bytes": 8192}
{"mock_phase": "read_complete", "rank": 2, "ret": 0, "bytes": 8192}
{"mock_phase": "before_read", "rank": 2, "copies": 64, "bytes": 8192}
{"mock_phase": "read_complete", "rank": 2, "ret": 0, "bytes": 8192}
{"mock_phase": "before_read", "rank": 2, "copies": 64, "bytes": 4194304}
{"mock_phase": "read_complete", "rank": 2, "ret": 0, "bytes": 4194304}
{"mock_phase": "before_read", "rank": 2, "copies": 64, "bytes": 4194304}
{"mock_phase": "read_complete", "rank": 2, "ret": 0, "bytes": 4194304}
{"mock_phase": "before_read", "rank": 2, "copies": 64, "bytes": 524288}
{"mock_phase": "read_complete", "rank": 2, "ret": 0, "bytes": 524288}
{"mock_phase": "before_read", "rank": 2, "copies": 64, "bytes": 524288}
{"mock_phase": "read_complete", "rank": 2, "ret": 0, "bytes": 524288}
{"mock_phase": "before_read", "rank": 2, "copies": 64, "bytes": 8192}
{"mock_phase": "read_complete", "rank": 2, "ret": 0, "bytes": 8192}
{"mock_phase": "before_read", "rank": 2, "copies": 64, "bytes": 8192}
{"mock_phase": "read_complete", "rank": 2, "ret": 0, "bytes": 8192}
{"mock_phase": "before_read", "rank": 2, "copies": 64, "bytes": 4194304}
{"mock_phase": "read_complete", "rank": 2, "ret": 0, "bytes": 4194304}
{"mock_phase": "before_read", "rank": 2, "copies": 64, "bytes": 4194304}
{"mock_phase": "read_complete", "rank": 2, "ret": 0, "bytes": 4194304}
{"mock_phase": "before_read", "rank": 2, "copies": 64, "bytes": 524288}
{"mock_phase": "read_complete", "rank": 2, "ret": 0, "bytes": 524288}
{"mock_phase": "before_read", "rank": 2, "copies": 64, "bytes": 524288}
{"mock_phase": "read_complete", "rank": 2, "ret": 0, "bytes": 524288}
{"mock_phase": "before_read", "rank": 2, "copies": 64, "bytes": 8192}
{"mock_phase": "read_complete", "rank": 2, "ret": 0, "bytes": 8192}
{"mock_phase": "before_read", "rank": 2, "copies": 64, "bytes": 8192}
{"mock_phase": "read_complete", "rank": 2, "ret": 0, "bytes": 8192}
{"mock_phase": "before_read", "rank": 2, "copies": 64, "bytes": 8388608}
{"mock_phase": "read_complete", "rank": 2, "ret": 0, "bytes": 8388608}
{"mock_phase": "before_read", "rank": 2, "copies": 64, "bytes": 8388608}
{"mock_phase": "read_complete", "rank": 2, "ret": 0, "bytes": 8388608}
{"mock_phase": "before_read", "rank": 2, "copies": 64, "bytes": 1048576}
{"mock_phase": "read_complete", "rank": 2, "ret": 0, "bytes": 1048576}
{"mock_phase": "before_read", "rank": 2, "copies": 64, "bytes": 1048576}
{"mock_phase": "read_complete", "rank": 2, "ret": 0, "bytes": 1048576}
{"mock_phase": "before_read", "rank": 2, "copies": 64, "bytes": 16384}
{"mock_phase": "read_complete", "rank": 2, "ret": 0, "bytes": 16384}
{"mock_phase": "before_read", "rank": 2, "copies": 64, "bytes": 16384}
{"mock_phase": "read_complete", "rank": 2, "ret": 0, "bytes": 16384}
{"mock_phase": "before_read", "rank": 2, "copies": 43, "bytes": 5636096}
{"mock_phase": "read_complete", "rank": 2, "ret": 0, "bytes": 5636096}
{"mock_phase": "planned", "request_id": "cmpl-bf98093321d84e27-0-b999bce1", "rank": 3, "pages": 1579, "bytes": 52903936}
{"mock_phase": "before_read", "rank": 3, "copies": 64, "bytes": 4194304}
{"mock_phase": "read_complete", "rank": 3, "ret": 0, "bytes": 4194304}
{"mock_phase": "before_read", "rank": 3, "copies": 64, "bytes": 4194304}
{"mock_phase": "read_complete", "rank": 3, "ret": 0, "bytes": 4194304}
{"mock_phase": "before_read", "rank": 3, "copies": 64, "bytes": 524288}
{"mock_phase": "read_complete", "rank": 3, "ret": 0, "bytes": 524288}
{"mock_phase": "before_read", "rank": 3, "copies": 64, "bytes": 524288}
{"mock_phase": "read_complete", "rank": 3, "ret": 0, "bytes": 524288}
{"mock_phase": "before_read", "rank": 3, "copies": 64, "bytes": 8192}
{"mock_phase": "read_complete", "rank": 3, "ret": 0, "bytes": 8192}
{"mock_phase": "before_read", "rank": 3, "copies": 64, "bytes": 8192}
{"mock_phase": "read_complete", "rank": 3, "ret": 0, "bytes": 8192}
{"mock_phase": "before_read", "rank": 3, "copies": 64, "bytes": 4194304}
{"mock_phase": "read_complete", "rank": 3, "ret": 0, "bytes": 4194304}
{"mock_phase": "before_read", "rank": 3, "copies": 64, "bytes": 4194304}
{"mock_phase": "read_complete", "rank": 3, "ret": 0, "bytes": 4194304}
{"mock_phase": "before_read", "rank": 3, "copies": 64, "bytes": 524288}
{"mock_phase": "read_complete", "rank": 3, "ret": 0, "bytes": 524288}
{"mock_phase": "before_read", "rank": 3, "copies": 64, "bytes": 524288}
{"mock_phase": "read_complete", "rank": 3, "ret": 0, "bytes": 524288}
{"mock_phase": "before_read", "rank": 3, "copies": 64, "bytes": 8192}
{"mock_phase": "read_complete", "rank": 3, "ret": 0, "bytes": 8192}
{"mock_phase": "before_read", "rank": 3, "copies": 64, "bytes": 8192}
{"mock_phase": "read_complete", "rank": 3, "ret": 0, "bytes": 8192}
{"mock_phase": "before_read", "rank": 3, "copies": 64, "bytes": 4194304}
{"mock_phase": "read_complete", "rank": 3, "ret": 0, "bytes": 4194304}
{"mock_phase": "before_read", "rank": 3, "copies": 64, "bytes": 4194304}
{"mock_phase": "read_complete", "rank": 3, "ret": 0, "bytes": 4194304}
{"mock_phase": "before_read", "rank": 3, "copies": 64, "bytes": 524288}
{"mock_phase": "read_complete", "rank": 3, "ret": 0, "bytes": 524288}
{"mock_phase": "before_read", "rank": 3, "copies": 64, "bytes": 524288}
{"mock_phase": "read_complete", "rank": 3, "ret": 0, "bytes": 524288}
{"mock_phase": "before_read", "rank": 3, "copies": 64, "bytes": 8192}
{"mock_phase": "read_complete", "rank": 3, "ret": 0, "bytes": 8192}
{"mock_phase": "before_read", "rank": 3, "copies": 64, "bytes": 8192}
{"mock_phase": "read_complete", "rank": 3, "ret": 0, "bytes": 8192}
{"mock_phase": "before_read", "rank": 3, "copies": 64, "bytes": 8388608}
{"mock_phase": "read_complete", "rank": 3, "ret": 0, "bytes": 8388608}
{"mock_phase": "before_read", "rank": 3, "copies": 64, "bytes": 8388608}
{"mock_phase": "read_complete", "rank": 3, "ret": 0, "bytes": 8388608}
{"mock_phase": "before_read", "rank": 3, "copies": 64, "bytes": 1048576}
{"mock_phase": "read_complete", "rank": 3, "ret": 0, "bytes": 1048576}
{"mock_phase": "before_read", "rank": 3, "copies": 64, "bytes": 1048576}
{"mock_phase": "read_complete", "rank": 3, "ret": 0, "bytes": 1048576}
{"mock_phase": "before_read", "rank": 3, "copies": 64, "bytes": 16384}
{"mock_phase": "read_complete", "rank": 3, "ret": 0, "bytes": 16384}
{"mock_phase": "before_read", "rank": 3, "copies": 64, "bytes": 16384}
{"mock_phase": "read_complete", "rank": 3, "ret": 0, "bytes": 16384}
{"mock_phase": "before_read", "rank": 3, "copies": 43, "bytes": 5636096}
{"mock_phase": "read_complete", "rank": 3, "ret": 0, "bytes": 5636096}
{"mock_phase": "planned", "request_id": "cmpl-bf98093321d84e27-0-b999bce1", "rank": 4, "pages": 1579, "bytes": 52903936}
{"mock_phase": "before_read", "rank": 4, "copies": 64, "bytes": 4194304}
{"mock_phase": "read_complete", "rank": 4, "ret": 0, "bytes": 4194304}
{"mock_phase": "before_read", "rank": 4, "copies": 64, "bytes": 4194304}
{"mock_phase": "read_complete", "rank": 4, "ret": 0, "bytes": 4194304}
{"mock_phase": "before_read", "rank": 4, "copies": 64, "bytes": 524288}
{"mock_phase": "read_complete", "rank": 4, "ret": 0, "bytes": 524288}
{"mock_phase": "before_read", "rank": 4, "copies": 64, "bytes": 524288}
{"mock_phase": "read_complete", "rank": 4, "ret": 0, "bytes": 524288}
{"mock_phase": "before_read", "rank": 4, "copies": 64, "bytes": 8192}
{"mock_phase": "read_complete", "rank": 4, "ret": 0, "bytes": 8192}
{"mock_phase": "before_read", "rank": 4, "copies": 64, "bytes": 8192}
{"mock_phase": "read_complete", "rank": 4, "ret": 0, "bytes": 8192}
{"mock_phase": "before_read", "rank": 4, "copies": 64, "bytes": 4194304}
{"mock_phase": "read_complete", "rank": 4, "ret": 0, "bytes": 4194304}
{"mock_phase": "before_read", "rank": 4, "copies": 64, "bytes": 4194304}
{"mock_phase": "read_complete", "rank": 4, "ret": 0, "bytes": 4194304}
{"mock_phase": "before_read", "rank": 4, "copies": 64, "bytes": 524288}
{"mock_phase": "read_complete", "rank": 4, "ret": 0, "bytes": 524288}
{"mock_phase": "before_read", "rank": 4, "copies": 64, "bytes": 524288}
{"mock_phase": "read_complete", "rank": 4, "ret": 0, "bytes": 524288}
{"mock_phase": "before_read", "rank": 4, "copies": 64, "bytes": 8192}
{"mock_phase": "read_complete", "rank": 4, "ret": 0, "bytes": 8192}
{"mock_phase": "before_read", "rank": 4, "copies": 64, "bytes": 8192}
{"mock_phase": "read_complete", "rank": 4, "ret": 0, "bytes": 8192}
{"mock_phase": "before_read", "rank": 4, "copies": 64, "bytes": 4194304}
{"mock_phase": "read_complete", "rank": 4, "ret": 0, "bytes": 4194304}
{"mock_phase": "before_read", "rank": 4, "copies": 64, "bytes": 4194304}
{"mock_phase": "read_complete", "rank": 4, "ret": 0, "bytes": 4194304}
{"mock_phase": "before_read", "rank": 4, "copies": 64, "bytes": 524288}
{"mock_phase": "read_complete", "rank": 4, "ret": 0, "bytes": 524288}
{"mock_phase": "before_read", "rank": 4, "copies": 64, "bytes": 524288}
{"mock_phase": "read_complete", "rank": 4, "ret": 0, "bytes": 524288}
{"mock_phase": "before_read", "rank": 4, "copies": 64, "bytes": 8192}
{"mock_phase": "read_complete", "rank": 4, "ret": 0, "bytes": 8192}
{"mock_phase": "before_read", "rank": 4, "copies": 64, "bytes": 8192}
{"mock_phase": "read_complete", "rank": 4, "ret": 0, "bytes": 8192}
{"mock_phase": "before_read", "rank": 4, "copies": 64, "bytes": 8388608}
{"mock_phase": "read_complete", "rank": 4, "ret": 0, "bytes": 8388608}
{"mock_phase": "before_read", "rank": 4, "copies": 64, "bytes": 8388608}
{"mock_phase": "read_complete", "rank": 4, "ret": 0, "bytes": 8388608}
{"mock_phase": "before_read", "rank": 4, "copies": 64, "bytes": 1048576}
{"mock_phase": "read_complete", "rank": 4, "ret": 0, "bytes": 1048576}
{"mock_phase": "before_read", "rank": 4, "copies": 64, "bytes": 1048576}
{"mock_phase": "read_complete", "rank": 4, "ret": 0, "bytes": 1048576}
{"mock_phase": "before_read", "rank": 4, "copies": 64, "bytes": 16384}
{"mock_phase": "read_complete", "rank": 4, "ret": 0, "bytes": 16384}
{"mock_phase": "before_read", "rank": 4, "copies": 64, "bytes": 16384}
{"mock_phase": "read_complete", "rank": 4, "ret": 0, "bytes": 16384}
{"mock_phase": "before_read", "rank": 4, "copies": 43, "bytes": 5636096}
{"mock_phase": "read_complete", "rank": 4, "ret": 0, "bytes": 5636096}
{"mock_phase": "planned", "request_id": "cmpl-bf98093321d84e27-0-b999bce1", "rank": 5, "pages": 1579, "bytes": 52903936}
{"mock_phase": "before_read", "rank": 5, "copies": 64, "bytes": 4194304}
{"mock_phase": "read_complete", "rank": 5, "ret": 0, "bytes": 4194304}
{"mock_phase": "before_read", "rank": 5, "copies": 64, "bytes": 4194304}
{"mock_phase": "read_complete", "rank": 5, "ret": 0, "bytes": 4194304}
{"mock_phase": "before_read", "rank": 5, "copies": 64, "bytes": 524288}
{"mock_phase": "read_complete", "rank": 5, "ret": 0, "bytes": 524288}
{"mock_phase": "before_read", "rank": 5, "copies": 64, "bytes": 524288}
{"mock_phase": "read_complete", "rank": 5, "ret": 0, "bytes": 524288}
{"mock_phase": "before_read", "rank": 5, "copies": 64, "bytes": 8192}
{"mock_phase": "read_complete", "rank": 5, "ret": 0, "bytes": 8192}
{"mock_phase": "before_read", "rank": 5, "copies": 64, "bytes": 8192}
{"mock_phase": "read_complete", "rank": 5, "ret": 0, "bytes": 8192}
{"mock_phase": "before_read", "rank": 5, "copies": 64, "bytes": 4194304}
{"mock_phase": "read_complete", "rank": 5, "ret": 0, "bytes": 4194304}
{"mock_phase": "before_read", "rank": 5, "copies": 64, "bytes": 4194304}
{"mock_phase": "read_complete", "rank": 5, "ret": 0, "bytes": 4194304}
{"mock_phase": "before_read", "rank": 5, "copies": 64, "bytes": 524288}
{"mock_phase": "read_complete", "rank": 5, "ret": 0, "bytes": 524288}
{"mock_phase": "before_read", "rank": 5, "copies": 64, "bytes": 524288}
{"mock_phase": "read_complete", "rank": 5, "ret": 0, "bytes": 524288}
{"mock_phase": "before_read", "rank": 5, "copies": 64, "bytes": 8192}
{"mock_phase": "read_complete", "rank": 5, "ret": 0, "bytes": 8192}
{"mock_phase": "before_read", "rank": 5, "copies": 64, "bytes": 8192}
{"mock_phase": "read_complete", "rank": 5, "ret": 0, "bytes": 8192}
{"mock_phase": "before_read", "rank": 5, "copies": 64, "bytes": 4194304}
{"mock_phase": "read_complete", "rank": 5, "ret": 0, "bytes": 4194304}
{"mock_phase": "before_read", "rank": 5, "copies": 64, "bytes": 4194304}
{"mock_phase": "read_complete", "rank": 5, "ret": 0, "bytes": 4194304}
{"mock_phase": "before_read", "rank": 5, "copies": 64, "bytes": 524288}
{"mock_phase": "read_complete", "rank": 5, "ret": 0, "bytes": 524288}
{"mock_phase": "before_read", "rank": 5, "copies": 64, "bytes": 524288}
{"mock_phase": "read_complete", "rank": 5, "ret": 0, "bytes": 524288}
{"mock_phase": "before_read", "rank": 5, "copies": 64, "bytes": 8192}
{"mock_phase": "read_complete", "rank": 5, "ret": 0, "bytes": 8192}
{"mock_phase": "before_read", "rank": 5, "copies": 64, "bytes": 8192}
{"mock_phase": "read_complete", "rank": 5, "ret": 0, "bytes": 8192}
{"mock_phase": "before_read", "rank": 5, "copies": 64, "bytes": 8388608}
{"mock_phase": "read_complete", "rank": 5, "ret": 0, "bytes": 8388608}
{"mock_phase": "before_read", "rank": 5, "copies": 64, "bytes": 8388608}
{"mock_phase": "read_complete", "rank": 5, "ret": 0, "bytes": 8388608}
{"mock_phase": "before_read", "rank": 5, "copies": 64, "bytes": 1048576}
{"mock_phase": "read_complete", "rank": 5, "ret": 0, "bytes": 1048576}
{"mock_phase": "before_read", "rank": 5, "copies": 64, "bytes": 1048576}
{"mock_phase": "read_complete", "rank": 5, "ret": 0, "bytes": 1048576}
{"mock_phase": "before_read", "rank": 5, "copies": 64, "bytes": 16384}
{"mock_phase": "read_complete", "rank": 5, "ret": 0, "bytes": 16384}
{"mock_phase": "before_read", "rank": 5, "copies": 64, "bytes": 16384}
{"mock_phase": "read_complete", "rank": 5, "ret": 0, "bytes": 16384}
{"mock_phase": "before_read", "rank": 5, "copies": 43, "bytes": 5636096}
{"mock_phase": "read_complete", "rank": 5, "ret": 0, "bytes": 5636096}
{"mock_phase": "planned", "request_id": "cmpl-bf98093321d84e27-0-b999bce1", "rank": 6, "pages": 1579, "bytes": 52903936}
{"mock_phase": "before_read", "rank": 6, "copies": 64, "bytes": 4194304}
{"mock_phase": "read_complete", "rank": 6, "ret": 0, "bytes": 4194304}
{"mock_phase": "before_read", "rank": 6, "copies": 64, "bytes": 4194304}
{"mock_phase": "read_complete", "rank": 6, "ret": 0, "bytes": 4194304}
{"mock_phase": "before_read", "rank": 6, "copies": 64, "bytes": 524288}
{"mock_phase": "read_complete", "rank": 6, "ret": 0, "bytes": 524288}
{"mock_phase": "before_read", "rank": 6, "copies": 64, "bytes": 524288}
{"mock_phase": "read_complete", "rank": 6, "ret": 0, "bytes": 524288}
{"mock_phase": "before_read", "rank": 6, "copies": 64, "bytes": 8192}
{"mock_phase": "read_complete", "rank": 6, "ret": 0, "bytes": 8192}
{"mock_phase": "before_read", "rank": 6, "copies": 64, "bytes": 8192}
{"mock_phase": "read_complete", "rank": 6, "ret": 0, "bytes": 8192}
{"mock_phase": "before_read", "rank": 6, "copies": 64, "bytes": 4194304}
{"mock_phase": "read_complete", "rank": 6, "ret": 0, "bytes": 4194304}
{"mock_phase": "before_read", "rank": 6, "copies": 64, "bytes": 4194304}
{"mock_phase": "read_complete", "rank": 6, "ret": 0, "bytes": 4194304}
{"mock_phase": "before_read", "rank": 6, "copies": 64, "bytes": 524288}
{"mock_phase": "read_complete", "rank": 6, "ret": 0, "bytes": 524288}
{"mock_phase": "before_read", "rank": 6, "copies": 64, "bytes": 524288}
{"mock_phase": "read_complete", "rank": 6, "ret": 0, "bytes": 524288}
{"mock_phase": "before_read", "rank": 6, "copies": 64, "bytes": 8192}
{"mock_phase": "read_complete", "rank": 6, "ret": 0, "bytes": 8192}
{"mock_phase": "before_read", "rank": 6, "copies": 64, "bytes": 8192}
{"mock_phase": "read_complete", "rank": 6, "ret": 0, "bytes": 8192}
{"mock_phase": "before_read", "rank": 6, "copies": 64, "bytes": 4194304}
{"mock_phase": "read_complete", "rank": 6, "ret": 0, "bytes": 4194304}
{"mock_phase": "before_read", "rank": 6, "copies": 64, "bytes": 4194304}
{"mock_phase": "read_complete", "rank": 6, "ret": 0, "bytes": 4194304}
{"mock_phase": "before_read", "rank": 6, "copies": 64, "bytes": 524288}
{"mock_phase": "read_complete", "rank": 6, "ret": 0, "bytes": 524288}
{"mock_phase": "before_read", "rank": 6, "copies": 64, "bytes": 524288}
{"mock_phase": "read_complete", "rank": 6, "ret": 0, "bytes": 524288}
{"mock_phase": "before_read", "rank": 6, "copies": 64, "bytes": 8192}
{"mock_phase": "read_complete", "rank": 6, "ret": 0, "bytes": 8192}
{"mock_phase": "before_read", "rank": 6, "copies": 64, "bytes": 8192}
{"mock_phase": "read_complete", "rank": 6, "ret": 0, "bytes": 8192}
{"mock_phase": "before_read", "rank": 6, "copies": 64, "bytes": 8388608}
{"mock_phase": "read_complete", "rank": 6, "ret": 0, "bytes": 8388608}
{"mock_phase": "before_read", "rank": 6, "copies": 64, "bytes": 8388608}
{"mock_phase": "read_complete", "rank": 6, "ret": 0, "bytes": 8388608}
{"mock_phase": "before_read", "rank": 6, "copies": 64, "bytes": 1048576}
{"mock_phase": "read_complete", "rank": 6, "ret": 0, "bytes": 1048576}
{"mock_phase": "before_read", "rank": 6, "copies": 64, "bytes": 1048576}
{"mock_phase": "read_complete", "rank": 6, "ret": 0, "bytes": 1048576}
{"mock_phase": "before_read", "rank": 6, "copies": 64, "bytes": 16384}
{"mock_phase": "read_complete", "rank": 6, "ret": 0, "bytes": 16384}
{"mock_phase": "before_read", "rank": 6, "copies": 64, "bytes": 16384}
{"mock_phase": "read_complete", "rank": 6, "ret": 0, "bytes": 16384}
{"mock_phase": "before_read", "rank": 6, "copies": 43, "bytes": 5636096}
{"mock_phase": "read_complete", "rank": 6, "ret": 0, "bytes": 5636096}
{"mock_phase": "planned", "request_id": "cmpl-bf98093321d84e27-0-b999bce1", "rank": 7, "pages": 1579, "bytes": 52903936}
{"mock_phase": "before_read", "rank": 7, "copies": 64, "bytes": 4194304}
{"mock_phase": "read_complete", "rank": 7, "ret": 0, "bytes": 4194304}
{"mock_phase": "before_read", "rank": 7, "copies": 64, "bytes": 4194304}
{"mock_phase": "read_complete", "rank": 7, "ret": 0, "bytes": 4194304}
{"mock_phase": "before_read", "rank": 7, "copies": 64, "bytes": 524288}
{"mock_phase": "read_complete", "rank": 7, "ret": 0, "bytes": 524288}
{"mock_phase": "before_read", "rank": 7, "copies": 64, "bytes": 524288}
{"mock_phase": "read_complete", "rank": 7, "ret": 0, "bytes": 524288}
{"mock_phase": "before_read", "rank": 7, "copies": 64, "bytes": 8192}
{"mock_phase": "read_complete", "rank": 7, "ret": 0, "bytes": 8192}
{"mock_phase": "before_read", "rank": 7, "copies": 64, "bytes": 8192}
{"mock_phase": "read_complete", "rank": 7, "ret": 0, "bytes": 8192}
{"mock_phase": "before_read", "rank": 7, "copies": 64, "bytes": 4194304}
{"mock_phase": "read_complete", "rank": 7, "ret": 0, "bytes": 4194304}
{"mock_phase": "before_read", "rank": 7, "copies": 64, "bytes": 4194304}
{"mock_phase": "read_complete", "rank": 7, "ret": 0, "bytes": 4194304}
{"mock_phase": "before_read", "rank": 7, "copies": 64, "bytes": 524288}
{"mock_phase": "read_complete", "rank": 7, "ret": 0, "bytes": 524288}
{"mock_phase": "before_read", "rank": 7, "copies": 64, "bytes": 524288}
{"mock_phase": "read_complete", "rank": 7, "ret": 0, "bytes": 524288}
{"mock_phase": "before_read", "rank": 7, "copies": 64, "bytes": 8192}
{"mock_phase": "read_complete", "rank": 7, "ret": 0, "bytes": 8192}
{"mock_phase": "before_read", "rank": 7, "copies": 64, "bytes": 8192}
{"mock_phase": "read_complete", "rank": 7, "ret": 0, "bytes": 8192}
{"mock_phase": "before_read", "rank": 7, "copies": 64, "bytes": 4194304}
{"mock_phase": "read_complete", "rank": 7, "ret": 0, "bytes": 4194304}
{"mock_phase": "before_read", "rank": 7, "copies": 64, "bytes": 4194304}
{"mock_phase": "read_complete", "rank": 7, "ret": 0, "bytes": 4194304}
{"mock_phase": "before_read", "rank": 7, "copies": 64, "bytes": 524288}
{"mock_phase": "read_complete", "rank": 7, "ret": 0, "bytes": 524288}
{"mock_phase": "before_read", "rank": 7, "copies": 64, "bytes": 524288}
{"mock_phase": "read_complete", "rank": 7, "ret": 0, "bytes": 524288}
{"mock_phase": "before_read", "rank": 7, "copies": 64, "bytes": 8192}
{"mock_phase": "read_complete", "rank": 7, "ret": 0, "bytes": 8192}
{"mock_phase": "before_read", "rank": 7, "copies": 64, "bytes": 8192}
{"mock_phase": "read_complete", "rank": 7, "ret": 0, "bytes": 8192}
{"mock_phase": "before_read", "rank": 7, "copies": 64, "bytes": 8388608}
{"mock_phase": "read_complete", "rank": 7, "ret": 0, "bytes": 8388608}
{"mock_phase": "before_read", "rank": 7, "copies": 64, "bytes": 8388608}
{"mock_phase": "read_complete", "rank": 7, "ret": 0, "bytes": 8388608}
{"mock_phase": "before_read", "rank": 7, "copies": 64, "bytes": 1048576}
{"mock_phase": "read_complete", "rank": 7, "ret": 0, "bytes": 1048576}
{"mock_phase": "before_read", "rank": 7, "copies": 64, "bytes": 1048576}
{"mock_phase": "read_complete", "rank": 7, "ret": 0, "bytes": 1048576}
{"mock_phase": "before_read", "rank": 7, "copies": 64, "bytes": 16384}
{"mock_phase": "read_complete", "rank": 7, "ret": 0, "bytes": 16384}
{"mock_phase": "before_read", "rank": 7, "copies": 64, "bytes": 16384}
{"mock_phase": "read_complete", "rank": 7, "ret": 0, "bytes": 16384}
{"mock_phase": "before_read", "rank": 7, "copies": 43, "bytes": 5636096}
{"mock_phase": "read_complete", "rank": 7, "ret": 0, "bytes": 5636096}
{"ok": true, "request_id": "cmpl-bf98093321d84e27-0-b999bce1", "ranks": [{"rank": 0, "bytes": 52903936, "read_s": 0.01384468050673604, "hash_s": 0.06965376064181328, "nonzero_groups": [0, 1, 2, 3, 4, 5, 6]}, {"rank": 1, "bytes": 52903936, "read_s": 0.012618999928236008, "hash_s": 0.06918539945036173, "nonzero_groups": [0, 1, 2, 3, 4, 5, 6]}, {"rank": 2, "bytes": 52903936, "read_s": 0.012676248792558908, "hash_s": 0.0698209791444242, "nonzero_groups": [0, 1, 2, 3, 4, 5, 6]}, {"rank": 3, "bytes": 52903936, "read_s": 0.012687869369983673, "hash_s": 0.07036079978570342, "nonzero_groups": [0, 1, 2, 3, 4, 5, 6]}, {"rank": 4, "bytes": 52903936, "read_s": 0.012894200161099434, "hash_s": 0.06971232034265995, "nonzero_groups": [0, 1, 2, 3, 4, 5, 6]}, {"rank": 5, "bytes": 52903936, "read_s": 0.01266823010519147, "hash_s": 0.06943905027583241, "nonzero_groups": [0, 1, 2, 3, 4, 5, 6]}, {"rank": 6, "bytes": 52903936, "read_s": 0.013137429486960173, "hash_s": 0.06953634042292833, "nonzero_groups": [0, 1, 2, 3, 4, 5, 6]}, {"rank": 7, "bytes": 52903936, "read_s": 0.012170980218797922, "hash_s": 0.07063995162025094, "nonzero_groups": [0, 1, 2, 3, 4, 5, 6]}], "bytes": 423231488, "consume_s": 0.7157424096949399, "ack_s": 0.0017990902997553349, "total_s": 0.7175417500548065, "hold_ms": 0}
127.0.0.1 - - [09/Oct/2026 07:59:03] "POST /consume HTTP/1.1" 200 -
{"mock_phase": "planned", "request_id": "cmpl-a222198e381f0642-0-846deb29", "rank": 0, "pages": 1579, "bytes": 52903936}
{"mock_phase": "before_read", "rank": 0, "copies": 64, "bytes": 4194304}
{"mock_phase": "read_complete", "rank": 0, "ret": 0, "bytes": 4194304}
{"mock_phase": "before_read", "rank": 0, "copies": 64, "bytes": 4194304}
{"mock_phase": "read_complete", "rank": 0, "ret": 0, "bytes": 4194304}
{"mock_phase": "before_read", "rank": 0, "copies": 64, "bytes": 524288}
{"mock_phase": "read_complete", "rank": 0, "ret": 0, "bytes": 524288}
{"mock_phase": "before_read", "rank": 0, "copies": 64, "bytes": 524288}
{"mock_phase": "read_complete", "rank": 0, "ret": 0, "bytes": 524288}
{"mock_phase": "before_read", "rank": 0, "copies": 64, "bytes": 8192}
{"mock_phase": "read_complete", "rank": 0, "ret": 0, "bytes": 8192}
{"mock_phase": "before_read", "rank": 0, "copies": 64, "bytes": 8192}
{"mock_phase": "read_complete", "rank": 0, "ret": 0, "bytes": 8192}
{"mock_phase": "before_read", "rank": 0, "copies": 64, "bytes": 4194304}
{"mock_phase": "read_complete", "rank": 0, "ret": 0, "bytes": 4194304}
{"mock_phase": "before_read", "rank": 0, "copies": 64, "bytes": 4194304}
{"mock_phase": "read_complete", "rank": 0, "ret": 0, "bytes": 4194304}
{"mock_phase": "before_read", "rank": 0, "copies": 64, "bytes": 524288}
{"mock_phase": "read_complete", "rank": 0, "ret": 0, "bytes": 524288}
{"mock_phase": "before_read", "rank": 0, "copies": 64, "bytes": 524288}
{"mock_phase": "read_complete", "rank": 0, "ret": 0, "bytes": 524288}
{"mock_phase": "before_read", "rank": 0, "copies": 64, "bytes": 8192}
{"mock_phase": "read_complete", "rank": 0, "ret": 0, "bytes": 8192}
{"mock_phase": "before_read", "rank": 0, "copies": 64, "bytes": 8192}
{"mock_phase": "read_complete", "rank": 0, "ret": 0, "bytes": 8192}
{"mock_phase": "before_read", "rank": 0, "copies": 64, "bytes": 4194304}
{"mock_phase": "read_complete", "rank": 0, "ret": 0, "bytes": 4194304}
{"mock_phase": "before_read", "rank": 0, "copies": 64, "bytes": 4194304}
{"mock_phase": "read_complete", "rank": 0, "ret": 0, "bytes": 4194304}
{"mock_phase": "before_read", "rank": 0, "copies": 64, "bytes": 524288}
{"mock_phase": "read_complete", "rank": 0, "ret": 0, "bytes": 524288}
{"mock_phase": "before_read", "rank": 0, "copies": 64, "bytes": 524288}
{"mock_phase": "read_complete", "rank": 0, "ret": 0, "bytes": 524288}
{"mock_phase": "before_read", "rank": 0, "copies": 64, "bytes": 8192}
{"mock_phase": "read_complete", "rank": 0, "ret": 0, "bytes": 8192}
{"mock_phase": "before_read", "rank": 0, "copies": 64, "bytes": 8192}
{"mock_phase": "read_complete", "rank": 0, "ret": 0, "bytes": 8192}
{"mock_phase": "before_read", "rank": 0, "copies": 64, "bytes": 8388608}
{"mock_phase": "read_complete", "rank": 0, "ret": 0, "bytes": 8388608}
{"mock_phase": "before_read", "rank": 0, "copies": 64, "bytes": 8388608}
{"mock_phase": "read_complete", "rank": 0, "ret": 0, "bytes": 8388608}
{"mock_phase": "before_read", "rank": 0, "copies": 64, "bytes": 1048576}
{"mock_phase": "read_complete", "rank": 0, "ret": 0, "bytes": 1048576}
{"mock_phase": "before_read", "rank": 0, "copies": 64, "bytes": 1048576}
{"mock_phase": "read_complete", "rank": 0, "ret": 0, "bytes": 1048576}
{"mock_phase": "before_read", "rank": 0, "copies": 64, "bytes": 16384}
{"mock_phase": "read_complete", "rank": 0, "ret": 0, "bytes": 16384}
{"mock_phase": "before_read", "rank": 0, "copies": 64, "bytes": 16384}
{"mock_phase": "read_complete", "rank": 0, "ret": 0, "bytes": 16384}
{"mock_phase": "before_read", "rank": 0, "copies": 43, "bytes": 5636096}
{"mock_phase": "read_complete", "rank": 0, "ret": 0, "bytes": 5636096}
{"mock_phase": "planned", "request_id": "cmpl-a222198e381f0642-0-846deb29", "rank": 1, "pages": 1579, "bytes": 52903936}
{"mock_phase": "before_read", "rank": 1, "copies": 64, "bytes": 4194304}
{"mock_phase": "read_complete", "rank": 1, "ret": 0, "bytes": 4194304}
{"mock_phase": "before_read", "rank": 1, "copies": 64, "bytes": 4194304}
{"mock_phase": "read_complete", "rank": 1, "ret": 0, "bytes": 4194304}
{"mock_phase": "before_read", "rank": 1, "copies": 64, "bytes": 524288}
{"mock_phase": "read_complete", "rank": 1, "ret": 0, "bytes": 524288}
{"mock_phase": "before_read", "rank": 1, "copies": 64, "bytes": 524288}
{"mock_phase": "read_complete", "rank": 1, "ret": 0, "bytes": 524288}
{"mock_phase": "before_read", "rank": 1, "copies": 64, "bytes": 8192}
{"mock_phase": "read_complete", "rank": 1, "ret": 0, "bytes": 8192}
{"mock_phase": "before_read", "rank": 1, "copies": 64, "bytes": 8192}
{"mock_phase": "read_complete", "rank": 1, "ret": 0, "bytes": 8192}
{"mock_phase": "before_read", "rank": 1, "copies": 64, "bytes": 4194304}
{"mock_phase": "read_complete", "rank": 1, "ret": 0, "bytes": 4194304}
{"mock_phase": "before_read", "rank": 1, "copies": 64, "bytes": 4194304}
{"mock_phase": "read_complete", "rank": 1, "ret": 0, "bytes": 4194304}
{"mock_phase": "before_read", "rank": 1, "copies": 64, "bytes": 524288}
{"mock_phase": "read_complete", "rank": 1, "ret": 0, "bytes": 524288}
{"mock_phase": "before_read", "rank": 1, "copies": 64, "bytes": 524288}
{"mock_phase": "read_complete", "rank": 1, "ret": 0, "bytes": 524288}
{"mock_phase": "before_read", "rank": 1, "copies": 64, "bytes": 8192}
{"mock_phase": "read_complete", "rank": 1, "ret": 0, "bytes": 8192}
{"mock_phase": "before_read", "rank": 1, "copies": 64, "bytes": 8192}
{"mock_phase": "read_complete", "rank": 1, "ret": 0, "bytes": 8192}
{"mock_phase": "before_read", "rank": 1, "copies": 64, "bytes": 4194304}
{"mock_phase": "read_complete", "rank": 1, "ret": 0, "bytes": 4194304}
{"mock_phase": "before_read", "rank": 1, "copies": 64, "bytes": 4194304}
{"mock_phase": "read_complete", "rank": 1, "ret": 0, "bytes": 4194304}
{"mock_phase": "before_read", "rank": 1, "copies": 64, "bytes": 524288}
{"mock_phase": "read_complete", "rank": 1, "ret": 0, "bytes": 524288}
{"mock_phase": "before_read", "rank": 1, "copies": 64, "bytes": 524288}
{"mock_phase": "read_complete", "rank": 1, "ret": 0, "bytes": 524288}
{"mock_phase": "before_read", "rank": 1, "copies": 64, "bytes": 8192}
{"mock_phase": "read_complete", "rank": 1, "ret": 0, "bytes": 8192}
{"mock_phase": "before_read", "rank": 1, "copies": 64, "bytes": 8192}
{"mock_phase": "read_complete", "rank": 1, "ret": 0, "bytes": 8192}
{"mock_phase": "before_read", "rank": 1, "copies": 64, "bytes": 8388608}
{"mock_phase": "read_complete", "rank": 1, "ret": 0, "bytes": 8388608}
{"mock_phase": "before_read", "rank": 1, "copies": 64, "bytes": 8388608}
{"mock_phase": "read_complete", "rank": 1, "ret": 0, "bytes": 8388608}
{"mock_phase": "before_read", "rank": 1, "copies": 64, "bytes": 1048576}
{"mock_phase": "read_complete", "rank": 1, "ret": 0, "bytes": 1048576}
{"mock_phase": "before_read", "rank": 1, "copies": 64, "bytes": 1048576}
{"mock_phase": "read_complete", "rank": 1, "ret": 0, "bytes": 1048576}
{"mock_phase": "before_read", "rank": 1, "copies": 64, "bytes": 16384}
{"mock_phase": "read_complete", "rank": 1, "ret": 0, "bytes": 16384}
{"mock_phase": "before_read", "rank": 1, "copies": 64, "bytes": 16384}
{"mock_phase": "read_complete", "rank": 1, "ret": 0, "bytes": 16384}
{"mock_phase": "before_read", "rank": 1, "copies": 43, "bytes": 5636096}
{"mock_phase": "read_complete", "rank": 1, "ret": 0, "bytes": 5636096}
{"mock_phase": "planned", "request_id": "cmpl-a222198e381f0642-0-846deb29", "rank": 2, "pages": 1579, "bytes": 52903936}
{"mock_phase": "before_read", "rank": 2, "copies": 64, "bytes": 4194304}
{"mock_phase": "read_complete", "rank": 2, "ret": 0, "bytes": 4194304}
{"mock_phase": "before_read", "rank": 2, "copies": 64, "bytes": 4194304}
{"mock_phase": "read_complete", "rank": 2, "ret": 0, "bytes": 4194304}
{"mock_phase": "before_read", "rank": 2, "copies": 64, "bytes": 524288}
{"mock_phase": "read_complete", "rank": 2, "ret": 0, "bytes": 524288}
{"mock_phase": "before_read", "rank": 2, "copies": 64, "bytes": 524288}
{"mock_phase": "read_complete", "rank": 2, "ret": 0, "bytes": 524288}
{"mock_phase": "before_read", "rank": 2, "copies": 64, "bytes": 8192}
{"mock_phase": "read_complete", "rank": 2, "ret": 0, "bytes": 8192}
{"mock_phase": "before_read", "rank": 2, "copies": 64, "bytes": 8192}
{"mock_phase": "read_complete", "rank": 2, "ret": 0, "bytes": 8192}
{"mock_phase": "before_read", "rank": 2, "copies": 64, "bytes": 4194304}
{"mock_phase": "read_complete", "rank": 2, "ret": 0, "bytes": 4194304}
{"mock_phase": "before_read", "rank": 2, "copies": 64, "bytes": 4194304}
{"mock_phase": "read_complete", "rank": 2, "ret": 0, "bytes": 4194304}
{"mock_phase": "before_read", "rank": 2, "copies": 64, "bytes": 524288}
{"mock_phase": "read_complete", "rank": 2, "ret": 0, "bytes": 524288}
{"mock_phase": "before_read", "rank": 2, "copies": 64, "bytes": 524288}
{"mock_phase": "read_complete", "rank": 2, "ret": 0, "bytes": 524288}
{"mock_phase": "before_read", "rank": 2, "copies": 64, "bytes": 8192}
{"mock_phase": "read_complete", "rank": 2, "ret": 0, "bytes": 8192}
{"mock_phase": "before_read", "rank": 2, "copies": 64, "bytes": 8192}
{"mock_phase": "read_complete", "rank": 2, "ret": 0, "bytes": 8192}
{"mock_phase": "before_read", "rank": 2, "copies": 64, "bytes": 4194304}
{"mock_phase": "read_complete", "rank": 2, "ret": 0, "bytes": 4194304}
{"mock_phase": "before_read", "rank": 2, "copies": 64, "bytes": 4194304}
{"mock_phase": "read_complete", "rank": 2, "ret": 0, "bytes": 4194304}
{"mock_phase": "before_read", "rank": 2, "copies": 64, "bytes": 524288}
{"mock_phase": "read_complete", "rank": 2, "ret": 0, "bytes": 524288}
{"mock_phase": "before_read", "rank": 2, "copies": 64, "bytes": 524288}
{"mock_phase": "read_complete", "rank": 2, "ret": 0, "bytes": 524288}
{"mock_phase": "before_read", "rank": 2, "copies": 64, "bytes": 8192}
{"mock_phase": "read_complete", "rank": 2, "ret": 0, "bytes": 8192}
{"mock_phase": "before_read", "rank": 2, "copies": 64, "bytes": 8192}
{"mock_phase": "read_complete", "rank": 2, "ret": 0, "bytes": 8192}
{"mock_phase": "before_read", "rank": 2, "copies": 64, "bytes": 8388608}
{"mock_phase": "read_complete", "rank": 2, "ret": 0, "bytes": 8388608}
{"mock_phase": "before_read", "rank": 2, "copies": 64, "bytes": 8388608}
{"mock_phase": "read_complete", "rank": 2, "ret": 0, "bytes": 8388608}
{"mock_phase": "before_read", "rank": 2, "copies": 64, "bytes": 1048576}
{"mock_phase": "read_complete", "rank": 2, "ret": 0, "bytes": 1048576}
{"mock_phase": "before_read", "rank": 2, "copies": 64, "bytes": 1048576}
{"mock_phase": "read_complete", "rank": 2, "ret": 0, "bytes": 1048576}
{"mock_phase": "before_read", "rank": 2, "copies": 64, "bytes": 16384}
{"mock_phase": "read_complete", "rank": 2, "ret": 0, "bytes": 16384}
{"mock_phase": "before_read", "rank": 2, "copies": 64, "bytes": 16384}
{"mock_phase": "read_complete", "rank": 2, "ret": 0, "bytes": 16384}
{"mock_phase": "before_read", "rank": 2, "copies": 43, "bytes": 5636096}
{"mock_phase": "read_complete", "rank": 2, "ret": 0, "bytes": 5636096}
{"mock_phase": "planned", "request_id": "cmpl-a222198e381f0642-0-846deb29", "rank": 3, "pages": 1579, "bytes": 52903936}
{"mock_phase": "before_read", "rank": 3, "copies": 64, "bytes": 4194304}
{"mock_phase": "read_complete", "rank": 3, "ret": 0, "bytes": 4194304}
{"mock_phase": "before_read", "rank": 3, "copies": 64, "bytes": 4194304}
{"mock_phase": "read_complete", "rank": 3, "ret": 0, "bytes": 4194304}
{"mock_phase": "before_read", "rank": 3, "copies": 64, "bytes": 524288}
{"mock_phase": "read_complete", "rank": 3, "ret": 0, "bytes": 524288}
{"mock_phase": "before_read", "rank": 3, "copies": 64, "bytes": 524288}
{"mock_phase": "read_complete", "rank": 3, "ret": 0, "bytes": 524288}
{"mock_phase": "before_read", "rank": 3, "copies": 64, "bytes": 8192}
{"mock_phase": "read_complete", "rank": 3, "ret": 0, "bytes": 8192}
{"mock_phase": "before_read", "rank": 3, "copies": 64, "bytes": 8192}
{"mock_phase": "read_complete", "rank": 3, "ret": 0, "bytes": 8192}
{"mock_phase": "before_read", "rank": 3, "copies": 64, "bytes": 4194304}
{"mock_phase": "read_complete", "rank": 3, "ret": 0, "bytes": 4194304}
{"mock_phase": "before_read", "rank": 3, "copies": 64, "bytes": 4194304}
{"mock_phase": "read_complete", "rank": 3, "ret": 0, "bytes": 4194304}
{"mock_phase": "before_read", "rank": 3, "copies": 64, "bytes": 524288}
{"mock_phase": "read_complete", "rank": 3, "ret": 0, "bytes": 524288}
{"mock_phase": "before_read", "rank": 3, "copies": 64, "bytes": 524288}
{"mock_phase": "read_complete", "rank": 3, "ret": 0, "bytes": 524288}
{"mock_phase": "before_read", "rank": 3, "copies": 64, "bytes": 8192}
{"mock_phase": "read_complete", "rank": 3, "ret": 0, "bytes": 8192}
{"mock_phase": "before_read", "rank": 3, "copies": 64, "bytes": 8192}
{"mock_phase": "read_complete", "rank": 3, "ret": 0, "bytes": 8192}
{"mock_phase": "before_read", "rank": 3, "copies": 64, "bytes": 4194304}
{"mock_phase": "read_complete", "rank": 3, "ret": 0, "bytes": 4194304}
{"mock_phase": "before_read", "rank": 3, "copies": 64, "bytes": 4194304}
{"mock_phase": "read_complete", "rank": 3, "ret": 0, "bytes": 4194304}
{"mock_phase": "before_read", "rank": 3, "copies": 64, "bytes": 524288}
{"mock_phase": "read_complete", "rank": 3, "ret": 0, "bytes": 524288}
{"mock_phase": "before_read", "rank": 3, "copies": 64, "bytes": 524288}
{"mock_phase": "read_complete", "rank": 3, "ret": 0, "bytes": 524288}
{"mock_phase": "before_read", "rank": 3, "copies": 64, "bytes": 8192}
{"mock_phase": "read_complete", "rank": 3, "ret": 0, "bytes": 8192}
{"mock_phase": "before_read", "rank": 3, "copies": 64, "bytes": 8192}
{"mock_phase": "read_complete", "rank": 3, "ret": 0, "bytes": 8192}
{"mock_phase": "before_read", "rank": 3, "copies": 64, "bytes": 8388608}
{"mock_phase": "read_complete", "rank": 3, "ret": 0, "bytes": 8388608}
{"mock_phase": "before_read", "rank": 3, "copies": 64, "bytes": 8388608}
{"mock_phase": "read_complete", "rank": 3, "ret": 0, "bytes": 8388608}
{"mock_phase": "before_read", "rank": 3, "copies": 64, "bytes": 1048576}
{"mock_phase": "read_complete", "rank": 3, "ret": 0, "bytes": 1048576}
{"mock_phase": "before_read", "rank": 3, "copies": 64, "bytes": 1048576}
{"mock_phase": "read_complete", "rank": 3, "ret": 0, "bytes": 1048576}
{"mock_phase": "before_read", "rank": 3, "copies": 64, "bytes": 16384}
{"mock_phase": "read_complete", "rank": 3, "ret": 0, "bytes": 16384}
{"mock_phase": "before_read", "rank": 3, "copies": 64, "bytes": 16384}
{"mock_phase": "read_complete", "rank": 3, "ret": 0, "bytes": 16384}
{"mock_phase": "before_read", "rank": 3, "copies": 43, "bytes": 5636096}
{"mock_phase": "read_complete", "rank": 3, "ret": 0, "bytes": 5636096}
{"mock_phase": "planned", "request_id": "cmpl-a222198e381f0642-0-846deb29", "rank": 4, "pages": 1579, "bytes": 52903936}
{"mock_phase": "before_read", "rank": 4, "copies": 64, "bytes": 4194304}
{"mock_phase": "read_complete", "rank": 4, "ret": 0, "bytes": 4194304}
{"mock_phase": "before_read", "rank": 4, "copies": 64, "bytes": 4194304}
{"mock_phase": "read_complete", "rank": 4, "ret": 0, "bytes": 4194304}
{"mock_phase": "before_read", "rank": 4, "copies": 64, "bytes": 524288}
{"mock_phase": "read_complete", "rank": 4, "ret": 0, "bytes": 524288}
{"mock_phase": "before_read", "rank": 4, "copies": 64, "bytes": 524288}
{"mock_phase": "read_complete", "rank": 4, "ret": 0, "bytes": 524288}
{"mock_phase": "before_read", "rank": 4, "copies": 64, "bytes": 8192}
{"mock_phase": "read_complete", "rank": 4, "ret": 0, "bytes": 8192}
{"mock_phase": "before_read", "rank": 4, "copies": 64, "bytes": 8192}
{"mock_phase": "read_complete", "rank": 4, "ret": 0, "bytes": 8192}
{"mock_phase": "before_read", "rank": 4, "copies": 64, "bytes": 4194304}
{"mock_phase": "read_complete", "rank": 4, "ret": 0, "bytes": 4194304}
{"mock_phase": "before_read", "rank": 4, "copies": 64, "bytes": 4194304}
{"mock_phase": "read_complete", "rank": 4, "ret": 0, "bytes": 4194304}
{"mock_phase": "before_read", "rank": 4, "copies": 64, "bytes": 524288}
{"mock_phase": "read_complete", "rank": 4, "ret": 0, "bytes": 524288}
{"mock_phase": "before_read", "rank": 4, "copies": 64, "bytes": 524288}
{"mock_phase": "read_complete", "rank": 4, "ret": 0, "bytes": 524288}
{"mock_phase": "before_read", "rank": 4, "copies": 64, "bytes": 8192}
{"mock_phase": "read_complete", "rank": 4, "ret": 0, "bytes": 8192}
{"mock_phase": "before_read", "rank": 4, "copies": 64, "bytes": 8192}
{"mock_phase": "read_complete", "rank": 4, "ret": 0, "bytes": 8192}
{"mock_phase": "before_read", "rank": 4, "copies": 64, "bytes": 4194304}
{"mock_phase": "read_complete", "rank": 4, "ret": 0, "bytes": 4194304}
{"mock_phase": "before_read", "rank": 4, "copies": 64, "bytes": 4194304}
{"mock_phase": "read_complete", "rank": 4, "ret": 0, "bytes": 4194304}
{"mock_phase": "before_read", "rank": 4, "copies": 64, "bytes": 524288}
{"mock_phase": "read_complete", "rank": 4, "ret": 0, "bytes": 524288}
{"mock_phase": "before_read", "rank": 4, "copies": 64, "bytes": 524288}
{"mock_phase": "read_complete", "rank": 4, "ret": 0, "bytes": 524288}
{"mock_phase": "before_read", "rank": 4, "copies": 64, "bytes": 8192}
{"mock_phase": "read_complete", "rank": 4, "ret": 0, "bytes": 8192}
{"mock_phase": "before_read", "rank": 4, "copies": 64, "bytes": 8192}
{"mock_phase": "read_complete", "rank": 4, "ret": 0, "bytes": 8192}
{"mock_phase": "before_read", "rank": 4, "copies": 64, "bytes": 8388608}
{"mock_phase": "read_complete", "rank": 4, "ret": 0, "bytes": 8388608}
{"mock_phase": "before_read", "rank": 4, "copies": 64, "bytes": 8388608}
{"mock_phase": "read_complete", "rank": 4, "ret": 0, "bytes": 8388608}
{"mock_phase": "before_read", "rank": 4, "copies": 64, "bytes": 1048576}
{"mock_phase": "read_complete", "rank": 4, "ret": 0, "bytes": 1048576}
{"mock_phase": "before_read", "rank": 4, "copies": 64, "bytes": 1048576}
{"mock_phase": "read_complete", "rank": 4, "ret": 0, "bytes": 1048576}
{"mock_phase": "before_read", "rank": 4, "copies": 64, "bytes": 16384}
{"mock_phase": "read_complete", "rank": 4, "ret": 0, "bytes": 16384}
{"mock_phase": "before_read", "rank": 4, "copies": 64, "bytes": 16384}
{"mock_phase": "read_complete", "rank": 4, "ret": 0, "bytes": 16384}
{"mock_phase": "before_read", "rank": 4, "copies": 43, "bytes": 5636096}
{"mock_phase": "read_complete", "rank": 4, "ret": 0, "bytes": 5636096}
{"mock_phase": "planned", "request_id": "cmpl-a222198e381f0642-0-846deb29", "rank": 5, "pages": 1579, "bytes": 52903936}
{"mock_phase": "before_read", "rank": 5, "copies": 64, "bytes": 4194304}
{"mock_phase": "read_complete", "rank": 5, "ret": 0, "bytes": 4194304}
{"mock_phase": "before_read", "rank": 5, "copies": 64, "bytes": 4194304}
{"mock_phase": "read_complete", "rank": 5, "ret": 0, "bytes": 4194304}
{"mock_phase": "before_read", "rank": 5, "copies": 64, "bytes": 524288}
{"mock_phase": "read_complete", "rank": 5, "ret": 0, "bytes": 524288}
{"mock_phase": "before_read", "rank": 5, "copies": 64, "bytes": 524288}
{"mock_phase": "read_complete", "rank": 5, "ret": 0, "bytes": 524288}
{"mock_phase": "before_read", "rank": 5, "copies": 64, "bytes": 8192}
{"mock_phase": "read_complete", "rank": 5, "ret": 0, "bytes": 8192}
{"mock_phase": "before_read", "rank": 5, "copies": 64, "bytes": 8192}
{"mock_phase": "read_complete", "rank": 5, "ret": 0, "bytes": 8192}
{"mock_phase": "before_read", "rank": 5, "copies": 64, "bytes": 4194304}
{"mock_phase": "read_complete", "rank": 5, "ret": 0, "bytes": 4194304}
{"mock_phase": "before_read", "rank": 5, "copies": 64, "bytes": 4194304}
{"mock_phase": "read_complete", "rank": 5, "ret": 0, "bytes": 4194304}
{"mock_phase": "before_read", "rank": 5, "copies": 64, "bytes": 524288}
{"mock_phase": "read_complete", "rank": 5, "ret": 0, "bytes": 524288}
{"mock_phase": "before_read", "rank": 5, "copies": 64, "bytes": 524288}
{"mock_phase": "read_complete", "rank": 5, "ret": 0, "bytes": 524288}
{"mock_phase": "before_read", "rank": 5, "copies": 64, "bytes": 8192}
{"mock_phase": "read_complete", "rank": 5, "ret": 0, "bytes": 8192}
{"mock_phase": "before_read", "rank": 5, "copies": 64, "bytes": 8192}
{"mock_phase": "read_complete", "rank": 5, "ret": 0, "bytes": 8192}
{"mock_phase": "before_read", "rank": 5, "copies": 64, "bytes": 4194304}
{"mock_phase": "read_complete", "rank": 5, "ret": 0, "bytes": 4194304}
{"mock_phase": "before_read", "rank": 5, "copies": 64, "bytes": 4194304}
{"mock_phase": "read_complete", "rank": 5, "ret": 0, "bytes": 4194304}
{"mock_phase": "before_read", "rank": 5, "copies": 64, "bytes": 524288}
{"mock_phase": "read_complete", "rank": 5, "ret": 0, "bytes": 524288}
{"mock_phase": "before_read", "rank": 5, "copies": 64, "bytes": 524288}
{"mock_phase": "read_complete", "rank": 5, "ret": 0, "bytes": 524288}
{"mock_phase": "before_read", "rank": 5, "copies": 64, "bytes": 8192}
{"mock_phase": "read_complete", "rank": 5, "ret": 0, "bytes": 8192}
{"mock_phase": "before_read", "rank": 5, "copies": 64, "bytes": 8192}
{"mock_phase": "read_complete", "rank": 5, "ret": 0, "bytes": 8192}
{"mock_phase": "before_read", "rank": 5, "copies": 64, "bytes": 8388608}
{"mock_phase": "read_complete", "rank": 5, "ret": 0, "bytes": 8388608}
{"mock_phase": "before_read", "rank": 5, "copies": 64, "bytes": 8388608}
{"mock_phase": "read_complete", "rank": 5, "ret": 0, "bytes": 8388608}
{"mock_phase": "before_read", "rank": 5, "copies": 64, "bytes": 1048576}
{"mock_phase": "read_complete", "rank": 5, "ret": 0, "bytes": 1048576}
{"mock_phase": "before_read", "rank": 5, "copies": 64, "bytes": 1048576}
{"mock_phase": "read_complete", "rank": 5, "ret": 0, "bytes": 1048576}
{"mock_phase": "before_read", "rank": 5, "copies": 64, "bytes": 16384}
{"mock_phase": "read_complete", "rank": 5, "ret": 0, "bytes": 16384}
{"mock_phase": "before_read", "rank": 5, "copies": 64, "bytes": 16384}
{"mock_phase": "read_complete", "rank": 5, "ret": 0, "bytes": 16384}
{"mock_phase": "before_read", "rank": 5, "copies": 43, "bytes": 5636096}
{"mock_phase": "read_complete", "rank": 5, "ret": 0, "bytes": 5636096}
{"mock_phase": "planned", "request_id": "cmpl-a222198e381f0642-0-846deb29", "rank": 6, "pages": 1579, "bytes": 52903936}
{"mock_phase": "before_read", "rank": 6, "copies": 64, "bytes": 4194304}
{"mock_phase": "read_complete", "rank": 6, "ret": 0, "bytes": 4194304}
{"mock_phase": "before_read", "rank": 6, "copies": 64, "bytes": 4194304}
{"mock_phase": "read_complete", "rank": 6, "ret": 0, "bytes": 4194304}
{"mock_phase": "before_read", "rank": 6, "copies": 64, "bytes": 524288}
{"mock_phase": "read_complete", "rank": 6, "ret": 0, "bytes": 524288}
{"mock_phase": "before_read", "rank": 6, "copies": 64, "bytes": 524288}
{"mock_phase": "read_complete", "rank": 6, "ret": 0, "bytes": 524288}
{"mock_phase": "before_read", "rank": 6, "copies": 64, "bytes": 8192}
{"mock_phase": "read_complete", "rank": 6, "ret": 0, "bytes": 8192}
{"mock_phase": "before_read", "rank": 6, "copies": 64, "bytes": 8192}
{"mock_phase": "read_complete", "rank": 6, "ret": 0, "bytes": 8192}
{"mock_phase": "before_read", "rank": 6, "copies": 64, "bytes": 4194304}
{"mock_phase": "read_complete", "rank": 6, "ret": 0, "bytes": 4194304}
{"mock_phase": "before_read", "rank": 6, "copies": 64, "bytes": 4194304}
{"mock_phase": "read_complete", "rank": 6, "ret": 0, "bytes": 4194304}
{"mock_phase": "before_read", "rank": 6, "copies": 64, "bytes": 524288}
{"mock_phase": "read_complete", "rank": 6, "ret": 0, "bytes": 524288}
{"mock_phase": "before_read", "rank": 6, "copies": 64, "bytes": 524288}
{"mock_phase": "read_complete", "rank": 6, "ret": 0, "bytes": 524288}
{"mock_phase": "before_read", "rank": 6, "copies": 64, "bytes": 8192}
{"mock_phase": "read_complete", "rank": 6, "ret": 0, "bytes": 8192}
{"mock_phase": "before_read", "rank": 6, "copies": 64, "bytes": 8192}
{"mock_phase": "read_complete", "rank": 6, "ret": 0, "bytes": 8192}
{"mock_phase": "before_read", "rank": 6, "copies": 64, "bytes": 4194304}
{"mock_phase": "read_complete", "rank": 6, "ret": 0, "bytes": 4194304}
{"mock_phase": "before_read", "rank": 6, "copies": 64, "bytes": 4194304}
{"mock_phase": "read_complete", "rank": 6, "ret": 0, "bytes": 4194304}
{"mock_phase": "before_read", "rank": 6, "copies": 64, "bytes": 524288}
{"mock_phase": "read_complete", "rank": 6, "ret": 0, "bytes": 524288}
{"mock_phase": "before_read", "rank": 6, "copies": 64, "bytes": 524288}
{"mock_phase": "read_complete", "rank": 6, "ret": 0, "bytes": 524288}
{"mock_phase": "before_read", "rank": 6, "copies": 64, "bytes": 8192}
{"mock_phase": "read_complete", "rank": 6, "ret": 0, "bytes": 8192}
{"mock_phase": "before_read", "rank": 6, "copies": 64, "bytes": 8192}
{"mock_phase": "read_complete", "rank": 6, "ret": 0, "bytes": 8192}
{"mock_phase": "before_read", "rank": 6, "copies": 64, "bytes": 8388608}
{"mock_phase": "read_complete", "rank": 6, "ret": 0, "bytes": 8388608}
{"mock_phase": "before_read", "rank": 6, "copies": 64, "bytes": 8388608}
{"mock_phase": "read_complete", "rank": 6, "ret": 0, "bytes": 8388608}
{"mock_phase": "before_read", "rank": 6, "copies": 64, "bytes": 1048576}
{"mock_phase": "read_complete", "rank": 6, "ret": 0, "bytes": 1048576}
{"mock_phase": "before_read", "rank": 6, "copies": 64, "bytes": 1048576}
{"mock_phase": "read_complete", "rank": 6, "ret": 0, "bytes": 1048576}
{"mock_phase": "before_read", "rank": 6, "copies": 64, "bytes": 16384}
{"mock_phase": "read_complete", "rank": 6, "ret": 0, "bytes": 16384}
{"mock_phase": "before_read", "rank": 6, "copies": 64, "bytes": 16384}
{"mock_phase": "read_complete", "rank": 6, "ret": 0, "bytes": 16384}
{"mock_phase": "before_read", "rank": 6, "copies": 43, "bytes": 5636096}
{"mock_phase": "read_complete", "rank": 6, "ret": 0, "bytes": 5636096}
{"mock_phase": "planned", "request_id": "cmpl-a222198e381f0642-0-846deb29", "rank": 7, "pages": 1579, "bytes": 52903936}
{"mock_phase": "before_read", "rank": 7, "copies": 64, "bytes": 4194304}
{"mock_phase": "read_complete", "rank": 7, "ret": 0, "bytes": 4194304}
{"mock_phase": "before_read", "rank": 7, "copies": 64, "bytes": 4194304}
{"mock_phase": "read_complete", "rank": 7, "ret": 0, "bytes": 4194304}
{"mock_phase": "before_read", "rank": 7, "copies": 64, "bytes": 524288}
{"mock_phase": "read_complete", "rank": 7, "ret": 0, "bytes": 524288}
{"mock_phase": "before_read", "rank": 7, "copies": 64, "bytes": 524288}
{"mock_phase": "read_complete", "rank": 7, "ret": 0, "bytes": 524288}
{"mock_phase": "before_read", "rank": 7, "copies": 64, "bytes": 8192}
{"mock_phase": "read_complete", "rank": 7, "ret": 0, "bytes": 8192}
{"mock_phase": "before_read", "rank": 7, "copies": 64, "bytes": 8192}
{"mock_phase": "read_complete", "rank": 7, "ret": 0, "bytes": 8192}
{"mock_phase": "before_read", "rank": 7, "copies": 64, "bytes": 4194304}
{"mock_phase": "read_complete", "rank": 7, "ret": 0, "bytes": 4194304}
{"mock_phase": "before_read", "rank": 7, "copies": 64, "bytes": 4194304}
{"mock_phase": "read_complete", "rank": 7, "ret": 0, "bytes": 4194304}
{"mock_phase": "before_read", "rank": 7, "copies": 64, "bytes": 524288}
{"mock_phase": "read_complete", "rank": 7, "ret": 0, "bytes": 524288}
{"mock_phase": "before_read", "rank": 7, "copies": 64, "bytes": 524288}
{"mock_phase": "read_complete", "rank": 7, "ret": 0, "bytes": 524288}
{"mock_phase": "before_read", "rank": 7, "copies": 64, "bytes": 8192}
{"mock_phase": "read_complete", "rank": 7, "ret": 0, "bytes": 8192}
{"mock_phase": "before_read", "rank": 7, "copies": 64, "bytes": 8192}
{"mock_phase": "read_complete", "rank": 7, "ret": 0, "bytes": 8192}
{"mock_phase": "before_read", "rank": 7, "copies": 64, "bytes": 4194304}
{"mock_phase": "read_complete", "rank": 7, "ret": 0, "bytes": 4194304}
{"mock_phase": "before_read", "rank": 7, "copies": 64, "bytes": 4194304}
{"mock_phase": "read_complete", "rank": 7, "ret": 0, "bytes": 4194304}
{"mock_phase": "before_read", "rank": 7, "copies": 64, "bytes": 524288}
{"mock_phase": "read_complete", "rank": 7, "ret": 0, "bytes": 524288}
{"mock_phase": "before_read", "rank": 7, "copies": 64, "bytes": 524288}
{"mock_phase": "read_complete", "rank": 7, "ret": 0, "bytes": 524288}
{"mock_phase": "before_read", "rank": 7, "copies": 64, "bytes": 8192}
{"mock_phase": "read_complete", "rank": 7, "ret": 0, "bytes": 8192}
{"mock_phase": "before_read", "rank": 7, "copies": 64, "bytes": 8192}
{"mock_phase": "read_complete", "rank": 7, "ret": 0, "bytes": 8192}
{"mock_phase": "before_read", "rank": 7, "copies": 64, "bytes": 8388608}
{"mock_phase": "read_complete", "rank": 7, "ret": 0, "bytes": 8388608}
{"mock_phase": "before_read", "rank": 7, "copies": 64, "bytes": 8388608}
{"mock_phase": "read_complete", "rank": 7, "ret": 0, "bytes": 8388608}
{"mock_phase": "before_read", "rank": 7, "copies": 64, "bytes": 1048576}
{"mock_phase": "read_complete", "rank": 7, "ret": 0, "bytes": 1048576}
{"mock_phase": "before_read", "rank": 7, "copies": 64, "bytes": 1048576}
{"mock_phase": "read_complete", "rank": 7, "ret": 0, "bytes": 1048576}
{"mock_phase": "before_read", "rank": 7, "copies": 64, "bytes": 16384}
{"mock_phase": "read_complete", "rank": 7, "ret": 0, "bytes": 16384}
{"mock_phase": "before_read", "rank": 7, "copies": 64, "bytes": 16384}
{"mock_phase": "read_complete", "rank": 7, "ret": 0, "bytes": 16384}
{"mock_phase": "before_read", "rank": 7, "copies": 43, "bytes": 5636096}
{"mock_phase": "read_complete", "rank": 7, "ret": 0, "bytes": 5636096}
{"ok": true, "request_id": "cmpl-a222198e381f0642-0-846deb29", "ranks": [{"rank": 0, "bytes": 52903936, "read_s": 0.013747178949415684, "hash_s": 0.07077605044469237, "nonzero_groups": [0, 1, 2, 3, 4, 5, 6]}, {"rank": 1, "bytes": 52903936, "read_s": 0.01245476957410574, "hash_s": 0.06910193990916014, "nonzero_groups": [0, 1, 2, 3, 4, 5, 6]}, {"rank": 2, "bytes": 52903936, "read_s": 0.01253945892676711, "hash_s": 0.06924888817593455, "nonzero_groups": [0, 1, 2, 3, 4, 5, 6]}, {"rank": 3, "bytes": 52903936, "read_s": 0.01227081986144185, "hash_s": 0.07029417948797345, "nonzero_groups": [0, 1, 2, 3, 4, 5, 6]}, {"rank": 4, "bytes": 52903936, "read_s": 0.012391088996082544, "hash_s": 0.0701103201135993, "nonzero_groups": [0, 1, 2, 3, 4, 5, 6]}, {"rank": 5, "bytes": 52903936, "read_s": 0.012249409221112728, "hash_s": 0.07062341878190637, "nonzero_groups": [0, 1, 2, 3, 4, 5, 6]}, {"rank": 6, "bytes": 52903936, "read_s": 0.012184260413050652, "hash_s": 0.0694956099614501, "nonzero_groups": [0, 1, 2, 3, 4, 5, 6]}, {"rank": 7, "bytes": 52903936, "read_s": 0.012243331409990788, "hash_s": 0.07003611978143454, "nonzero_groups": [0, 1, 2, 3, 4, 5, 6]}], "bytes": 423231488, "consume_s": 0.7136602401733398, "ack_s": 0.0015887599438428879, "total_s": 0.7152492301538587, "hold_ms": 0}
127.0.0.1 - - [09/Oct/2026 07:59:05] "POST /consume HTTP/1.1" 200 -
{"mock_phase": "planned", "request_id": "cmpl-9d2b5920f0af1ed8-0-aba3121f", "rank": 0, "pages": 1579, "bytes": 52903936}
{"mock_phase": "before_read", "rank": 0, "copies": 64, "bytes": 4194304}
{"mock_phase": "read_complete", "rank": 0, "ret": 0, "bytes": 4194304}
{"mock_phase": "before_read", "rank": 0, "copies": 64, "bytes": 4194304}
{"mock_phase": "read_complete", "rank": 0, "ret": 0, "bytes": 4194304}
{"mock_phase": "before_read", "rank": 0, "copies": 64, "bytes": 524288}
{"mock_phase": "read_complete", "rank": 0, "ret": 0, "bytes": 524288}
{"mock_phase": "before_read", "rank": 0, "copies": 64, "bytes": 524288}
{"mock_phase": "read_complete", "rank": 0, "ret": 0, "bytes": 524288}
{"mock_phase": "before_read", "rank": 0, "copies": 64, "bytes": 8192}
{"mock_phase": "read_complete", "rank": 0, "ret": 0, "bytes": 8192}
{"mock_phase": "before_read", "rank": 0, "copies": 64, "bytes": 8192}
{"mock_phase": "read_complete", "rank": 0, "ret": 0, "bytes": 8192}
{"mock_phase": "before_read", "rank": 0, "copies": 64, "bytes": 4194304}
{"mock_phase": "read_complete", "rank": 0, "ret": 0, "bytes": 4194304}
{"mock_phase": "before_read", "rank": 0, "copies": 64, "bytes": 4194304}
{"mock_phase": "read_complete", "rank": 0, "ret": 0, "bytes": 4194304}
{"mock_phase": "before_read", "rank": 0, "copies": 64, "bytes": 524288}
{"mock_phase": "read_complete", "rank": 0, "ret": 0, "bytes": 524288}
{"mock_phase": "before_read", "rank": 0, "copies": 64, "bytes": 524288}
{"mock_phase": "read_complete", "rank": 0, "ret": 0, "bytes": 524288}
{"mock_phase": "before_read", "rank": 0, "copies": 64, "bytes": 8192}
{"mock_phase": "read_complete", "rank": 0, "ret": 0, "bytes": 8192}
{"mock_phase": "before_read", "rank": 0, "copies": 64, "bytes": 8192}
{"mock_phase": "read_complete", "rank": 0, "ret": 0, "bytes": 8192}
{"mock_phase": "before_read", "rank": 0, "copies": 64, "bytes": 4194304}
{"mock_phase": "read_complete", "rank": 0, "ret": 0, "bytes": 4194304}
{"mock_phase": "before_read", "rank": 0, "copies": 64, "bytes": 4194304}
{"mock_phase": "read_complete", "rank": 0, "ret": 0, "bytes": 4194304}
{"mock_phase": "before_read", "rank": 0, "copies": 64, "bytes": 524288}
{"mock_phase": "read_complete", "rank": 0, "ret": 0, "bytes": 524288}
{"mock_phase": "before_read", "rank": 0, "copies": 64, "bytes": 524288}
{"mock_phase": "read_complete", "rank": 0, "ret": 0, "bytes": 524288}
{"mock_phase": "before_read", "rank": 0, "copies": 64, "bytes": 8192}
{"mock_phase": "read_complete", "rank": 0, "ret": 0, "bytes": 8192}
{"mock_phase": "before_read", "rank": 0, "copies": 64, "bytes": 8192}
{"mock_phase": "read_complete", "rank": 0, "ret": 0, "bytes": 8192}
{"mock_phase": "before_read", "rank": 0, "copies": 64, "bytes": 8388608}
{"mock_phase": "read_complete", "rank": 0, "ret": 0, "bytes": 8388608}
{"mock_phase": "before_read", "rank": 0, "copies": 64, "bytes": 8388608}
{"mock_phase": "read_complete", "rank": 0, "ret": 0, "bytes": 8388608}
{"mock_phase": "before_read", "rank": 0, "copies": 64, "bytes": 1048576}
{"mock_phase": "read_complete", "rank": 0, "ret": 0, "bytes": 1048576}
{"mock_phase": "before_read", "rank": 0, "copies": 64, "bytes": 1048576}
{"mock_phase": "read_complete", "rank": 0, "ret": 0, "bytes": 1048576}
{"mock_phase": "before_read", "rank": 0, "copies": 64, "bytes": 16384}
{"mock_phase": "read_complete", "rank": 0, "ret": 0, "bytes": 16384}
{"mock_phase": "before_read", "rank": 0, "copies": 64, "bytes": 16384}
{"mock_phase": "read_complete", "rank": 0, "ret": 0, "bytes": 16384}
{"mock_phase": "before_read", "rank": 0, "copies": 43, "bytes": 5636096}
{"mock_phase": "read_complete", "rank": 0, "ret": 0, "bytes": 5636096}
{"mock_phase": "planned", "request_id": "cmpl-9d2b5920f0af1ed8-0-aba3121f", "rank": 1, "pages": 1579, "bytes": 52903936}
{"mock_phase": "before_read", "rank": 1, "copies": 64, "bytes": 4194304}
{"mock_phase": "read_complete", "rank": 1, "ret": 0, "bytes": 4194304}
{"mock_phase": "before_read", "rank": 1, "copies": 64, "bytes": 4194304}
{"mock_phase": "read_complete", "rank": 1, "ret": 0, "bytes": 4194304}
{"mock_phase": "before_read", "rank": 1, "copies": 64, "bytes": 524288}
{"mock_phase": "read_complete", "rank": 1, "ret": 0, "bytes": 524288}
{"mock_phase": "before_read", "rank": 1, "copies": 64, "bytes": 524288}
{"mock_phase": "read_complete", "rank": 1, "ret": 0, "bytes": 524288}
{"mock_phase": "before_read", "rank": 1, "copies": 64, "bytes": 8192}
{"mock_phase": "read_complete", "rank": 1, "ret": 0, "bytes": 8192}
{"mock_phase": "before_read", "rank": 1, "copies": 64, "bytes": 8192}
{"mock_phase": "read_complete", "rank": 1, "ret": 0, "bytes": 8192}
{"mock_phase": "before_read", "rank": 1, "copies": 64, "bytes": 4194304}
{"mock_phase": "read_complete", "rank": 1, "ret": 0, "bytes": 4194304}
{"mock_phase": "before_read", "rank": 1, "copies": 64, "bytes": 4194304}
{"mock_phase": "read_complete", "rank": 1, "ret": 0, "bytes": 4194304}
{"mock_phase": "before_read", "rank": 1, "copies": 64, "bytes": 524288}
{"mock_phase": "read_complete", "rank": 1, "ret": 0, "bytes": 524288}
{"mock_phase": "before_read", "rank": 1, "copies": 64, "bytes": 524288}
{"mock_phase": "read_complete", "rank": 1, "ret": 0, "bytes": 524288}
{"mock_phase": "before_read", "rank": 1, "copies": 64, "bytes": 8192}
{"mock_phase": "read_complete", "rank": 1, "ret": 0, "bytes": 8192}
{"mock_phase": "before_read", "rank": 1, "copies": 64, "bytes": 8192}
{"mock_phase": "read_complete", "rank": 1, "ret": 0, "bytes": 8192}
{"mock_phase": "before_read", "rank": 1, "copies": 64, "bytes": 4194304}
{"mock_phase": "read_complete", "rank": 1, "ret": 0, "bytes": 4194304}
{"mock_phase": "before_read", "rank": 1, "copies": 64, "bytes": 4194304}
{"mock_phase": "read_complete", "rank": 1, "ret": 0, "bytes": 4194304}
{"mock_phase": "before_read", "rank": 1, "copies": 64, "bytes": 524288}
{"mock_phase": "read_complete", "rank": 1, "ret": 0, "bytes": 524288}
{"mock_phase": "before_read", "rank": 1, "copies": 64, "bytes": 524288}
{"mock_phase": "read_complete", "rank": 1, "ret": 0, "bytes": 524288}
{"mock_phase": "before_read", "rank": 1, "copies": 64, "bytes": 8192}
{"mock_phase": "read_complete", "rank": 1, "ret": 0, "bytes": 8192}
{"mock_phase": "before_read", "rank": 1, "copies": 64, "bytes": 8192}
{"mock_phase": "read_complete", "rank": 1, "ret": 0, "bytes": 8192}
{"mock_phase": "before_read", "rank": 1, "copies": 64, "bytes": 8388608}
{"mock_phase": "read_complete", "rank": 1, "ret": 0, "bytes": 8388608}
{"mock_phase": "before_read", "rank": 1, "copies": 64, "bytes": 8388608}
{"mock_phase": "read_complete", "rank": 1, "ret": 0, "bytes": 8388608}
{"mock_phase": "before_read", "rank": 1, "copies": 64, "bytes": 1048576}
{"mock_phase": "read_complete", "rank": 1, "ret": 0, "bytes": 1048576}
{"mock_phase": "before_read", "rank": 1, "copies": 64, "bytes": 1048576}
{"mock_phase": "read_complete", "rank": 1, "ret": 0, "bytes": 1048576}
{"mock_phase": "before_read", "rank": 1, "copies": 64, "bytes": 16384}
{"mock_phase": "read_complete", "rank": 1, "ret": 0, "bytes": 16384}
{"mock_phase": "before_read", "rank": 1, "copies": 64, "bytes": 16384}
{"mock_phase": "read_complete", "rank": 1, "ret": 0, "bytes": 16384}
{"mock_phase": "before_read", "rank": 1, "copies": 43, "bytes": 5636096}
{"mock_phase": "read_complete", "rank": 1, "ret": 0, "bytes": 5636096}
{"mock_phase": "planned", "request_id": "cmpl-9d2b5920f0af1ed8-0-aba3121f", "rank": 2, "pages": 1579, "bytes": 52903936}
{"mock_phase": "before_read", "rank": 2, "copies": 64, "bytes": 4194304}
{"mock_phase": "read_complete", "rank": 2, "ret": 0, "bytes": 4194304}
{"mock_phase": "before_read", "rank": 2, "copies": 64, "bytes": 4194304}
{"mock_phase": "read_complete", "rank": 2, "ret": 0, "bytes": 4194304}
{"mock_phase": "before_read", "rank": 2, "copies": 64, "bytes": 524288}
{"mock_phase": "read_complete", "rank": 2, "ret": 0, "bytes": 524288}
{"mock_phase": "before_read", "rank": 2, "copies": 64, "bytes": 524288}
{"mock_phase": "read_complete", "rank": 2, "ret": 0, "bytes": 524288}
{"mock_phase": "before_read", "rank": 2, "copies": 64, "bytes": 8192}
{"mock_phase": "read_complete", "rank": 2, "ret": 0, "bytes": 8192}
{"mock_phase": "before_read", "rank": 2, "copies": 64, "bytes": 8192}
{"mock_phase": "read_complete", "rank": 2, "ret": 0, "bytes": 8192}
{"mock_phase": "before_read", "rank": 2, "copies": 64, "bytes": 4194304}
{"mock_phase": "read_complete", "rank": 2, "ret": 0, "bytes": 4194304}
{"mock_phase": "before_read", "rank": 2, "copies": 64, "bytes": 4194304}
{"mock_phase": "read_complete", "rank": 2, "ret": 0, "bytes": 4194304}
{"mock_phase": "before_read", "rank": 2, "copies": 64, "bytes": 524288}
{"mock_phase": "read_complete", "rank": 2, "ret": 0, "bytes": 524288}
{"mock_phase": "before_read", "rank": 2, "copies": 64, "bytes": 524288}
{"mock_phase": "read_complete", "rank": 2, "ret": 0, "bytes": 524288}
{"mock_phase": "before_read", "rank": 2, "copies": 64, "bytes": 8192}
{"mock_phase": "read_complete", "rank": 2, "ret": 0, "bytes": 8192}
{"mock_phase": "before_read", "rank": 2, "copies": 64, "bytes": 8192}
{"mock_phase": "read_complete", "rank": 2, "ret": 0, "bytes": 8192}
{"mock_phase": "before_read", "rank": 2, "copies": 64, "bytes": 4194304}
{"mock_phase": "read_complete", "rank": 2, "ret": 0, "bytes": 4194304}
{"mock_phase": "before_read", "rank": 2, "copies": 64, "bytes": 4194304}
{"mock_phase": "read_complete", "rank": 2, "ret": 0, "bytes": 4194304}
{"mock_phase": "before_read", "rank": 2, "copies": 64, "bytes": 524288}
{"mock_phase": "read_complete", "rank": 2, "ret": 0, "bytes": 524288}
{"mock_phase": "before_read", "rank": 2, "copies": 64, "bytes": 524288}
{"mock_phase": "read_complete", "rank": 2, "ret": 0, "bytes": 524288}
{"mock_phase": "before_read", "rank": 2, "copies": 64, "bytes": 8192}
{"mock_phase": "read_complete", "rank": 2, "ret": 0, "bytes": 8192}
{"mock_phase": "before_read", "rank": 2, "copies": 64, "bytes": 8192}
{"mock_phase": "read_complete", "rank": 2, "ret": 0, "bytes": 8192}
{"mock_phase": "before_read", "rank": 2, "copies": 64, "bytes": 8388608}
{"mock_phase": "read_complete", "rank": 2, "ret": 0, "bytes": 8388608}
{"mock_phase": "before_read", "rank": 2, "copies": 64, "bytes": 8388608}
{"mock_phase": "read_complete", "rank": 2, "ret": 0, "bytes": 8388608}
{"mock_phase": "before_read", "rank": 2, "copies": 64, "bytes": 1048576}
{"mock_phase": "read_complete", "rank": 2, "ret": 0, "bytes": 1048576}
{"mock_phase": "before_read", "rank": 2, "copies": 64, "bytes": 1048576}
{"mock_phase": "read_complete", "rank": 2, "ret": 0, "bytes": 1048576}
{"mock_phase": "before_read", "rank": 2, "copies": 64, "bytes": 16384}
{"mock_phase": "read_complete", "rank": 2, "ret": 0, "bytes": 16384}
{"mock_phase": "before_read", "rank": 2, "copies": 64, "bytes": 16384}
{"mock_phase": "read_complete", "rank": 2, "ret": 0, "bytes": 16384}
{"mock_phase": "before_read", "rank": 2, "copies": 43, "bytes": 5636096}
{"mock_phase": "read_complete", "rank": 2, "ret": 0, "bytes": 5636096}
{"mock_phase": "planned", "request_id": "cmpl-9d2b5920f0af1ed8-0-aba3121f", "rank": 3, "pages": 1579, "bytes": 52903936}
{"mock_phase": "before_read", "rank": 3, "copies": 64, "bytes": 4194304}
{"mock_phase": "read_complete", "rank": 3, "ret": 0, "bytes": 4194304}
{"mock_phase": "before_read", "rank": 3, "copies": 64, "bytes": 4194304}
{"mock_phase": "read_complete", "rank": 3, "ret": 0, "bytes": 4194304}
{"mock_phase": "before_read", "rank": 3, "copies": 64, "bytes": 524288}
{"mock_phase": "read_complete", "rank": 3, "ret": 0, "bytes": 524288}
{"mock_phase": "before_read", "rank": 3, "copies": 64, "bytes": 524288}
{"mock_phase": "read_complete", "rank": 3, "ret": 0, "bytes": 524288}
{"mock_phase": "before_read", "rank": 3, "copies": 64, "bytes": 8192}
{"mock_phase": "read_complete", "rank": 3, "ret": 0, "bytes": 8192}
{"mock_phase": "before_read", "rank": 3, "copies": 64, "bytes": 8192}
{"mock_phase": "read_complete", "rank": 3, "ret": 0, "bytes": 8192}
{"mock_phase": "before_read", "rank": 3, "copies": 64, "bytes": 4194304}
{"mock_phase": "read_complete", "rank": 3, "ret": 0, "bytes": 4194304}
{"mock_phase": "before_read", "rank": 3, "copies": 64, "bytes": 4194304}
{"mock_phase": "read_complete", "rank": 3, "ret": 0, "bytes": 4194304}
{"mock_phase": "before_read", "rank": 3, "copies": 64, "bytes": 524288}
{"mock_phase": "read_complete", "rank": 3, "ret": 0, "bytes": 524288}
{"mock_phase": "before_read", "rank": 3, "copies": 64, "bytes": 524288}
{"mock_phase": "read_complete", "rank": 3, "ret": 0, "bytes": 524288}
{"mock_phase": "before_read", "rank": 3, "copies": 64, "bytes": 8192}
{"mock_phase": "read_complete", "rank": 3, "ret": 0, "bytes": 8192}
{"mock_phase": "before_read", "rank": 3, "copies": 64, "bytes": 8192}
{"mock_phase": "read_complete", "rank": 3, "ret": 0, "bytes": 8192}
{"mock_phase": "before_read", "rank": 3, "copies": 64, "bytes": 4194304}
{"mock_phase": "read_complete", "rank": 3, "ret": 0, "bytes": 4194304}
{"mock_phase": "before_read", "rank": 3, "copies": 64, "bytes": 4194304}
{"mock_phase": "read_complete", "rank": 3, "ret": 0, "bytes": 4194304}
{"mock_phase": "before_read", "rank": 3, "copies": 64, "bytes": 524288}
{"mock_phase": "read_complete", "rank": 3, "ret": 0, "bytes": 524288}
{"mock_phase": "before_read", "rank": 3, "copies": 64, "bytes": 524288}
{"mock_phase": "read_complete", "rank": 3, "ret": 0, "bytes": 524288}
{"mock_phase": "before_read", "rank": 3, "copies": 64, "bytes": 8192}
{"mock_phase": "read_complete", "rank": 3, "ret": 0, "bytes": 8192}
{"mock_phase": "before_read", "rank": 3, "copies": 64, "bytes": 8192}
{"mock_phase": "read_complete", "rank": 3, "ret": 0, "bytes": 8192}
{"mock_phase": "before_read", "rank": 3, "copies": 64, "bytes": 8388608}
{"mock_phase": "read_complete", "rank": 3, "ret": 0, "bytes": 8388608}
{"mock_phase": "before_read", "rank": 3, "copies": 64, "bytes": 8388608}
{"mock_phase": "read_complete", "rank": 3, "ret": 0, "bytes": 8388608}
{"mock_phase": "before_read", "rank": 3, "copies": 64, "bytes": 1048576}
{"mock_phase": "read_complete", "rank": 3, "ret": 0, "bytes": 1048576}
{"mock_phase": "before_read", "rank": 3, "copies": 64, "bytes": 1048576}
{"mock_phase": "read_complete", "rank": 3, "ret": 0, "bytes": 1048576}
{"mock_phase": "before_read", "rank": 3, "copies": 64, "bytes": 16384}
{"mock_phase": "read_complete", "rank": 3, "ret": 0, "bytes": 16384}
{"mock_phase": "before_read", "rank": 3, "copies": 64, "bytes": 16384}
{"mock_phase": "read_complete", "rank": 3, "ret": 0, "bytes": 16384}
{"mock_phase": "before_read", "rank": 3, "copies": 43, "bytes": 5636096}
{"mock_phase": "read_complete", "rank": 3, "ret": 0, "bytes": 5636096}
{"mock_phase": "planned", "request_id": "cmpl-9d2b5920f0af1ed8-0-aba3121f", "rank": 4, "pages": 1579, "bytes": 52903936}
{"mock_phase": "before_read", "rank": 4, "copies": 64, "bytes": 4194304}
{"mock_phase": "read_complete", "rank": 4, "ret": 0, "bytes": 4194304}
{"mock_phase": "before_read", "rank": 4, "copies": 64, "bytes": 4194304}
{"mock_phase": "read_complete", "rank": 4, "ret": 0, "bytes": 4194304}
{"mock_phase": "before_read", "rank": 4, "copies": 64, "bytes": 524288}
{"mock_phase": "read_complete", "rank": 4, "ret": 0, "bytes": 524288}
{"mock_phase": "before_read", "rank": 4, "copies": 64, "bytes": 524288}
{"mock_phase": "read_complete", "rank": 4, "ret": 0, "bytes": 524288}
{"mock_phase": "before_read", "rank": 4, "copies": 64, "bytes": 8192}
{"mock_phase": "read_complete", "rank": 4, "ret": 0, "bytes": 8192}
{"mock_phase": "before_read", "rank": 4, "copies": 64, "bytes": 8192}
{"mock_phase": "read_complete", "rank": 4, "ret": 0, "bytes": 8192}
{"mock_phase": "before_read", "rank": 4, "copies": 64, "bytes": 4194304}
{"mock_phase": "read_complete", "rank": 4, "ret": 0, "bytes": 4194304}
{"mock_phase": "before_read", "rank": 4, "copies": 64, "bytes": 4194304}
{"mock_phase": "read_complete", "rank": 4, "ret": 0, "bytes": 4194304}
{"mock_phase": "before_read", "rank": 4, "copies": 64, "bytes": 524288}
{"mock_phase": "read_complete", "rank": 4, "ret": 0, "bytes": 524288}
{"mock_phase": "before_read", "rank": 4, "copies": 64, "bytes": 524288}
{"mock_phase": "read_complete", "rank": 4, "ret": 0, "bytes": 524288}
{"mock_phase": "before_read", "rank": 4, "copies": 64, "bytes": 8192}
{"mock_phase": "read_complete", "rank": 4, "ret": 0, "bytes": 8192}
{"mock_phase": "before_read", "rank": 4, "copies": 64, "bytes": 8192}
{"mock_phase": "read_complete", "rank": 4, "ret": 0, "bytes": 8192}
{"mock_phase": "before_read", "rank": 4, "copies": 64, "bytes": 4194304}
{"mock_phase": "read_complete", "rank": 4, "ret": 0, "bytes": 4194304}
{"mock_phase": "before_read", "rank": 4, "copies": 64, "bytes": 4194304}
{"mock_phase": "read_complete", "rank": 4, "ret": 0, "bytes": 4194304}
{"mock_phase": "before_read", "rank": 4, "copies": 64, "bytes": 524288}
{"mock_phase": "read_complete", "rank": 4, "ret": 0, "bytes": 524288}
{"mock_phase": "before_read", "rank": 4, "copies": 64, "bytes": 524288}
{"mock_phase": "read_complete", "rank": 4, "ret": 0, "bytes": 524288}
{"mock_phase": "before_read", "rank": 4, "copies": 64, "bytes": 8192}
{"mock_phase": "read_complete", "rank": 4, "ret": 0, "bytes": 8192}
{"mock_phase": "before_read", "rank": 4, "copies": 64, "bytes": 8192}
{"mock_phase": "read_complete", "rank": 4, "ret": 0, "bytes": 8192}
{"mock_phase": "before_read", "rank": 4, "copies": 64, "bytes": 8388608}
{"mock_phase": "read_complete", "rank": 4, "ret": 0, "bytes": 8388608}
{"mock_phase": "before_read", "rank": 4, "copies": 64, "bytes": 8388608}
{"mock_phase": "read_complete", "rank": 4, "ret": 0, "bytes": 8388608}
{"mock_phase": "before_read", "rank": 4, "copies": 64, "bytes": 1048576}
{"mock_phase": "read_complete", "rank": 4, "ret": 0, "bytes": 1048576}
{"mock_phase": "before_read", "rank": 4, "copies": 64, "bytes": 1048576}
{"mock_phase": "read_complete", "rank": 4, "ret": 0, "bytes": 1048576}
{"mock_phase": "before_read", "rank": 4, "copies": 64, "bytes": 16384}
{"mock_phase": "read_complete", "rank": 4, "ret": 0, "bytes": 16384}
{"mock_phase": "before_read", "rank": 4, "copies": 64, "bytes": 16384}
{"mock_phase": "read_complete", "rank": 4, "ret": 0, "bytes": 16384}
{"mock_phase": "before_read", "rank": 4, "copies": 43, "bytes": 5636096}
{"mock_phase": "read_complete", "rank": 4, "ret": 0, "bytes": 5636096}
{"mock_phase": "planned", "request_id": "cmpl-9d2b5920f0af1ed8-0-aba3121f", "rank": 5, "pages": 1579, "bytes": 52903936}
{"mock_phase": "before_read", "rank": 5, "copies": 64, "bytes": 4194304}
{"mock_phase": "read_complete", "rank": 5, "ret": 0, "bytes": 4194304}
{"mock_phase": "before_read", "rank": 5, "copies": 64, "bytes": 4194304}
{"mock_phase": "read_complete", "rank": 5, "ret": 0, "bytes": 4194304}
{"mock_phase": "before_read", "rank": 5, "copies": 64, "bytes": 524288}
{"mock_phase": "read_complete", "rank": 5, "ret": 0, "bytes": 524288}
{"mock_phase": "before_read", "rank": 5, "copies": 64, "bytes": 524288}
{"mock_phase": "read_complete", "rank": 5, "ret": 0, "bytes": 524288}
{"mock_phase": "before_read", "rank": 5, "copies": 64, "bytes": 8192}
{"mock_phase": "read_complete", "rank": 5, "ret": 0, "bytes": 8192}
{"mock_phase": "before_read", "rank": 5, "copies": 64, "bytes": 8192}
{"mock_phase": "read_complete", "rank": 5, "ret": 0, "bytes": 8192}
{"mock_phase": "before_read", "rank": 5, "copies": 64, "bytes": 4194304}
{"mock_phase": "read_complete", "rank": 5, "ret": 0, "bytes": 4194304}
{"mock_phase": "before_read", "rank": 5, "copies": 64, "bytes": 4194304}
{"mock_phase": "read_complete", "rank": 5, "ret": 0, "bytes": 4194304}
{"mock_phase": "before_read", "rank": 5, "copies": 64, "bytes": 524288}
{"mock_phase": "read_complete", "rank": 5, "ret": 0, "bytes": 524288}
{"mock_phase": "before_read", "rank": 5, "copies": 64, "bytes": 524288}
{"mock_phase": "read_complete", "rank": 5, "ret": 0, "bytes": 524288}
{"mock_phase": "before_read", "rank": 5, "copies": 64, "bytes": 8192}
{"mock_phase": "read_complete", "rank": 5, "ret": 0, "bytes": 8192}
{"mock_phase": "before_read", "rank": 5, "copies": 64, "bytes": 8192}
{"mock_phase": "read_complete", "rank": 5, "ret": 0, "bytes": 8192}
{"mock_phase": "before_read", "rank": 5, "copies": 64, "bytes": 4194304}
{"mock_phase": "read_complete", "rank": 5, "ret": 0, "bytes": 4194304}
{"mock_phase": "before_read", "rank": 5, "copies": 64, "bytes": 4194304}
{"mock_phase": "read_complete", "rank": 5, "ret": 0, "bytes": 4194304}
{"mock_phase": "before_read", "rank": 5, "copies": 64, "bytes": 524288}
{"mock_phase": "read_complete", "rank": 5, "ret": 0, "bytes": 524288}
{"mock_phase": "before_read", "rank": 5, "copies": 64, "bytes": 524288}
{"mock_phase": "read_complete", "rank": 5, "ret": 0, "bytes": 524288}
{"mock_phase": "before_read", "rank": 5, "copies": 64, "bytes": 8192}
{"mock_phase": "read_complete", "rank": 5, "ret": 0, "bytes": 8192}
{"mock_phase": "before_read", "rank": 5, "copies": 64, "bytes": 8192}
{"mock_phase": "read_complete", "rank": 5, "ret": 0, "bytes": 8192}
{"mock_phase": "before_read", "rank": 5, "copies": 64, "bytes": 8388608}
{"mock_phase": "read_complete", "rank": 5, "ret": 0, "bytes": 8388608}
{"mock_phase": "before_read", "rank": 5, "copies": 64, "bytes": 8388608}
{"mock_phase": "read_complete", "rank": 5, "ret": 0, "bytes": 8388608}
{"mock_phase": "before_read", "rank": 5, "copies": 64, "bytes": 1048576}
{"mock_phase": "read_complete", "rank": 5, "ret": 0, "bytes": 1048576}
{"mock_phase": "before_read", "rank": 5, "copies": 64, "bytes": 1048576}
{"mock_phase": "read_complete", "rank": 5, "ret": 0, "bytes": 1048576}
{"mock_phase": "before_read", "rank": 5, "copies": 64, "bytes": 16384}
{"mock_phase": "read_complete", "rank": 5, "ret": 0, "bytes": 16384}
{"mock_phase": "before_read", "rank": 5, "copies": 64, "bytes": 16384}
{"mock_phase": "read_complete", "rank": 5, "ret": 0, "bytes": 16384}
{"mock_phase": "before_read", "rank": 5, "copies": 43, "bytes": 5636096}
{"mock_phase": "read_complete", "rank": 5, "ret": 0, "bytes": 5636096}
{"mock_phase": "planned", "request_id": "cmpl-9d2b5920f0af1ed8-0-aba3121f", "rank": 6, "pages": 1579, "bytes": 52903936}
{"mock_phase": "before_read", "rank": 6, "copies": 64, "bytes": 4194304}
{"mock_phase": "read_complete", "rank": 6, "ret": 0, "bytes": 4194304}
{"mock_phase": "before_read", "rank": 6, "copies": 64, "bytes": 4194304}
{"mock_phase": "read_complete", "rank": 6, "ret": 0, "bytes": 4194304}
{"mock_phase": "before_read", "rank": 6, "copies": 64, "bytes": 524288}
{"mock_phase": "read_complete", "rank": 6, "ret": 0, "bytes": 524288}
{"mock_phase": "before_read", "rank": 6, "copies": 64, "bytes": 524288}
{"mock_phase": "read_complete", "rank": 6, "ret": 0, "bytes": 524288}
{"mock_phase": "before_read", "rank": 6, "copies": 64, "bytes": 8192}
{"mock_phase": "read_complete", "rank": 6, "ret": 0, "bytes": 8192}
{"mock_phase": "before_read", "rank": 6, "copies": 64, "bytes": 8192}
{"mock_phase": "read_complete", "rank": 6, "ret": 0, "bytes": 8192}
{"mock_phase": "before_read", "rank": 6, "copies": 64, "bytes": 4194304}
{"mock_phase": "read_complete", "rank": 6, "ret": 0, "bytes": 4194304}
{"mock_phase": "before_read", "rank": 6, "copies": 64, "bytes": 4194304}
{"mock_phase": "read_complete", "rank": 6, "ret": 0, "bytes": 4194304}
{"mock_phase": "before_read", "rank": 6, "copies": 64, "bytes": 524288}
{"mock_phase": "read_complete", "rank": 6, "ret": 0, "bytes": 524288}
{"mock_phase": "before_read", "rank": 6, "copies": 64, "bytes": 524288}
{"mock_phase": "read_complete", "rank": 6, "ret": 0, "bytes": 524288}
{"mock_phase": "before_read", "rank": 6, "copies": 64, "bytes": 8192}
{"mock_phase": "read_complete", "rank": 6, "ret": 0, "bytes": 8192}
{"mock_phase": "before_read", "rank": 6, "copies": 64, "bytes": 8192}
{"mock_phase": "read_complete", "rank": 6, "ret": 0, "bytes": 8192}
{"mock_phase": "before_read", "rank": 6, "copies": 64, "bytes": 4194304}
{"mock_phase": "read_complete", "rank": 6, "ret": 0, "bytes": 4194304}
{"mock_phase": "before_read", "rank": 6, "copies": 64, "bytes": 4194304}
{"mock_phase": "read_complete", "rank": 6, "ret": 0, "bytes": 4194304}
{"mock_phase": "before_read", "rank": 6, "copies": 64, "bytes": 524288}
{"mock_phase": "read_complete", "rank": 6, "ret": 0, "bytes": 524288}
{"mock_phase": "before_read", "rank": 6, "copies": 64, "bytes": 524288}
{"mock_phase": "read_complete", "rank": 6, "ret": 0, "bytes": 524288}
{"mock_phase": "before_read", "rank": 6, "copies": 64, "bytes": 8192}
{"mock_phase": "read_complete", "rank": 6, "ret": 0, "bytes": 8192}
{"mock_phase": "before_read", "rank": 6, "copies": 64, "bytes": 8192}
{"mock_phase": "read_complete", "rank": 6, "ret": 0, "bytes": 8192}
{"mock_phase": "before_read", "rank": 6, "copies": 64, "bytes": 8388608}
{"mock_phase": "read_complete", "rank": 6, "ret": 0, "bytes": 8388608}
{"mock_phase": "before_read", "rank": 6, "copies": 64, "bytes": 8388608}
{"mock_phase": "read_complete", "rank": 6, "ret": 0, "bytes": 8388608}
{"mock_phase": "before_read", "rank": 6, "copies": 64, "bytes": 1048576}
{"mock_phase": "read_complete", "rank": 6, "ret": 0, "bytes": 1048576}
{"mock_phase": "before_read", "rank": 6, "copies": 64, "bytes": 1048576}
{"mock_phase": "read_complete", "rank": 6, "ret": 0, "bytes": 1048576}
{"mock_phase": "before_read", "rank": 6, "copies": 64, "bytes": 16384}
{"mock_phase": "read_complete", "rank": 6, "ret": 0, "bytes": 16384}
{"mock_phase": "before_read", "rank": 6, "copies": 64, "bytes": 16384}
{"mock_phase": "read_complete", "rank": 6, "ret": 0, "bytes": 16384}
{"mock_phase": "before_read", "rank": 6, "copies": 43, "bytes": 5636096}
{"mock_phase": "read_complete", "rank": 6, "ret": 0, "bytes": 5636096}
{"mock_phase": "planned", "request_id": "cmpl-9d2b5920f0af1ed8-0-aba3121f", "rank": 7, "pages": 1579, "bytes": 52903936}
{"mock_phase": "before_read", "rank": 7, "copies": 64, "bytes": 4194304}
{"mock_phase": "read_complete", "rank": 7, "ret": 0, "bytes": 4194304}
{"mock_phase": "before_read", "rank": 7, "copies": 64, "bytes": 4194304}
{"mock_phase": "read_complete", "rank": 7, "ret": 0, "bytes": 4194304}
{"mock_phase": "before_read", "rank": 7, "copies": 64, "bytes": 524288}
{"mock_phase": "read_complete", "rank": 7, "ret": 0, "bytes": 524288}
{"mock_phase": "before_read", "rank": 7, "copies": 64, "bytes": 524288}
{"mock_phase": "read_complete", "rank": 7, "ret": 0, "bytes": 524288}
{"mock_phase": "before_read", "rank": 7, "copies": 64, "bytes": 8192}
{"mock_phase": "read_complete", "rank": 7, "ret": 0, "bytes": 8192}
{"mock_phase": "before_read", "rank": 7, "copies": 64, "bytes": 8192}
{"mock_phase": "read_complete", "rank": 7, "ret": 0, "bytes": 8192}
{"mock_phase": "before_read", "rank": 7, "copies": 64, "bytes": 4194304}
{"mock_phase": "read_complete", "rank": 7, "ret": 0, "bytes": 4194304}
{"mock_phase": "before_read", "rank": 7, "copies": 64, "bytes": 4194304}
{"mock_phase": "read_complete", "rank": 7, "ret": 0, "bytes": 4194304}
{"mock_phase": "before_read", "rank": 7, "copies": 64, "bytes": 524288}
{"mock_phase": "read_complete", "rank": 7, "ret": 0, "bytes": 524288}
{"mock_phase": "before_read", "rank": 7, "copies": 64, "bytes": 524288}
{"mock_phase": "read_complete", "rank": 7, "ret": 0, "bytes": 524288}
{"mock_phase": "before_read", "rank": 7, "copies": 64, "bytes": 8192}
{"mock_phase": "read_complete", "rank": 7, "ret": 0, "bytes": 8192}
{"mock_phase": "before_read", "rank": 7, "copies": 64, "bytes": 8192}
{"mock_phase": "read_complete", "rank": 7, "ret": 0, "bytes": 8192}
{"mock_phase": "before_read", "rank": 7, "copies": 64, "bytes": 4194304}
{"mock_phase": "read_complete", "rank": 7, "ret": 0, "bytes": 4194304}
{"mock_phase": "before_read", "rank": 7, "copies": 64, "bytes": 4194304}
{"mock_phase": "read_complete", "rank": 7, "ret": 0, "bytes": 4194304}
{"mock_phase": "before_read", "rank": 7, "copies": 64, "bytes": 524288}
{"mock_phase": "read_complete", "rank": 7, "ret": 0, "bytes": 524288}
{"mock_phase": "before_read", "rank": 7, "copies": 64, "bytes": 524288}
{"mock_phase": "read_complete", "rank": 7, "ret": 0, "bytes": 524288}
{"mock_phase": "before_read", "rank": 7, "copies": 64, "bytes": 8192}
{"mock_phase": "read_complete", "rank": 7, "ret": 0, "bytes": 8192}
{"mock_phase": "before_read", "rank": 7, "copies": 64, "bytes": 8192}
{"mock_phase": "read_complete", "rank": 7, "ret": 0, "bytes": 8192}
{"mock_phase": "before_read", "rank": 7, "copies": 64, "bytes": 8388608}
{"mock_phase": "read_complete", "rank": 7, "ret": 0, "bytes": 8388608}
{"mock_phase": "before_read", "rank": 7, "copies": 64, "bytes": 8388608}
{"mock_phase": "read_complete", "rank": 7, "ret": 0, "bytes": 8388608}
{"mock_phase": "before_read", "rank": 7, "copies": 64, "bytes": 1048576}
{"mock_phase": "read_complete", "rank": 7, "ret": 0, "bytes": 1048576}
{"mock_phase": "before_read", "rank": 7, "copies": 64, "bytes": 1048576}
{"mock_phase": "read_complete", "rank": 7, "ret": 0, "bytes": 1048576}
{"mock_phase": "before_read", "rank": 7, "copies": 64, "bytes": 16384}
{"mock_phase": "read_complete", "rank": 7, "ret": 0, "bytes": 16384}
{"mock_phase": "before_read", "rank": 7, "copies": 64, "bytes": 16384}
{"mock_phase": "read_complete", "rank": 7, "ret": 0, "bytes": 16384}
{"mock_phase": "before_read", "rank": 7, "copies": 43, "bytes": 5636096}
{"mock_phase": "read_complete", "rank": 7, "ret": 0, "bytes": 5636096}
{"ok": true, "request_id": "cmpl-9d2b5920f0af1ed8-0-aba3121f", "ranks": [{"rank": 0, "bytes": 52903936, "read_s": 0.015847850125283003, "hash_s": 0.07202496007084846, "nonzero_groups": [0, 1, 2, 3, 4, 5, 6]}, {"rank": 1, "bytes": 52903936, "read_s": 0.014647932257503271, "hash_s": 0.07189867133274674, "nonzero_groups": [0, 1, 2, 3, 4, 5, 6]}, {"rank": 2, "bytes": 52903936, "read_s": 0.014211009722203016, "hash_s": 0.07053932966664433, "nonzero_groups": [0, 1, 2, 3, 4, 5, 6]}, {"rank": 3, "bytes": 52903936, "read_s": 0.013771449215710163, "hash_s": 0.07181161036714911, "nonzero_groups": [0, 1, 2, 3, 4, 5, 6]}, {"rank": 4, "bytes": 52903936, "read_s": 0.013927840627729893, "hash_s": 0.0711364895105362, "nonzero_groups": [0, 1, 2, 3, 4, 5, 6]}, {"rank": 5, "bytes": 52903936, "read_s": 0.014830699190497398, "hash_s": 0.07152460003271699, "nonzero_groups": [0, 1, 2, 3, 4, 5, 6]}, {"rank": 6, "bytes": 52903936, "read_s": 0.014083969872444868, "hash_s": 0.07212851149961352, "nonzero_groups": [0, 1, 2, 3, 4, 5, 6]}, {"rank": 7, "bytes": 52903936, "read_s": 0.013590299990028143, "hash_s": 0.0713481092825532, "nonzero_groups": [0, 1, 2, 3, 4, 5, 6]}], "bytes": 423231488, "consume_s": 0.7444199100136757, "ack_s": 0.0024119000881910324, "total_s": 0.7468319702893496, "hold_ms": 0}
127.0.0.1 - - [09/Oct/2026 07:59:07] "POST /consume HTTP/1.1" 200 -
{"mock_phase": "planned", "request_id": "cmpl-b84ac909b08d0e7a-0-9158aa6f", "rank": 0, "pages": 1579, "bytes": 52903936}
{"mock_phase": "before_read", "rank": 0, "copies": 64, "bytes": 4194304}
{"mock_phase": "read_complete", "rank": 0, "ret": 0, "bytes": 4194304}
{"mock_phase": "before_read", "rank": 0, "copies": 64, "bytes": 4194304}
{"mock_phase": "read_complete", "rank": 0, "ret": 0, "bytes": 4194304}
{"mock_phase": "before_read", "rank": 0, "copies": 64, "bytes": 524288}
{"mock_phase": "read_complete", "rank": 0, "ret": 0, "bytes": 524288}
{"mock_phase": "before_read", "rank": 0, "copies": 64, "bytes": 524288}
{"mock_phase": "read_complete", "rank": 0, "ret": 0, "bytes": 524288}
{"mock_phase": "before_read", "rank": 0, "copies": 64, "bytes": 8192}
{"mock_phase": "read_complete", "rank": 0, "ret": 0, "bytes": 8192}
{"mock_phase": "before_read", "rank": 0, "copies": 64, "bytes": 8192}
{"mock_phase": "read_complete", "rank": 0, "ret": 0, "bytes": 8192}
{"mock_phase": "before_read", "rank": 0, "copies": 64, "bytes": 4194304}
{"mock_phase": "read_complete", "rank": 0, "ret": 0, "bytes": 4194304}
{"mock_phase": "before_read", "rank": 0, "copies": 64, "bytes": 4194304}
{"mock_phase": "read_complete", "rank": 0, "ret": 0, "bytes": 4194304}
{"mock_phase": "before_read", "rank": 0, "copies": 64, "bytes": 524288}
{"mock_phase": "read_complete", "rank": 0, "ret": 0, "bytes": 524288}
{"mock_phase": "before_read", "rank": 0, "copies": 64, "bytes": 524288}
{"mock_phase": "read_complete", "rank": 0, "ret": 0, "bytes": 524288}
{"mock_phase": "before_read", "rank": 0, "copies": 64, "bytes": 8192}
{"mock_phase": "read_complete", "rank": 0, "ret": 0, "bytes": 8192}
{"mock_phase": "before_read", "rank": 0, "copies": 64, "bytes": 8192}
{"mock_phase": "read_complete", "rank": 0, "ret": 0, "bytes": 8192}
{"mock_phase": "before_read", "rank": 0, "copies": 64, "bytes": 4194304}
{"mock_phase": "read_complete", "rank": 0, "ret": 0, "bytes": 4194304}
{"mock_phase": "before_read", "rank": 0, "copies": 64, "bytes": 4194304}
{"mock_phase": "read_complete", "rank": 0, "ret": 0, "bytes": 4194304}
{"mock_phase": "before_read", "rank": 0, "copies": 64, "bytes": 524288}
{"mock_phase": "read_complete", "rank": 0, "ret": 0, "bytes": 524288}
{"mock_phase": "before_read", "rank": 0, "copies": 64, "bytes": 524288}
{"mock_phase": "read_complete", "rank": 0, "ret": 0, "bytes": 524288}
{"mock_phase": "before_read", "rank": 0, "copies": 64, "bytes": 8192}
{"mock_phase": "read_complete", "rank": 0, "ret": 0, "bytes": 8192}
{"mock_phase": "before_read", "rank": 0, "copies": 64, "bytes": 8192}
{"mock_phase": "read_complete", "rank": 0, "ret": 0, "bytes": 8192}
{"mock_phase": "before_read", "rank": 0, "copies": 64, "bytes": 8388608}
{"mock_phase": "read_complete", "rank": 0, "ret": 0, "bytes": 8388608}
{"mock_phase": "before_read", "rank": 0, "copies": 64, "bytes": 8388608}
{"mock_phase": "read_complete", "rank": 0, "ret": 0, "bytes": 8388608}
{"mock_phase": "before_read", "rank": 0, "copies": 64, "bytes": 1048576}
{"mock_phase": "read_complete", "rank": 0, "ret": 0, "bytes": 1048576}
{"mock_phase": "before_read", "rank": 0, "copies": 64, "bytes": 1048576}
{"mock_phase": "read_complete", "rank": 0, "ret": 0, "bytes": 1048576}
{"mock_phase": "before_read", "rank": 0, "copies": 64, "bytes": 16384}
{"mock_phase": "read_complete", "rank": 0, "ret": 0, "bytes": 16384}
{"mock_phase": "before_read", "rank": 0, "copies": 64, "bytes": 16384}
{"mock_phase": "read_complete", "rank": 0, "ret": 0, "bytes": 16384}
{"mock_phase": "before_read", "rank": 0, "copies": 43, "bytes": 5636096}
{"mock_phase": "read_complete", "rank": 0, "ret": 0, "bytes": 5636096}
{"mock_phase": "planned", "request_id": "cmpl-b84ac909b08d0e7a-0-9158aa6f", "rank": 1, "pages": 1579, "bytes": 52903936}
{"mock_phase": "before_read", "rank": 1, "copies": 64, "bytes": 4194304}
{"mock_phase": "read_complete", "rank": 1, "ret": 0, "bytes": 4194304}
{"mock_phase": "before_read", "rank": 1, "copies": 64, "bytes": 4194304}
{"mock_phase": "read_complete", "rank": 1, "ret": 0, "bytes": 4194304}
{"mock_phase": "before_read", "rank": 1, "copies": 64, "bytes": 524288}
{"mock_phase": "read_complete", "rank": 1, "ret": 0, "bytes": 524288}
{"mock_phase": "before_read", "rank": 1, "copies": 64, "bytes": 524288}
{"mock_phase": "read_complete", "rank": 1, "ret": 0, "bytes": 524288}
{"mock_phase": "before_read", "rank": 1, "copies": 64, "bytes": 8192}
{"mock_phase": "read_complete", "rank": 1, "ret": 0, "bytes": 8192}
{"mock_phase": "before_read", "rank": 1, "copies": 64, "bytes": 8192}
{"mock_phase": "read_complete", "rank": 1, "ret": 0, "bytes": 8192}
{"mock_phase": "before_read", "rank": 1, "copies": 64, "bytes": 4194304}
{"mock_phase": "read_complete", "rank": 1, "ret": 0, "bytes": 4194304}
{"mock_phase": "before_read", "rank": 1, "copies": 64, "bytes": 4194304}
{"mock_phase": "read_complete", "rank": 1, "ret": 0, "bytes": 4194304}
{"mock_phase": "before_read", "rank": 1, "copies": 64, "bytes": 524288}
{"mock_phase": "read_complete", "rank": 1, "ret": 0, "bytes": 524288}
{"mock_phase": "before_read", "rank": 1, "copies": 64, "bytes": 524288}
{"mock_phase": "read_complete", "rank": 1, "ret": 0, "bytes": 524288}
{"mock_phase": "before_read", "rank": 1, "copies": 64, "bytes": 8192}
{"mock_phase": "read_complete", "rank": 1, "ret": 0, "bytes": 8192}
{"mock_phase": "before_read", "rank": 1, "copies": 64, "bytes": 8192}
{"mock_phase": "read_complete", "rank": 1, "ret": 0, "bytes": 8192}
{"mock_phase": "before_read", "rank": 1, "copies": 64, "bytes": 4194304}
{"mock_phase": "read_complete", "rank": 1, "ret": 0, "bytes": 4194304}
{"mock_phase": "before_read", "rank": 1, "copies": 64, "bytes": 4194304}
{"mock_phase": "read_complete", "rank": 1, "ret": 0, "bytes": 4194304}
{"mock_phase": "before_read", "rank": 1, "copies": 64, "bytes": 524288}
{"mock_phase": "read_complete", "rank": 1, "ret": 0, "bytes": 524288}
{"mock_phase": "before_read", "rank": 1, "copies": 64, "bytes": 524288}
{"mock_phase": "read_complete", "rank": 1, "ret": 0, "bytes": 524288}
{"mock_phase": "before_read", "rank": 1, "copies": 64, "bytes": 8192}
{"mock_phase": "read_complete", "rank": 1, "ret": 0, "bytes": 8192}
{"mock_phase": "before_read", "rank": 1, "copies": 64, "bytes": 8192}
{"mock_phase": "read_complete", "rank": 1, "ret": 0, "bytes": 8192}
{"mock_phase": "before_read", "rank": 1, "copies": 64, "bytes": 8388608}
{"mock_phase": "read_complete", "rank": 1, "ret": 0, "bytes": 8388608}
{"mock_phase": "before_read", "rank": 1, "copies": 64, "bytes": 8388608}
{"mock_phase": "read_complete", "rank": 1, "ret": 0, "bytes": 8388608}
{"mock_phase": "before_read", "rank": 1, "copies": 64, "bytes": 1048576}
{"mock_phase": "read_complete", "rank": 1, "ret": 0, "bytes": 1048576}
{"mock_phase": "before_read", "rank": 1, "copies": 64, "bytes": 1048576}
{"mock_phase": "read_complete", "rank": 1, "ret": 0, "bytes": 1048576}
{"mock_phase": "before_read", "rank": 1, "copies": 64, "bytes": 16384}
{"mock_phase": "read_complete", "rank": 1, "ret": 0, "bytes": 16384}
{"mock_phase": "before_read", "rank": 1, "copies": 64, "bytes": 16384}
{"mock_phase": "read_complete", "rank": 1, "ret": 0, "bytes": 16384}
{"mock_phase": "before_read", "rank": 1, "copies": 43, "bytes": 5636096}
{"mock_phase": "read_complete", "rank": 1, "ret": 0, "bytes": 5636096}
{"mock_phase": "planned", "request_id": "cmpl-b84ac909b08d0e7a-0-9158aa6f", "rank": 2, "pages": 1579, "bytes": 52903936}
{"mock_phase": "before_read", "rank": 2, "copies": 64, "bytes": 4194304}
{"mock_phase": "read_complete", "rank": 2, "ret": 0, "bytes": 4194304}
{"mock_phase": "before_read", "rank": 2, "copies": 64, "bytes": 4194304}
{"mock_phase": "read_complete", "rank": 2, "ret": 0, "bytes": 4194304}
{"mock_phase": "before_read", "rank": 2, "copies": 64, "bytes": 524288}
{"mock_phase": "read_complete", "rank": 2, "ret": 0, "bytes": 524288}
{"mock_phase": "before_read", "rank": 2, "copies": 64, "bytes": 524288}
{"mock_phase": "read_complete", "rank": 2, "ret": 0, "bytes": 524288}
{"mock_phase": "before_read", "rank": 2, "copies": 64, "bytes": 8192}
{"mock_phase": "read_complete", "rank": 2, "ret": 0, "bytes": 8192}
{"mock_phase": "before_read", "rank": 2, "copies": 64, "bytes": 8192}
{"mock_phase": "read_complete", "rank": 2, "ret": 0, "bytes": 8192}
{"mock_phase": "before_read", "rank": 2, "copies": 64, "bytes": 4194304}
{"mock_phase": "read_complete", "rank": 2, "ret": 0, "bytes": 4194304}
{"mock_phase": "before_read", "rank": 2, "copies": 64, "bytes": 4194304}
{"mock_phase": "read_complete", "rank": 2, "ret": 0, "bytes": 4194304}
{"mock_phase": "before_read", "rank": 2, "copies": 64, "bytes": 524288}
{"mock_phase": "read_complete", "rank": 2, "ret": 0, "bytes": 524288}
{"mock_phase": "before_read", "rank": 2, "copies": 64, "bytes": 524288}
{"mock_phase": "read_complete", "rank": 2, "ret": 0, "bytes": 524288}
{"mock_phase": "before_read", "rank": 2, "copies": 64, "bytes": 8192}
{"mock_phase": "read_complete", "rank": 2, "ret": 0, "bytes": 8192}
{"mock_phase": "before_read", "rank": 2, "copies": 64, "bytes": 8192}
{"mock_phase": "read_complete", "rank": 2, "ret": 0, "bytes": 8192}
{"mock_phase": "before_read", "rank": 2, "copies": 64, "bytes": 4194304}
{"mock_phase": "read_complete", "rank": 2, "ret": 0, "bytes": 4194304}
{"mock_phase": "before_read", "rank": 2, "copies": 64, "bytes": 4194304}
{"mock_phase": "read_complete", "rank": 2, "ret": 0, "bytes": 4194304}
{"mock_phase": "before_read", "rank": 2, "copies": 64, "bytes": 524288}
{"mock_phase": "read_complete", "rank": 2, "ret": 0, "bytes": 524288}
{"mock_phase": "before_read", "rank": 2, "copies": 64, "bytes": 524288}
{"mock_phase": "read_complete", "rank": 2, "ret": 0, "bytes": 524288}
{"mock_phase": "before_read", "rank": 2, "copies": 64, "bytes": 8192}
{"mock_phase": "read_complete", "rank": 2, "ret": 0, "bytes": 8192}
{"mock_phase": "before_read", "rank": 2, "copies": 64, "bytes": 8192}
{"mock_phase": "read_complete", "rank": 2, "ret": 0, "bytes": 8192}
{"mock_phase": "before_read", "rank": 2, "copies": 64, "bytes": 8388608}
{"mock_phase": "read_complete", "rank": 2, "ret": 0, "bytes": 8388608}
{"mock_phase": "before_read", "rank": 2, "copies": 64, "bytes": 8388608}
{"mock_phase": "read_complete", "rank": 2, "ret": 0, "bytes": 8388608}
{"mock_phase": "before_read", "rank": 2, "copies": 64, "bytes": 1048576}
{"mock_phase": "read_complete", "rank": 2, "ret": 0, "bytes": 1048576}
{"mock_phase": "before_read", "rank": 2, "copies": 64, "bytes": 1048576}
{"mock_phase": "read_complete", "rank": 2, "ret": 0, "bytes": 1048576}
{"mock_phase": "before_read", "rank": 2, "copies": 64, "bytes": 16384}
{"mock_phase": "read_complete", "rank": 2, "ret": 0, "bytes": 16384}
{"mock_phase": "before_read", "rank": 2, "copies": 64, "bytes": 16384}
{"mock_phase": "read_complete", "rank": 2, "ret": 0, "bytes": 16384}
{"mock_phase": "before_read", "rank": 2, "copies": 43, "bytes": 5636096}
{"mock_phase": "read_complete", "rank": 2, "ret": 0, "bytes": 5636096}
{"mock_phase": "planned", "request_id": "cmpl-b84ac909b08d0e7a-0-9158aa6f", "rank": 3, "pages": 1579, "bytes": 52903936}
{"mock_phase": "before_read", "rank": 3, "copies": 64, "bytes": 4194304}
{"mock_phase": "read_complete", "rank": 3, "ret": 0, "bytes": 4194304}
{"mock_phase": "before_read", "rank": 3, "copies": 64, "bytes": 4194304}
{"mock_phase": "read_complete", "rank": 3, "ret": 0, "bytes": 4194304}
{"mock_phase": "before_read", "rank": 3, "copies": 64, "bytes": 524288}
{"mock_phase": "read_complete", "rank": 3, "ret": 0, "bytes": 524288}
{"mock_phase": "before_read", "rank": 3, "copies": 64, "bytes": 524288}
{"mock_phase": "read_complete", "rank": 3, "ret": 0, "bytes": 524288}
{"mock_phase": "before_read", "rank": 3, "copies": 64, "bytes": 8192}
{"mock_phase": "read_complete", "rank": 3, "ret": 0, "bytes": 8192}
{"mock_phase": "before_read", "rank": 3, "copies": 64, "bytes": 8192}
{"mock_phase": "read_complete", "rank": 3, "ret": 0, "bytes": 8192}
{"mock_phase": "before_read", "rank": 3, "copies": 64, "bytes": 4194304}
{"mock_phase": "read_complete", "rank": 3, "ret": 0, "bytes": 4194304}
{"mock_phase": "before_read", "rank": 3, "copies": 64, "bytes": 4194304}
{"mock_phase": "read_complete", "rank": 3, "ret": 0, "bytes": 4194304}
{"mock_phase": "before_read", "rank": 3, "copies": 64, "bytes": 524288}
{"mock_phase": "read_complete", "rank": 3, "ret": 0, "bytes": 524288}
{"mock_phase": "before_read", "rank": 3, "copies": 64, "bytes": 524288}
{"mock_phase": "read_complete", "rank": 3, "ret": 0, "bytes": 524288}
{"mock_phase": "before_read", "rank": 3, "copies": 64, "bytes": 8192}
{"mock_phase": "read_complete", "rank": 3, "ret": 0, "bytes": 8192}
{"mock_phase": "before_read", "rank": 3, "copies": 64, "bytes": 8192}
{"mock_phase": "read_complete", "rank": 3, "ret": 0, "bytes": 8192}
{"mock_phase": "before_read", "rank": 3, "copies": 64, "bytes": 4194304}
{"mock_phase": "read_complete", "rank": 3, "ret": 0, "bytes": 4194304}
{"mock_phase": "before_read", "rank": 3, "copies": 64, "bytes": 4194304}
{"mock_phase": "read_complete", "rank": 3, "ret": 0, "bytes": 4194304}
{"mock_phase": "before_read", "rank": 3, "copies": 64, "bytes": 524288}
{"mock_phase": "read_complete", "rank": 3, "ret": 0, "bytes": 524288}
{"mock_phase": "before_read", "rank": 3, "copies": 64, "bytes": 524288}
{"mock_phase": "read_complete", "rank": 3, "ret": 0, "bytes": 524288}
{"mock_phase": "before_read", "rank": 3, "copies": 64, "bytes": 8192}
{"mock_phase": "read_complete", "rank": 3, "ret": 0, "bytes": 8192}
{"mock_phase": "before_read", "rank": 3, "copies": 64, "bytes": 8192}
{"mock_phase": "read_complete", "rank": 3, "ret": 0, "bytes": 8192}
{"mock_phase": "before_read", "rank": 3, "copies": 64, "bytes": 8388608}
{"mock_phase": "read_complete", "rank": 3, "ret": 0, "bytes": 8388608}
{"mock_phase": "before_read", "rank": 3, "copies": 64, "bytes": 8388608}
{"mock_phase": "read_complete", "rank": 3, "ret": 0, "bytes": 8388608}
{"mock_phase": "before_read", "rank": 3, "copies": 64, "bytes": 1048576}
{"mock_phase": "read_complete", "rank": 3, "ret": 0, "bytes": 1048576}
{"mock_phase": "before_read", "rank": 3, "copies": 64, "bytes": 1048576}
{"mock_phase": "read_complete", "rank": 3, "ret": 0, "bytes": 1048576}
{"mock_phase": "before_read", "rank": 3, "copies": 64, "bytes": 16384}
{"mock_phase": "read_complete", "rank": 3, "ret": 0, "bytes": 16384}
{"mock_phase": "before_read", "rank": 3, "copies": 64, "bytes": 16384}
{"mock_phase": "read_complete", "rank": 3, "ret": 0, "bytes": 16384}
{"mock_phase": "before_read", "rank": 3, "copies": 43, "bytes": 5636096}
{"mock_phase": "read_complete", "rank": 3, "ret": 0, "bytes": 5636096}
{"mock_phase": "planned", "request_id": "cmpl-b84ac909b08d0e7a-0-9158aa6f", "rank": 4, "pages": 1579, "bytes": 52903936}
{"mock_phase": "before_read", "rank": 4, "copies": 64, "bytes": 4194304}
{"mock_phase": "read_complete", "rank": 4, "ret": 0, "bytes": 4194304}
{"mock_phase": "before_read", "rank": 4, "copies": 64, "bytes": 4194304}
{"mock_phase": "read_complete", "rank": 4, "ret": 0, "bytes": 4194304}
{"mock_phase": "before_read", "rank": 4, "copies": 64, "bytes": 524288}
{"mock_phase": "read_complete", "rank": 4, "ret": 0, "bytes": 524288}
{"mock_phase": "before_read", "rank": 4, "copies": 64, "bytes": 524288}
{"mock_phase": "read_complete", "rank": 4, "ret": 0, "bytes": 524288}
{"mock_phase": "before_read", "rank": 4, "copies": 64, "bytes": 8192}
{"mock_phase": "read_complete", "rank": 4, "ret": 0, "bytes": 8192}
{"mock_phase": "before_read", "rank": 4, "copies": 64, "bytes": 8192}
{"mock_phase": "read_complete", "rank": 4, "ret": 0, "bytes": 8192}
{"mock_phase": "before_read", "rank": 4, "copies": 64, "bytes": 4194304}
{"mock_phase": "read_complete", "rank": 4, "ret": 0, "bytes": 4194304}
{"mock_phase": "before_read", "rank": 4, "copies": 64, "bytes": 4194304}
{"mock_phase": "read_complete", "rank": 4, "ret": 0, "bytes": 4194304}
{"mock_phase": "before_read", "rank": 4, "copies": 64, "bytes": 524288}
{"mock_phase": "read_complete", "rank": 4, "ret": 0, "bytes": 524288}
{"mock_phase": "before_read", "rank": 4, "copies": 64, "bytes": 524288}
{"mock_phase": "read_complete", "rank": 4, "ret": 0, "bytes": 524288}
{"mock_phase": "before_read", "rank": 4, "copies": 64, "bytes": 8192}
{"mock_phase": "read_complete", "rank": 4, "ret": 0, "bytes": 8192}
{"mock_phase": "before_read", "rank": 4, "copies": 64, "bytes": 8192}
{"mock_phase": "read_complete", "rank": 4, "ret": 0, "bytes": 8192}
{"mock_phase": "before_read", "rank": 4, "copies": 64, "bytes": 4194304}
{"mock_phase": "read_complete", "rank": 4, "ret": 0, "bytes": 4194304}
{"mock_phase": "before_read", "rank": 4, "copies": 64, "bytes": 4194304}
{"mock_phase": "read_complete", "rank": 4, "ret": 0, "bytes": 4194304}
{"mock_phase": "before_read", "rank": 4, "copies": 64, "bytes": 524288}
{"mock_phase": "read_complete", "rank": 4, "ret": 0, "bytes": 524288}
{"mock_phase": "before_read", "rank": 4, "copies": 64, "bytes": 524288}
{"mock_phase": "read_complete", "rank": 4, "ret": 0, "bytes": 524288}
{"mock_phase": "before_read", "rank": 4, "copies": 64, "bytes": 8192}
{"mock_phase": "read_complete", "rank": 4, "ret": 0, "bytes": 8192}
{"mock_phase": "before_read", "rank": 4, "copies": 64, "bytes": 8192}
{"mock_phase": "read_complete", "rank": 4, "ret": 0, "bytes": 8192}
{"mock_phase": "before_read", "rank": 4, "copies": 64, "bytes": 8388608}
{"mock_phase": "read_complete", "rank": 4, "ret": 0, "bytes": 8388608}
{"mock_phase": "before_read", "rank": 4, "copies": 64, "bytes": 8388608}
{"mock_phase": "read_complete", "rank": 4, "ret": 0, "bytes": 8388608}
{"mock_phase": "before_read", "rank": 4, "copies": 64, "bytes": 1048576}
{"mock_phase": "read_complete", "rank": 4, "ret": 0, "bytes": 1048576}
{"mock_phase": "before_read", "rank": 4, "copies": 64, "bytes": 1048576}
{"mock_phase": "read_complete", "rank": 4, "ret": 0, "bytes": 1048576}
{"mock_phase": "before_read", "rank": 4, "copies": 64, "bytes": 16384}
{"mock_phase": "read_complete", "rank": 4, "ret": 0, "bytes": 16384}
{"mock_phase": "before_read", "rank": 4, "copies": 64, "bytes": 16384}
{"mock_phase": "read_complete", "rank": 4, "ret": 0, "bytes": 16384}
{"mock_phase": "before_read", "rank": 4, "copies": 43, "bytes": 5636096}
{"mock_phase": "read_complete", "rank": 4, "ret": 0, "bytes": 5636096}
{"mock_phase": "planned", "request_id": "cmpl-b84ac909b08d0e7a-0-9158aa6f", "rank": 5, "pages": 1579, "bytes": 52903936}
{"mock_phase": "before_read", "rank": 5, "copies": 64, "bytes": 4194304}
{"mock_phase": "read_complete", "rank": 5, "ret": 0, "bytes": 4194304}
{"mock_phase": "before_read", "rank": 5, "copies": 64, "bytes": 4194304}
{"mock_phase": "read_complete", "rank": 5, "ret": 0, "bytes": 4194304}
{"mock_phase": "before_read", "rank": 5, "copies": 64, "bytes": 524288}
{"mock_phase": "read_complete", "rank": 5, "ret": 0, "bytes": 524288}
{"mock_phase": "before_read", "rank": 5, "copies": 64, "bytes": 524288}
{"mock_phase": "read_complete", "rank": 5, "ret": 0, "bytes": 524288}
{"mock_phase": "before_read", "rank": 5, "copies": 64, "bytes": 8192}
{"mock_phase": "read_complete", "rank": 5, "ret": 0, "bytes": 8192}
{"mock_phase": "before_read", "rank": 5, "copies": 64, "bytes": 8192}
{"mock_phase": "read_complete", "rank": 5, "ret": 0, "bytes": 8192}
{"mock_phase": "before_read", "rank": 5, "copies": 64, "bytes": 4194304}
{"mock_phase": "read_complete", "rank": 5, "ret": 0, "bytes": 4194304}
{"mock_phase": "before_read", "rank": 5, "copies": 64, "bytes": 4194304}
{"mock_phase": "read_complete", "rank": 5, "ret": 0, "bytes": 4194304}
{"mock_phase": "before_read", "rank": 5, "copies": 64, "bytes": 524288}
{"mock_phase": "read_complete", "rank": 5, "ret": 0, "bytes": 524288}
{"mock_phase": "before_read", "rank": 5, "copies": 64, "bytes": 524288}
{"mock_phase": "read_complete", "rank": 5, "ret": 0, "bytes": 524288}
{"mock_phase": "before_read", "rank": 5, "copies": 64, "bytes": 8192}
{"mock_phase": "read_complete", "rank": 5, "ret": 0, "bytes": 8192}
{"mock_phase": "before_read", "rank": 5, "copies": 64, "bytes": 8192}
{"mock_phase": "read_complete", "rank": 5, "ret": 0, "bytes": 8192}
{"mock_phase": "before_read", "rank": 5, "copies": 64, "bytes": 4194304}
{"mock_phase": "read_complete", "rank": 5, "ret": 0, "bytes": 4194304}
{"mock_phase": "before_read", "rank": 5, "copies": 64, "bytes": 4194304}
{"mock_phase": "read_complete", "rank": 5, "ret": 0, "bytes": 4194304}
{"mock_phase": "before_read", "rank": 5, "copies": 64, "bytes": 524288}
{"mock_phase": "read_complete", "rank": 5, "ret": 0, "bytes": 524288}
{"mock_phase": "before_read", "rank": 5, "copies": 64, "bytes": 524288}
{"mock_phase": "read_complete", "rank": 5, "ret": 0, "bytes": 524288}
{"mock_phase": "before_read", "rank": 5, "copies": 64, "bytes": 8192}
{"mock_phase": "read_complete", "rank": 5, "ret": 0, "bytes": 8192}
{"mock_phase": "before_read", "rank": 5, "copies": 64, "bytes": 8192}
{"mock_phase": "read_complete", "rank": 5, "ret": 0, "bytes": 8192}
{"mock_phase": "before_read", "rank": 5, "copies": 64, "bytes": 8388608}
{"mock_phase": "read_complete", "rank": 5, "ret": 0, "bytes": 8388608}
{"mock_phase": "before_read", "rank": 5, "copies": 64, "bytes": 8388608}
{"mock_phase": "read_complete", "rank": 5, "ret": 0, "bytes": 8388608}
{"mock_phase": "before_read", "rank": 5, "copies": 64, "bytes": 1048576}
{"mock_phase": "read_complete", "rank": 5, "ret": 0, "bytes": 1048576}
{"mock_phase": "before_read", "rank": 5, "copies": 64, "bytes": 1048576}
{"mock_phase": "read_complete", "rank": 5, "ret": 0, "bytes": 1048576}
{"mock_phase": "before_read", "rank": 5, "copies": 64, "bytes": 16384}
{"mock_phase": "read_complete", "rank": 5, "ret": 0, "bytes": 16384}
{"mock_phase": "before_read", "rank": 5, "copies": 64, "bytes": 16384}
{"mock_phase": "read_complete", "rank": 5, "ret": 0, "bytes": 16384}
{"mock_phase": "before_read", "rank": 5, "copies": 43, "bytes": 5636096}
{"mock_phase": "read_complete", "rank": 5, "ret": 0, "bytes": 5636096}
{"mock_phase": "planned", "request_id": "cmpl-b84ac909b08d0e7a-0-9158aa6f", "rank": 6, "pages": 1579, "bytes": 52903936}
{"mock_phase": "before_read", "rank": 6, "copies": 64, "bytes": 4194304}
{"mock_phase": "read_complete", "rank": 6, "ret": 0, "bytes": 4194304}
{"mock_phase": "before_read", "rank": 6, "copies": 64, "bytes": 4194304}
{"mock_phase": "read_complete", "rank": 6, "ret": 0, "bytes": 4194304}
{"mock_phase": "before_read", "rank": 6, "copies": 64, "bytes": 524288}
{"mock_phase": "read_complete", "rank": 6, "ret": 0, "bytes": 524288}
{"mock_phase": "before_read", "rank": 6, "copies": 64, "bytes": 524288}
{"mock_phase": "read_complete", "rank": 6, "ret": 0, "bytes": 524288}
{"mock_phase": "before_read", "rank": 6, "copies": 64, "bytes": 8192}
{"mock_phase": "read_complete", "rank": 6, "ret": 0, "bytes": 8192}
{"mock_phase": "before_read", "rank": 6, "copies": 64, "bytes": 8192}
{"mock_phase": "read_complete", "rank": 6, "ret": 0, "bytes": 8192}
{"mock_phase": "before_read", "rank": 6, "copies": 64, "bytes": 4194304}
{"mock_phase": "read_complete", "rank": 6, "ret": 0, "bytes": 4194304}
{"mock_phase": "before_read", "rank": 6, "copies": 64, "bytes": 4194304}
{"mock_phase": "read_complete", "rank": 6, "ret": 0, "bytes": 4194304}
{"mock_phase": "before_read", "rank": 6, "copies": 64, "bytes": 524288}
{"mock_phase": "read_complete", "rank": 6, "ret": 0, "bytes": 524288}
{"mock_phase": "before_read", "rank": 6, "copies": 64, "bytes": 524288}
{"mock_phase": "read_complete", "rank": 6, "ret": 0, "bytes": 524288}
{"mock_phase": "before_read", "rank": 6, "copies": 64, "bytes": 8192}
{"mock_phase": "read_complete", "rank": 6, "ret": 0, "bytes": 8192}
{"mock_phase": "before_read", "rank": 6, "copies": 64, "bytes": 8192}
{"mock_phase": "read_complete", "rank": 6, "ret": 0, "bytes": 8192}
{"mock_phase": "before_read", "rank": 6, "copies": 64, "bytes": 4194304}
{"mock_phase": "read_complete", "rank": 6, "ret": 0, "bytes": 4194304}
{"mock_phase": "before_read", "rank": 6, "copies": 64, "bytes": 4194304}
{"mock_phase": "read_complete", "rank": 6, "ret": 0, "bytes": 4194304}
{"mock_phase": "before_read", "rank": 6, "copies": 64, "bytes": 524288}
{"mock_phase": "read_complete", "rank": 6, "ret": 0, "bytes": 524288}
{"mock_phase": "before_read", "rank": 6, "copies": 64, "bytes": 524288}
{"mock_phase": "read_complete", "rank": 6, "ret": 0, "bytes": 524288}
{"mock_phase": "before_read", "rank": 6, "copies": 64, "bytes": 8192}
{"mock_phase": "read_complete", "rank": 6, "ret": 0, "bytes": 8192}
{"mock_phase": "before_read", "rank": 6, "copies": 64, "bytes": 8192}
{"mock_phase": "read_complete", "rank": 6, "ret": 0, "bytes": 8192}
{"mock_phase": "before_read", "rank": 6, "copies": 64, "bytes": 8388608}
{"mock_phase": "read_complete", "rank": 6, "ret": 0, "bytes": 8388608}
{"mock_phase": "before_read", "rank": 6, "copies": 64, "bytes": 8388608}
{"mock_phase": "read_complete", "rank": 6, "ret": 0, "bytes": 8388608}
{"mock_phase": "before_read", "rank": 6, "copies": 64, "bytes": 1048576}
{"mock_phase": "read_complete", "rank": 6, "ret": 0, "bytes": 1048576}
{"mock_phase": "before_read", "rank": 6, "copies": 64, "bytes": 1048576}
{"mock_phase": "read_complete", "rank": 6, "ret": 0, "bytes": 1048576}
{"mock_phase": "before_read", "rank": 6, "copies": 64, "bytes": 16384}
{"mock_phase": "read_complete", "rank": 6, "ret": 0, "bytes": 16384}
{"mock_phase": "before_read", "rank": 6, "copies": 64, "bytes": 16384}
{"mock_phase": "read_complete", "rank": 6, "ret": 0, "bytes": 16384}
{"mock_phase": "before_read", "rank": 6, "copies": 43, "bytes": 5636096}
{"mock_phase": "read_complete", "rank": 6, "ret": 0, "bytes": 5636096}
{"mock_phase": "planned", "request_id": "cmpl-b84ac909b08d0e7a-0-9158aa6f", "rank": 7, "pages": 1579, "bytes": 52903936}
{"mock_phase": "before_read", "rank": 7, "copies": 64, "bytes": 4194304}
{"mock_phase": "read_complete", "rank": 7, "ret": 0, "bytes": 4194304}
{"mock_phase": "before_read", "rank": 7, "copies": 64, "bytes": 4194304}
{"mock_phase": "read_complete", "rank": 7, "ret": 0, "bytes": 4194304}
{"mock_phase": "before_read", "rank": 7, "copies": 64, "bytes": 524288}
{"mock_phase": "read_complete", "rank": 7, "ret": 0, "bytes": 524288}
{"mock_phase": "before_read", "rank": 7, "copies": 64, "bytes": 524288}
{"mock_phase": "read_complete", "rank": 7, "ret": 0, "bytes": 524288}
{"mock_phase": "before_read", "rank": 7, "copies": 64, "bytes": 8192}
{"mock_phase": "read_complete", "rank": 7, "ret": 0, "bytes": 8192}
{"mock_phase": "before_read", "rank": 7, "copies": 64, "bytes": 8192}
{"mock_phase": "read_complete", "rank": 7, "ret": 0, "bytes": 8192}
{"mock_phase": "before_read", "rank": 7, "copies": 64, "bytes": 4194304}
{"mock_phase": "read_complete", "rank": 7, "ret": 0, "bytes": 4194304}
{"mock_phase": "before_read", "rank": 7, "copies": 64, "bytes": 4194304}
{"mock_phase": "read_complete", "rank": 7, "ret": 0, "bytes": 4194304}
{"mock_phase": "before_read", "rank": 7, "copies": 64, "bytes": 524288}
{"mock_phase": "read_complete", "rank": 7, "ret": 0, "bytes": 524288}
{"mock_phase": "before_read", "rank": 7, "copies": 64, "bytes": 524288}
{"mock_phase": "read_complete", "rank": 7, "ret": 0, "bytes": 524288}
{"mock_phase": "before_read", "rank": 7, "copies": 64, "bytes": 8192}
{"mock_phase": "read_complete", "rank": 7, "ret": 0, "bytes": 8192}
{"mock_phase": "before_read", "rank": 7, "copies": 64, "bytes": 8192}
{"mock_phase": "read_complete", "rank": 7, "ret": 0, "bytes": 8192}
{"mock_phase": "before_read", "rank": 7, "copies": 64, "bytes": 4194304}
{"mock_phase": "read_complete", "rank": 7, "ret": 0, "bytes": 4194304}
{"mock_phase": "before_read", "rank": 7, "copies": 64, "bytes": 4194304}
{"mock_phase": "read_complete", "rank": 7, "ret": 0, "bytes": 4194304}
{"mock_phase": "before_read", "rank": 7, "copies": 64, "bytes": 524288}
{"mock_phase": "read_complete", "rank": 7, "ret": 0, "bytes": 524288}
{"mock_phase": "before_read", "rank": 7, "copies": 64, "bytes": 524288}
{"mock_phase": "read_complete", "rank": 7, "ret": 0, "bytes": 524288}
{"mock_phase": "before_read", "rank": 7, "copies": 64, "bytes": 8192}
{"mock_phase": "read_complete", "rank": 7, "ret": 0, "bytes": 8192}
{"mock_phase": "before_read", "rank": 7, "copies": 64, "bytes": 8192}
{"mock_phase": "read_complete", "rank": 7, "ret": 0, "bytes": 8192}
{"mock_phase": "before_read", "rank": 7, "copies": 64, "bytes": 8388608}
{"mock_phase": "read_complete", "rank": 7, "ret": 0, "bytes": 8388608}
{"mock_phase": "before_read", "rank": 7, "copies": 64, "bytes": 8388608}
{"mock_phase": "read_complete", "rank": 7, "ret": 0, "bytes": 8388608}
{"mock_phase": "before_read", "rank": 7, "copies": 64, "bytes": 1048576}
{"mock_phase": "read_complete", "rank": 7, "ret": 0, "bytes": 1048576}
{"mock_phase": "before_read", "rank": 7, "copies": 64, "bytes": 1048576}
{"mock_phase": "read_complete", "rank": 7, "ret": 0, "bytes": 1048576}
{"mock_phase": "before_read", "rank": 7, "copies": 64, "bytes": 16384}
{"mock_phase": "read_complete", "rank": 7, "ret": 0, "bytes": 16384}
{"mock_phase": "before_read", "rank": 7, "copies": 64, "bytes": 16384}
{"mock_phase": "read_complete", "rank": 7, "ret": 0, "bytes": 16384}
{"mock_phase": "before_read", "rank": 7, "copies": 43, "bytes": 5636096}
{"mock_phase": "read_complete", "rank": 7, "ret": 0, "bytes": 5636096}
{"ok": true, "request_id": "cmpl-b84ac909b08d0e7a-0-9158aa6f", "ranks": [{"rank": 0, "bytes": 52903936, "read_s": 0.013933600392192602, "hash_s": 0.07249596947804093, "nonzero_groups": [0, 1, 2, 3, 4, 5, 6]}, {"rank": 1, "bytes": 52903936, "read_s": 0.013151890132576227, "hash_s": 0.07141155051067472, "nonzero_groups": [0, 1, 2, 3, 4, 5, 6]}, {"rank": 2, "bytes": 52903936, "read_s": 0.013022441416978836, "hash_s": 0.0716488603502512, "nonzero_groups": [0, 1, 2, 3, 4, 5, 6]}, {"rank": 3, "bytes": 52903936, "read_s": 0.013227448798716068, "hash_s": 0.07120684813708067, "nonzero_groups": [0, 1, 2, 3, 4, 5, 6]}, {"rank": 4, "bytes": 52903936, "read_s": 0.013512630481272936, "hash_s": 0.07052466878667474, "nonzero_groups": [0, 1, 2, 3, 4, 5, 6]}, {"rank": 5, "bytes": 52903936, "read_s": 0.013601929880678654, "hash_s": 0.07112109893932939, "nonzero_groups": [0, 1, 2, 3, 4, 5, 6]}, {"rank": 6, "bytes": 52903936, "read_s": 0.013611357193440199, "hash_s": 0.07090867962688208, "nonzero_groups": [0, 1, 2, 3, 4, 5, 6]}, {"rank": 7, "bytes": 52903936, "read_s": 0.01360660931095481, "hash_s": 0.06928186025470495, "nonzero_groups": [0, 1, 2, 3, 4, 5, 6]}], "bytes": 423231488, "consume_s": 0.7319461996667087, "ack_s": 0.0018244101665914059, "total_s": 0.7337707499973476, "hold_ms": 0}
127.0.0.1 - - [09/Oct/2026 07:59:08] "POST /consume HTTP/1.1" 200 -
{"mock_phase": "planned", "request_id": "cmpl-b8a8fae92a86a10e-0-a0770bfb", "rank": 0, "pages": 35, "bytes": 3383936}
{"mock_phase": "before_read", "rank": 0, "copies": 35, "bytes": 3383936}
{"mock_phase": "read_complete", "rank": 0, "ret": 0, "bytes": 3383936}
{"mock_phase": "planned", "request_id": "cmpl-b8a8fae92a86a10e-0-a0770bfb", "rank": 1, "pages": 35, "bytes": 3383936}
{"mock_phase": "before_read", "rank": 1, "copies": 35, "bytes": 3383936}
{"mock_phase": "read_complete", "rank": 1, "ret": 0, "bytes": 3383936}
{"mock_phase": "planned", "request_id": "cmpl-b8a8fae92a86a10e-0-a0770bfb", "rank": 2, "pages": 35, "bytes": 3383936}
{"mock_phase": "before_read", "rank": 2, "copies": 35, "bytes": 3383936}
{"mock_phase": "read_complete", "rank": 2, "ret": 0, "bytes": 3383936}
{"mock_phase": "planned", "request_id": "cmpl-b8a8fae92a86a10e-0-a0770bfb", "rank": 3, "pages": 35, "bytes": 3383936}
{"mock_phase": "before_read", "rank": 3, "copies": 35, "bytes": 3383936}
{"mock_phase": "read_complete", "rank": 3, "ret": 0, "bytes": 3383936}
{"mock_phase": "planned", "request_id": "cmpl-b8a8fae92a86a10e-0-a0770bfb", "rank": 4, "pages": 35, "bytes": 3383936}
{"mock_phase": "before_read", "rank": 4, "copies": 35, "bytes": 3383936}
{"mock_phase": "read_complete", "rank": 4, "ret": 0, "bytes": 3383936}
{"mock_phase": "planned", "request_id": "cmpl-b8a8fae92a86a10e-0-a0770bfb", "rank": 5, "pages": 35, "bytes": 3383936}
{"mock_phase": "before_read", "rank": 5, "copies": 35, "bytes": 3383936}
{"mock_phase": "read_complete", "rank": 5, "ret": 0, "bytes": 3383936}
{"mock_phase": "planned", "request_id": "cmpl-b8a8fae92a86a10e-0-a0770bfb", "rank": 6, "pages": 35, "bytes": 3383936}
{"mock_phase": "before_read", "rank": 6, "copies": 35, "bytes": 3383936}
{"mock_phase": "read_complete", "rank": 6, "ret": 0, "bytes": 3383936}
{"mock_phase": "planned", "request_id": "cmpl-b8a8fae92a86a10e-0-a0770bfb", "rank": 7, "pages": 35, "bytes": 3383936}
{"mock_phase": "before_read", "rank": 7, "copies": 35, "bytes": 3383936}
{"mock_phase": "read_complete", "rank": 7, "ret": 0, "bytes": 3383936}
{"ok": true, "request_id": "cmpl-b8a8fae92a86a10e-0-a0770bfb", "ranks": [{"rank": 0, "bytes": 3383936, "read_s": 0.0008790800347924232, "hash_s": 0.00031566014513373375, "nonzero_groups": [0, 1, 2, 3, 4, 5, 6]}, {"rank": 1, "bytes": 3383936, "read_s": 0.0007706200703978539, "hash_s": 0.00022712023928761482, "nonzero_groups": [0, 1, 2, 3, 4, 5, 6]}, {"rank": 2, "bytes": 3383936, "read_s": 0.0007958803325891495, "hash_s": 0.00021970970556139946, "nonzero_groups": [0, 1, 2, 3, 4, 5, 6]}, {"rank": 3, "bytes": 3383936, "read_s": 0.0007457803003489971, "hash_s": 0.00022274022921919823, "nonzero_groups": [0, 1, 2, 3, 4, 5, 6]}, {"rank": 4, "bytes": 3383936, "read_s": 0.0006973696872591972, "hash_s": 0.0002238098531961441, "nonzero_groups": [0, 1, 2, 3, 4, 5, 6]}, {"rank": 5, "bytes": 3383936, "read_s": 0.0007295501418411732, "hash_s": 0.00021026981994509697, "nonzero_groups": [0, 1, 2, 3, 4, 5, 6]}, {"rank": 6, "bytes": 3383936, "read_s": 0.0006649200804531574, "hash_s": 0.00020981021225452423, "nonzero_groups": [0, 1, 2, 3, 4, 5, 6]}, {"rank": 7, "bytes": 3383936, "read_s": 0.0006664898246526718, "hash_s": 0.00020603975281119347, "nonzero_groups": [0, 1, 2, 3, 4, 5, 6]}], "bytes": 27071488, "consume_s": 0.014402450062334538, "ack_s": 0.0015496499836444855, "total_s": 0.01595222018659115, "hold_ms": 0}
127.0.0.1 - - [09/Oct/2026 07:59:08] "POST /consume HTTP/1.1" 200 -
{"mock_phase": "planned", "request_id": "cmpl-b3fccc6ca1ff1880-0-9696433e", "rank": 0, "pages": 35, "bytes": 3383936}
{"mock_phase": "before_read", "rank": 0, "copies": 35, "bytes": 3383936}
{"mock_phase": "read_complete", "rank": 0, "ret": 0, "bytes": 3383936}
{"mock_phase": "planned", "request_id": "cmpl-b3fccc6ca1ff1880-0-9696433e", "rank": 1, "pages": 35, "bytes": 3383936}
{"mock_phase": "before_read", "rank": 1, "copies": 35, "bytes": 3383936}
{"mock_phase": "read_complete", "rank": 1, "ret": 0, "bytes": 3383936}
{"mock_phase": "planned", "request_id": "cmpl-b3fccc6ca1ff1880-0-9696433e", "rank": 2, "pages": 35, "bytes": 3383936}
{"mock_phase": "before_read", "rank": 2, "copies": 35, "bytes": 3383936}
{"mock_phase": "read_complete", "rank": 2, "ret": 0, "bytes": 3383936}
{"mock_phase": "planned", "request_id": "cmpl-b3fccc6ca1ff1880-0-9696433e", "rank": 3, "pages": 35, "bytes": 3383936}
{"mock_phase": "before_read", "rank": 3, "copies": 35, "bytes": 3383936}
{"mock_phase": "read_complete", "rank": 3, "ret": 0, "bytes": 3383936}
{"mock_phase": "planned", "request_id": "cmpl-b3fccc6ca1ff1880-0-9696433e", "rank": 4, "pages": 35, "bytes": 3383936}
{"mock_phase": "before_read", "rank": 4, "copies": 35, "bytes": 3383936}
{"mock_phase": "read_complete", "rank": 4, "ret": 0, "bytes": 3383936}
{"mock_phase": "planned", "request_id": "cmpl-b3fccc6ca1ff1880-0-9696433e", "rank": 5, "pages": 35, "bytes": 3383936}
{"mock_phase": "before_read", "rank": 5, "copies": 35, "bytes": 3383936}
{"mock_phase": "read_complete", "rank": 5, "ret": 0, "bytes": 3383936}
{"mock_phase": "planned", "request_id": "cmpl-b3fccc6ca1ff1880-0-9696433e", "rank": 6, "pages": 35, "bytes": 3383936}
{"mock_phase": "before_read", "rank": 6, "copies": 35, "bytes": 3383936}
{"mock_phase": "read_complete", "rank": 6, "ret": 0, "bytes": 3383936}
{"mock_phase": "planned", "request_id": "cmpl-b3fccc6ca1ff1880-0-9696433e", "rank": 7, "pages": 35, "bytes": 3383936}
{"mock_phase": "before_read", "rank": 7, "copies": 35, "bytes": 3383936}
{"mock_phase": "read_complete", "rank": 7, "ret": 0, "bytes": 3383936}
{"ok": true, "request_id": "cmpl-b3fccc6ca1ff1880-0-9696433e", "ranks": [{"rank": 0, "bytes": 3383936, "read_s": 0.0008308896794915199, "hash_s": 0.0003351699560880661, "nonzero_groups": [0, 1, 2, 3, 4, 5, 6]}, {"rank": 1, "bytes": 3383936, "read_s": 0.0007635597139596939, "hash_s": 0.0003058798611164093, "nonzero_groups": [0, 1, 2, 3, 4, 5, 6]}, {"rank": 2, "bytes": 3383936, "read_s": 0.0007587200962007046, "hash_s": 0.00022060004994273186, "nonzero_groups": [0, 1, 2, 3, 4, 5, 6]}, {"rank": 3, "bytes": 3383936, "read_s": 0.0007693199440836906, "hash_s": 0.0002191700041294098, "nonzero_groups": [0, 1, 2, 3, 4, 5, 6]}, {"rank": 4, "bytes": 3383936, "read_s": 0.0007328297942876816, "hash_s": 0.00021237973123788834, "nonzero_groups": [0, 1, 2, 3, 4, 5, 6]}, {"rank": 5, "bytes": 3383936, "read_s": 0.0008169296197593212, "hash_s": 0.00020944979041814804, "nonzero_groups": [0, 1, 2, 3, 4, 5, 6]}, {"rank": 6, "bytes": 3383936, "read_s": 0.0007388098165392876, "hash_s": 0.00020172027871012688, "nonzero_groups": [0, 1, 2, 3, 4, 5, 6]}, {"rank": 7, "bytes": 3383936, "read_s": 0.0007504001259803772, "hash_s": 0.0002016802318394184, "nonzero_groups": [0, 1, 2, 3, 4, 5, 6]}], "bytes": 27071488, "consume_s": 0.0135613102465868, "ack_s": 0.0019351397641003132, "total_s": 0.015496590174734592, "hold_ms": 0}
127.0.0.1 - - [09/Oct/2026 07:59:09] "POST /consume HTTP/1.1" 200 -
{"mock_phase": "planned", "request_id": "cmpl-ad11610b00b63cf4-0-b907299c", "rank": 0, "pages": 35, "bytes": 3383936}
{"mock_phase": "before_read", "rank": 0, "copies": 35, "bytes": 3383936}
{"mock_phase": "read_complete", "rank": 0, "ret": 0, "bytes": 3383936}
{"mock_phase": "planned", "request_id": "cmpl-ad11610b00b63cf4-0-b907299c", "rank": 1, "pages": 35, "bytes": 3383936}
{"mock_phase": "before_read", "rank": 1, "copies": 35, "bytes": 3383936}
{"mock_phase": "read_complete", "rank": 1, "ret": 0, "bytes": 3383936}
{"mock_phase": "planned", "request_id": "cmpl-ad11610b00b63cf4-0-b907299c", "rank": 2, "pages": 35, "bytes": 3383936}
{"mock_phase": "before_read", "rank": 2, "copies": 35, "bytes": 3383936}
{"mock_phase": "read_complete", "rank": 2, "ret": 0, "bytes": 3383936}
{"mock_phase": "planned", "request_id": "cmpl-ad11610b00b63cf4-0-b907299c", "rank": 3, "pages": 35, "bytes": 3383936}
{"mock_phase": "before_read", "rank": 3, "copies": 35, "bytes": 3383936}
{"mock_phase": "read_complete", "rank": 3, "ret": 0, "bytes": 3383936}
{"mock_phase": "planned", "request_id": "cmpl-ad11610b00b63cf4-0-b907299c", "rank": 4, "pages": 35, "bytes": 3383936}
{"mock_phase": "before_read", "rank": 4, "copies": 35, "bytes": 3383936}
{"mock_phase": "read_complete", "rank": 4, "ret": 0, "bytes": 3383936}
{"mock_phase": "planned", "request_id": "cmpl-ad11610b00b63cf4-0-b907299c", "rank": 5, "pages": 35, "bytes": 3383936}
{"mock_phase": "before_read", "rank": 5, "copies": 35, "bytes": 3383936}
{"mock_phase": "read_complete", "rank": 5, "ret": 0, "bytes": 3383936}
{"mock_phase": "planned", "request_id": "cmpl-ad11610b00b63cf4-0-b907299c", "rank": 6, "pages": 35, "bytes": 3383936}
{"mock_phase": "before_read", "rank": 6, "copies": 35, "bytes": 3383936}
{"mock_phase": "read_complete", "rank": 6, "ret": 0, "bytes": 3383936}
{"mock_phase": "planned", "request_id": "cmpl-ad11610b00b63cf4-0-b907299c", "rank": 7, "pages": 35, "bytes": 3383936}
{"mock_phase": "before_read", "rank": 7, "copies": 35, "bytes": 3383936}
{"mock_phase": "read_complete", "rank": 7, "ret": 0, "bytes": 3383936}
{"ok": true, "request_id": "cmpl-ad11610b00b63cf4-0-b907299c", "ranks": [{"rank": 0, "bytes": 3383936, "read_s": 0.0009492002427577972, "hash_s": 0.0003094100393354893, "nonzero_groups": [0, 1, 2, 3, 4, 5, 6]}, {"rank": 1, "bytes": 3383936, "read_s": 0.0008218102157115936, "hash_s": 0.0002177800051867962, "nonzero_groups": [0, 1, 2, 3, 4, 5, 6]}, {"rank": 2, "bytes": 3383936, "read_s": 0.0008400203660130501, "hash_s": 0.0002322397194802761, "nonzero_groups": [0, 1, 2, 3, 4, 5, 6]}, {"rank": 3, "bytes": 3383936, "read_s": 0.0007064300589263439, "hash_s": 0.0002131601795554161, "nonzero_groups": [0, 1, 2, 3, 4, 5, 6]}, {"rank": 4, "bytes": 3383936, "read_s": 0.000683970283716917, "hash_s": 0.0002040197141468525, "nonzero_groups": [0, 1, 2, 3, 4, 5, 6]}, {"rank": 5, "bytes": 3383936, "read_s": 0.000845080241560936, "hash_s": 0.00021146982908248901, "nonzero_groups": [0, 1, 2, 3, 4, 5, 6]}, {"rank": 6, "bytes": 3383936, "read_s": 0.0006460803560912609, "hash_s": 0.00020308978855609894, "nonzero_groups": [0, 1, 2, 3, 4, 5, 6]}, {"rank": 7, "bytes": 3383936, "read_s": 0.0006643901579082012, "hash_s": 0.0002025398425757885, "nonzero_groups": [0, 1, 2, 3, 4, 5, 6]}], "bytes": 27071488, "consume_s": 0.012711889576166868, "ack_s": 0.0018636099994182587, "total_s": 0.014575649984180927, "hold_ms": 0}
127.0.0.1 - - [09/Oct/2026 07:59:09] "POST /consume HTTP/1.1" 200 -
{"mock_phase": "planned", "request_id": "cmpl-bcfc0c16d064b58e-0-bfb3feee", "rank": 0, "pages": 35, "bytes": 3383936}
{"mock_phase": "before_read", "rank": 0, "copies": 35, "bytes": 3383936}
{"mock_phase": "read_complete", "rank": 0, "ret": 0, "bytes": 3383936}
{"mock_phase": "planned", "request_id": "cmpl-bcfc0c16d064b58e-0-bfb3feee", "rank": 1, "pages": 35, "bytes": 3383936}
{"mock_phase": "before_read", "rank": 1, "copies": 35, "bytes": 3383936}
{"mock_phase": "read_complete", "rank": 1, "ret": 0, "bytes": 3383936}
{"mock_phase": "planned", "request_id": "cmpl-bcfc0c16d064b58e-0-bfb3feee", "rank": 2, "pages": 35, "bytes": 3383936}
{"mock_phase": "before_read", "rank": 2, "copies": 35, "bytes": 3383936}
{"mock_phase": "read_complete", "rank": 2, "ret": 0, "bytes": 3383936}
{"mock_phase": "planned", "request_id": "cmpl-bcfc0c16d064b58e-0-bfb3feee", "rank": 3, "pages": 35, "bytes": 3383936}
{"mock_phase": "before_read", "rank": 3, "copies": 35, "bytes": 3383936}
{"mock_phase": "read_complete", "rank": 3, "ret": 0, "bytes": 3383936}
{"mock_phase": "planned", "request_id": "cmpl-bcfc0c16d064b58e-0-bfb3feee", "rank": 4, "pages": 35, "bytes": 3383936}
{"mock_phase": "before_read", "rank": 4, "copies": 35, "bytes": 3383936}
{"mock_phase": "read_complete", "rank": 4, "ret": 0, "bytes": 3383936}
{"mock_phase": "planned", "request_id": "cmpl-bcfc0c16d064b58e-0-bfb3feee", "rank": 5, "pages": 35, "bytes": 3383936}
{"mock_phase": "before_read", "rank": 5, "copies": 35, "bytes": 3383936}
{"mock_phase": "read_complete", "rank": 5, "ret": 0, "bytes": 3383936}
{"mock_phase": "planned", "request_id": "cmpl-bcfc0c16d064b58e-0-bfb3feee", "rank": 6, "pages": 35, "bytes": 3383936}
{"mock_phase": "before_read", "rank": 6, "copies": 35, "bytes": 3383936}
{"mock_phase": "read_complete", "rank": 6, "ret": 0, "bytes": 3383936}
{"mock_phase": "planned", "request_id": "cmpl-bcfc0c16d064b58e-0-bfb3feee", "rank": 7, "pages": 35, "bytes": 3383936}
{"mock_phase": "before_read", "rank": 7, "copies": 35, "bytes": 3383936}
{"mock_phase": "read_complete", "rank": 7, "ret": 0, "bytes": 3383936}
{"ok": true, "request_id": "cmpl-bcfc0c16d064b58e-0-bfb3feee", "ranks": [{"rank": 0, "bytes": 3383936, "read_s": 0.0007856199517846107, "hash_s": 0.0033664200454950333, "nonzero_groups": [0, 1, 2, 3, 4, 5, 6]}, {"rank": 1, "bytes": 3383936, "read_s": 0.0006575398147106171, "hash_s": 0.0032846801914274693, "nonzero_groups": [0, 1, 2, 3, 4, 5, 6]}, {"rank": 2, "bytes": 3383936, "read_s": 0.0008085300214588642, "hash_s": 0.00327125983312726, "nonzero_groups": [0, 1, 2, 3, 4, 5, 6]}, {"rank": 3, "bytes": 3383936, "read_s": 0.0007685301825404167, "hash_s": 0.0032815500162541866, "nonzero_groups": [0, 1, 2, 3, 4, 5, 6]}, {"rank": 4, "bytes": 3383936, "read_s": 0.0006773499771952629, "hash_s": 0.0032492103055119514, "nonzero_groups": [0, 1, 2, 3, 4, 5, 6]}, {"rank": 5, "bytes": 3383936, "read_s": 0.0007923496887087822, "hash_s": 0.003264979925006628, "nonzero_groups": [0, 1, 2, 3, 4, 5, 6]}, {"rank": 6, "bytes": 3383936, "read_s": 0.0006423802115023136, "hash_s": 0.003251410089433193, "nonzero_groups": [0, 1, 2, 3, 4, 5, 6]}, {"rank": 7, "bytes": 3383936, "read_s": 0.0006557297892868519, "hash_s": 0.003266950137913227, "nonzero_groups": [0, 1, 2, 3, 4, 5, 6]}], "bytes": 27071488, "consume_s": 0.037191859912127256, "ack_s": 0.001538420096039772, "total_s": 0.038730579894036055, "hold_ms": 0}
127.0.0.1 - - [09/Oct/2026 07:59:13] "POST /consume HTTP/1.1" 200 -
{"mock_phase": "planned", "request_id": "cmpl-a894a9c8a3368ac7-0-973a8977", "rank": 0, "pages": 35, "bytes": 3383936}
{"mock_phase": "before_read", "rank": 0, "copies": 35, "bytes": 3383936}
{"mock_phase": "read_complete", "rank": 0, "ret": 0, "bytes": 3383936}
{"mock_phase": "planned", "request_id": "cmpl-a894a9c8a3368ac7-0-973a8977", "rank": 1, "pages": 35, "bytes": 3383936}
{"mock_phase": "before_read", "rank": 1, "copies": 35, "bytes": 3383936}
{"mock_phase": "read_complete", "rank": 1, "ret": 0, "bytes": 3383936}
{"mock_phase": "planned", "request_id": "cmpl-a894a9c8a3368ac7-0-973a8977", "rank": 2, "pages": 35, "bytes": 3383936}
{"mock_phase": "before_read", "rank": 2, "copies": 35, "bytes": 3383936}
{"mock_phase": "read_complete", "rank": 2, "ret": 0, "bytes": 3383936}
{"mock_phase": "planned", "request_id": "cmpl-a894a9c8a3368ac7-0-973a8977", "rank": 3, "pages": 35, "bytes": 3383936}
{"mock_phase": "before_read", "rank": 3, "copies": 35, "bytes": 3383936}
{"mock_phase": "read_complete", "rank": 3, "ret": 0, "bytes": 3383936}
{"mock_phase": "planned", "request_id": "cmpl-a894a9c8a3368ac7-0-973a8977", "rank": 4, "pages": 35, "bytes": 3383936}
{"mock_phase": "before_read", "rank": 4, "copies": 35, "bytes": 3383936}
{"mock_phase": "read_complete", "rank": 4, "ret": 0, "bytes": 3383936}
{"mock_phase": "planned", "request_id": "cmpl-a894a9c8a3368ac7-0-973a8977", "rank": 5, "pages": 35, "bytes": 3383936}
{"mock_phase": "before_read", "rank": 5, "copies": 35, "bytes": 3383936}
{"mock_phase": "read_complete", "rank": 5, "ret": 0, "bytes": 3383936}
{"mock_phase": "planned", "request_id": "cmpl-a894a9c8a3368ac7-0-973a8977", "rank": 6, "pages": 35, "bytes": 3383936}
{"mock_phase": "before_read", "rank": 6, "copies": 35, "bytes": 3383936}
{"mock_phase": "read_complete", "rank": 6, "ret": 0, "bytes": 3383936}
{"mock_phase": "planned", "request_id": "cmpl-a894a9c8a3368ac7-0-973a8977", "rank": 7, "pages": 35, "bytes": 3383936}
{"mock_phase": "before_read", "rank": 7, "copies": 35, "bytes": 3383936}
{"mock_phase": "read_complete", "rank": 7, "ret": 0, "bytes": 3383936}
{"ok": true, "request_id": "cmpl-a894a9c8a3368ac7-0-973a8977", "ranks": [{"rank": 0, "bytes": 3383936, "read_s": 0.0007445001974701881, "hash_s": 0.003436789847910404, "nonzero_groups": [0, 1, 2, 3, 4, 5, 6]}, {"rank": 1, "bytes": 3383936, "read_s": 0.0006087897345423698, "hash_s": 0.003283659927546978, "nonzero_groups": [0, 1, 2, 3, 4, 5, 6]}, {"rank": 2, "bytes": 3383936, "read_s": 0.0006845002062618732, "hash_s": 0.0032757101580500603, "nonzero_groups": [0, 1, 2, 3, 4, 5, 6]}, {"rank": 3, "bytes": 3383936, "read_s": 0.0007515698671340942, "hash_s": 0.003281079698354006, "nonzero_groups": [0, 1, 2, 3, 4, 5, 6]}, {"rank": 4, "bytes": 3383936, "read_s": 0.0006420398131012917, "hash_s": 0.0032631000503897667, "nonzero_groups": [0, 1, 2, 3, 4, 5, 6]}, {"rank": 5, "bytes": 3383936, "read_s": 0.0006943000480532646, "hash_s": 0.0032697701826691628, "nonzero_groups": [0, 1, 2, 3, 4, 5, 6]}, {"rank": 6, "bytes": 3383936, "read_s": 0.0006476398557424545, "hash_s": 0.003251010086387396, "nonzero_groups": [0, 1, 2, 3, 4, 5, 6]}, {"rank": 7, "bytes": 3383936, "read_s": 0.0006514997221529484, "hash_s": 0.0032509202137589455, "nonzero_groups": [0, 1, 2, 3, 4, 5, 6]}], "bytes": 27071488, "consume_s": 0.03622027998790145, "ack_s": 0.0019177300855517387, "total_s": 0.038138420321047306, "hold_ms": 0}
127.0.0.1 - - [09/Oct/2026 07:59:14] "POST /consume HTTP/1.1" 200 -
{"mock_phase": "planned", "request_id": "cmpl-839c5047c7d2ee99-0-b4155ee0", "rank": 0, "pages": 35, "bytes": 3383936}
{"mock_phase": "before_read", "rank": 0, "copies": 35, "bytes": 3383936}
{"mock_phase": "read_complete", "rank": 0, "ret": 0, "bytes": 3383936}
{"mock_phase": "planned", "request_id": "cmpl-839c5047c7d2ee99-0-b4155ee0", "rank": 1, "pages": 35, "bytes": 3383936}
{"mock_phase": "before_read", "rank": 1, "copies": 35, "bytes": 3383936}
{"mock_phase": "read_complete", "rank": 1, "ret": 0, "bytes": 3383936}
{"mock_phase": "planned", "request_id": "cmpl-839c5047c7d2ee99-0-b4155ee0", "rank": 2, "pages": 35, "bytes": 3383936}
{"mock_phase": "before_read", "rank": 2, "copies": 35, "bytes": 3383936}
{"mock_phase": "read_complete", "rank": 2, "ret": 0, "bytes": 3383936}
{"mock_phase": "planned", "request_id": "cmpl-839c5047c7d2ee99-0-b4155ee0", "rank": 3, "pages": 35, "bytes": 3383936}
{"mock_phase": "before_read", "rank": 3, "copies": 35, "bytes": 3383936}
{"mock_phase": "read_complete", "rank": 3, "ret": 0, "bytes": 3383936}
{"mock_phase": "planned", "request_id": "cmpl-839c5047c7d2ee99-0-b4155ee0", "rank": 4, "pages": 35, "bytes": 3383936}
{"mock_phase": "before_read", "rank": 4, "copies": 35, "bytes": 3383936}
{"mock_phase": "read_complete", "rank": 4, "ret": 0, "bytes": 3383936}
{"mock_phase": "planned", "request_id": "cmpl-839c5047c7d2ee99-0-b4155ee0", "rank": 5, "pages": 35, "bytes": 3383936}
{"mock_phase": "before_read", "rank": 5, "copies": 35, "bytes": 3383936}
{"mock_phase": "read_complete", "rank": 5, "ret": 0, "bytes": 3383936}
{"mock_phase": "planned", "request_id": "cmpl-839c5047c7d2ee99-0-b4155ee0", "rank": 6, "pages": 35, "bytes": 3383936}
{"mock_phase": "before_read", "rank": 6, "copies": 35, "bytes": 3383936}
{"mock_phase": "read_complete", "rank": 6, "ret": 0, "bytes": 3383936}
{"mock_phase": "planned", "request_id": "cmpl-839c5047c7d2ee99-0-b4155ee0", "rank": 7, "pages": 35, "bytes": 3383936}
{"mock_phase": "before_read", "rank": 7, "copies": 35, "bytes": 3383936}
{"mock_phase": "read_complete", "rank": 7, "ret": 0, "bytes": 3383936}
{"ok": true, "request_id": "cmpl-839c5047c7d2ee99-0-b4155ee0", "ranks": [{"rank": 0, "bytes": 3383936, "read_s": 0.0008905096910893917, "hash_s": 0.0033494201488792896, "nonzero_groups": [0, 1, 2, 3, 4, 5, 6]}, {"rank": 1, "bytes": 3383936, "read_s": 0.0007736198604106903, "hash_s": 0.00329300994053483, "nonzero_groups": [0, 1, 2, 3, 4, 5, 6]}, {"rank": 2, "bytes": 3383936, "read_s": 0.0007154098711907864, "hash_s": 0.0032756300643086433, "nonzero_groups": [0, 1, 2, 3, 4, 5, 6]}, {"rank": 3, "bytes": 3383936, "read_s": 0.0006692800670862198, "hash_s": 0.0032763397321105003, "nonzero_groups": [0, 1, 2, 3, 4, 5, 6]}, {"rank": 4, "bytes": 3383936, "read_s": 0.0006559700705111027, "hash_s": 0.00325733982026577, "nonzero_groups": [0, 1, 2, 3, 4, 5, 6]}, {"rank": 5, "bytes": 3383936, "read_s": 0.0006511597894132137, "hash_s": 0.003270830027759075, "nonzero_groups": [0, 1, 2, 3, 4, 5, 6]}, {"rank": 6, "bytes": 3383936, "read_s": 0.0006366400048136711, "hash_s": 0.0032486100681126118, "nonzero_groups": [0, 1, 2, 3, 4, 5, 6]}, {"rank": 7, "bytes": 3383936, "read_s": 0.0006623901426792145, "hash_s": 0.0032519097439944744, "nonzero_groups": [0, 1, 2, 3, 4, 5, 6]}], "bytes": 27071488, "consume_s": 0.03699642978608608, "ack_s": 0.0017341701313853264, "total_s": 0.03873074008151889, "hold_ms": 0}
127.0.0.1 - - [09/Oct/2026 07:59:14] "POST /consume HTTP/1.1" 200 -
{"mock_phase": "planned", "request_id": "cmpl-b57d594c829913f1-0-83aa5b50", "rank": 0, "pages": 35, "bytes": 3383936}
{"mock_phase": "before_read", "rank": 0, "copies": 35, "bytes": 3383936}
{"mock_phase": "read_complete", "rank": 0, "ret": 0, "bytes": 3383936}
{"mock_phase": "planned", "request_id": "cmpl-b57d594c829913f1-0-83aa5b50", "rank": 1, "pages": 35, "bytes": 3383936}
{"mock_phase": "before_read", "rank": 1, "copies": 35, "bytes": 3383936}
{"mock_phase": "read_complete", "rank": 1, "ret": 0, "bytes": 3383936}
{"mock_phase": "planned", "request_id": "cmpl-b57d594c829913f1-0-83aa5b50", "rank": 2, "pages": 35, "bytes": 3383936}
{"mock_phase": "before_read", "rank": 2, "copies": 35, "bytes": 3383936}
{"mock_phase": "read_complete", "rank": 2, "ret": 0, "bytes": 3383936}
{"mock_phase": "planned", "request_id": "cmpl-b57d594c829913f1-0-83aa5b50", "rank": 3, "pages": 35, "bytes": 3383936}
{"mock_phase": "before_read", "rank": 3, "copies": 35, "bytes": 3383936}
{"mock_phase": "read_complete", "rank": 3, "ret": 0, "bytes": 3383936}
{"mock_phase": "planned", "request_id": "cmpl-b57d594c829913f1-0-83aa5b50", "rank": 4, "pages": 35, "bytes": 3383936}
{"mock_phase": "before_read", "rank": 4, "copies": 35, "bytes": 3383936}
{"mock_phase": "read_complete", "rank": 4, "ret": 0, "bytes": 3383936}
{"mock_phase": "planned", "request_id": "cmpl-b57d594c829913f1-0-83aa5b50", "rank": 5, "pages": 35, "bytes": 3383936}
{"mock_phase": "before_read", "rank": 5, "copies": 35, "bytes": 3383936}
{"mock_phase": "read_complete", "rank": 5, "ret": 0, "bytes": 3383936}
{"mock_phase": "planned", "request_id": "cmpl-b57d594c829913f1-0-83aa5b50", "rank": 6, "pages": 35, "bytes": 3383936}
{"mock_phase": "before_read", "rank": 6, "copies": 35, "bytes": 3383936}
{"mock_phase": "read_complete", "rank": 6, "ret": 0, "bytes": 3383936}
{"mock_phase": "planned", "request_id": "cmpl-b57d594c829913f1-0-83aa5b50", "rank": 7, "pages": 35, "bytes": 3383936}
{"mock_phase": "before_read", "rank": 7, "copies": 35, "bytes": 3383936}
{"mock_phase": "read_complete", "rank": 7, "ret": 0, "bytes": 3383936}
{"ok": true, "request_id": "cmpl-b57d594c829913f1-0-83aa5b50", "ranks": [{"rank": 0, "bytes": 3383936, "read_s": 0.0006879400461912155, "hash_s": 0.003407750278711319, "nonzero_groups": [0, 1, 2, 3, 4, 5, 6]}, {"rank": 1, "bytes": 3383936, "read_s": 0.0006386600434780121, "hash_s": 0.003317129798233509, "nonzero_groups": [0, 1, 2, 3, 4, 5, 6]}, {"rank": 2, "bytes": 3383936, "read_s": 0.0007441998459398746, "hash_s": 0.0032908599823713303, "nonzero_groups": [0, 1, 2, 3, 4, 5, 6]}, {"rank": 3, "bytes": 3383936, "read_s": 0.0006584497168660164, "hash_s": 0.003290850203484297, "nonzero_groups": [0, 1, 2, 3, 4, 5, 6]}, {"rank": 4, "bytes": 3383936, "read_s": 0.0006758901290595531, "hash_s": 0.0032875100150704384, "nonzero_groups": [0, 1, 2, 3, 4, 5, 6]}, {"rank": 5, "bytes": 3383936, "read_s": 0.0006368500180542469, "hash_s": 0.0033043697476387024, "nonzero_groups": [0, 1, 2, 3, 4, 5, 6]}, {"rank": 6, "bytes": 3383936, "read_s": 0.0006574303843080997, "hash_s": 0.0032908800058066845, "nonzero_groups": [0, 1, 2, 3, 4, 5, 6]}, {"rank": 7, "bytes": 3383936, "read_s": 0.0006504999473690987, "hash_s": 0.0032986197620630264, "nonzero_groups": [0, 1, 2, 3, 4, 5, 6]}], "bytes": 27071488, "consume_s": 0.03694151993840933, "ack_s": 0.001497690100222826, "total_s": 0.03843946009874344, "hold_ms": 0}
127.0.0.1 - - [09/Oct/2026 07:59:14] "POST /consume HTTP/1.1" 200 -
{"mock_phase": "planned", "request_id": "cmpl-8f44d68c01e0655d-0-8bb5a8f7", "rank": 0, "pages": 35, "bytes": 3383936}
{"mock_phase": "before_read", "rank": 0, "copies": 35, "bytes": 3383936}
{"mock_phase": "read_complete", "rank": 0, "ret": 0, "bytes": 3383936}
{"mock_phase": "planned", "request_id": "cmpl-8f44d68c01e0655d-0-8bb5a8f7", "rank": 1, "pages": 35, "bytes": 3383936}
{"mock_phase": "before_read", "rank": 1, "copies": 35, "bytes": 3383936}
{"mock_phase": "read_complete", "rank": 1, "ret": 0, "bytes": 3383936}
{"mock_phase": "planned", "request_id": "cmpl-8f44d68c01e0655d-0-8bb5a8f7", "rank": 2, "pages": 35, "bytes": 3383936}
{"mock_phase": "before_read", "rank": 2, "copies": 35, "bytes": 3383936}
{"mock_phase": "read_complete", "rank": 2, "ret": 0, "bytes": 3383936}
{"mock_phase": "planned", "request_id": "cmpl-8f44d68c01e0655d-0-8bb5a8f7", "rank": 3, "pages": 35, "bytes": 3383936}
{"mock_phase": "before_read", "rank": 3, "copies": 35, "bytes": 3383936}
{"mock_phase": "read_complete", "rank": 3, "ret": 0, "bytes": 3383936}
{"mock_phase": "planned", "request_id": "cmpl-8f44d68c01e0655d-0-8bb5a8f7", "rank": 4, "pages": 35, "bytes": 3383936}
{"mock_phase": "before_read", "rank": 4, "copies": 35, "bytes": 3383936}
{"mock_phase": "read_complete", "rank": 4, "ret": 0, "bytes": 3383936}
{"mock_phase": "planned", "request_id": "cmpl-8f44d68c01e0655d-0-8bb5a8f7", "rank": 5, "pages": 35, "bytes": 3383936}
{"mock_phase": "before_read", "rank": 5, "copies": 35, "bytes": 3383936}
{"mock_phase": "read_complete", "rank": 5, "ret": 0, "bytes": 3383936}
{"mock_phase": "planned", "request_id": "cmpl-8f44d68c01e0655d-0-8bb5a8f7", "rank": 6, "pages": 35, "bytes": 3383936}
{"mock_phase": "before_read", "rank": 6, "copies": 35, "bytes": 3383936}
{"mock_phase": "read_complete", "rank": 6, "ret": 0, "bytes": 3383936}
{"mock_phase": "planned", "request_id": "cmpl-8f44d68c01e0655d-0-8bb5a8f7", "rank": 7, "pages": 35, "bytes": 3383936}
{"mock_phase": "before_read", "rank": 7, "copies": 35, "bytes": 3383936}
{"mock_phase": "read_complete", "rank": 7, "ret": 0, "bytes": 3383936}
{"ok": true, "request_id": "cmpl-8f44d68c01e0655d-0-8bb5a8f7", "ranks": [{"rank": 0, "bytes": 3383936, "read_s": 0.0006717299111187458, "hash_s": 0.003382289782166481, "nonzero_groups": [0, 1, 2, 3, 4, 5, 6]}, {"rank": 1, "bytes": 3383936, "read_s": 0.0006234198808670044, "hash_s": 0.003318589646369219, "nonzero_groups": [0, 1, 2, 3, 4, 5, 6]}, {"rank": 2, "bytes": 3383936, "read_s": 0.0007016900926828384, "hash_s": 0.0033031399361789227, "nonzero_groups": [0, 1, 2, 3, 4, 5, 6]}, {"rank": 3, "bytes": 3383936, "read_s": 0.0007479200139641762, "hash_s": 0.003302029799669981, "nonzero_groups": [0, 1, 2, 3, 4, 5, 6]}, {"rank": 4, "bytes": 3383936, "read_s": 0.0006704600527882576, "hash_s": 0.0032935403287410736, "nonzero_groups": [0, 1, 2, 3, 4, 5, 6]}, {"rank": 5, "bytes": 3383936, "read_s": 0.000642780214548111, "hash_s": 0.003290529828518629, "nonzero_groups": [0, 1, 2, 3, 4, 5, 6]}, {"rank": 6, "bytes": 3383936, "read_s": 0.0006318599916994572, "hash_s": 0.00328793004155159, "nonzero_groups": [0, 1, 2, 3, 4, 5, 6]}, {"rank": 7, "bytes": 3383936, "read_s": 0.0006503798067569733, "hash_s": 0.003273689653724432, "nonzero_groups": [0, 1, 2, 3, 4, 5, 6]}], "bytes": 27071488, "consume_s": 0.03636273043230176, "ack_s": 0.00158711988478899, "total_s": 0.03795002028346062, "hold_ms": 0}
127.0.0.1 - - [09/Oct/2026 07:59:15] "POST /consume HTTP/1.1" 200 -
{"mock_phase": "planned", "request_id": "cmpl-8aa69ab96b64e607-0-908eec41", "rank": 0, "pages": 35, "bytes": 3383936}
{"mock_phase": "before_read", "rank": 0, "copies": 35, "bytes": 3383936}
{"mock_phase": "read_complete", "rank": 0, "ret": 0, "bytes": 3383936}
{"mock_phase": "planned", "request_id": "cmpl-8aa69ab96b64e607-0-908eec41", "rank": 1, "pages": 35, "bytes": 3383936}
{"mock_phase": "before_read", "rank": 1, "copies": 35, "bytes": 3383936}
{"mock_phase": "read_complete", "rank": 1, "ret": 0, "bytes": 3383936}
{"mock_phase": "planned", "request_id": "cmpl-8aa69ab96b64e607-0-908eec41", "rank": 2, "pages": 35, "bytes": 3383936}
{"mock_phase": "before_read", "rank": 2, "copies": 35, "bytes": 3383936}
{"mock_phase": "read_complete", "rank": 2, "ret": 0, "bytes": 3383936}
{"mock_phase": "planned", "request_id": "cmpl-8aa69ab96b64e607-0-908eec41", "rank": 3, "pages": 35, "bytes": 3383936}
{"mock_phase": "before_read", "rank": 3, "copies": 35, "bytes": 3383936}
{"mock_phase": "read_complete", "rank": 3, "ret": 0, "bytes": 3383936}
{"mock_phase": "planned", "request_id": "cmpl-8aa69ab96b64e607-0-908eec41", "rank": 4, "pages": 35, "bytes": 3383936}
{"mock_phase": "before_read", "rank": 4, "copies": 35, "bytes": 3383936}
{"mock_phase": "read_complete", "rank": 4, "ret": 0, "bytes": 3383936}
{"mock_phase": "planned", "request_id": "cmpl-8aa69ab96b64e607-0-908eec41", "rank": 5, "pages": 35, "bytes": 3383936}
{"mock_phase": "before_read", "rank": 5, "copies": 35, "bytes": 3383936}
{"mock_phase": "read_complete", "rank": 5, "ret": 0, "bytes": 3383936}
{"mock_phase": "planned", "request_id": "cmpl-8aa69ab96b64e607-0-908eec41", "rank": 6, "pages": 35, "bytes": 3383936}
{"mock_phase": "before_read", "rank": 6, "copies": 35, "bytes": 3383936}
{"mock_phase": "read_complete", "rank": 6, "ret": 0, "bytes": 3383936}
{"mock_phase": "planned", "request_id": "cmpl-8aa69ab96b64e607-0-908eec41", "rank": 7, "pages": 35, "bytes": 3383936}
{"mock_phase": "before_read", "rank": 7, "copies": 35, "bytes": 3383936}
{"mock_phase": "read_complete", "rank": 7, "ret": 0, "bytes": 3383936}
{"ok": true, "request_id": "cmpl-8aa69ab96b64e607-0-908eec41", "ranks": [{"rank": 0, "bytes": 3383936, "read_s": 0.0006481199525296688, "hash_s": 0.0033673299476504326, "nonzero_groups": [0, 1, 2, 3, 4, 5, 6]}, {"rank": 1, "bytes": 3383936, "read_s": 0.0006236201152205467, "hash_s": 0.0033085201866924763, "nonzero_groups": [0, 1, 2, 3, 4, 5, 6]}, {"rank": 2, "bytes": 3383936, "read_s": 0.0007059401832520962, "hash_s": 0.0033076200634241104, "nonzero_groups": [0, 1, 2, 3, 4, 5, 6]}, {"rank": 3, "bytes": 3383936, "read_s": 0.0007218802347779274, "hash_s": 0.0033039096742868423, "nonzero_groups": [0, 1, 2, 3, 4, 5, 6]}, {"rank": 4, "bytes": 3383936, "read_s": 0.0006350497715175152, "hash_s": 0.0032945899292826653, "nonzero_groups": [0, 1, 2, 3, 4, 5, 6]}, {"rank": 5, "bytes": 3383936, "read_s": 0.0006287801079452038, "hash_s": 0.003289900254458189, "nonzero_groups": [0, 1, 2, 3, 4, 5, 6]}, {"rank": 6, "bytes": 3383936, "read_s": 0.0006269402801990509, "hash_s": 0.0032936600036919117, "nonzero_groups": [0, 1, 2, 3, 4, 5, 6]}, {"rank": 7, "bytes": 3383936, "read_s": 0.0006439103744924068, "hash_s": 0.0032736798748373985, "nonzero_groups": [0, 1, 2, 3, 4, 5, 6]}], "bytes": 27071488, "consume_s": 0.03632378997281194, "ack_s": 0.001409380231052637, "total_s": 0.03773336997255683, "hold_ms": 0}
127.0.0.1 - - [09/Oct/2026 07:59:15] "POST /consume HTTP/1.1" 200 -
{"mock_phase": "planned", "request_id": "cmpl-bbb1e55a5b9ded4a-0-b2ee686f", "rank": 0, "pages": 35, "bytes": 3383936}
{"mock_phase": "before_read", "rank": 0, "copies": 35, "bytes": 3383936}
{"mock_phase": "read_complete", "rank": 0, "ret": 0, "bytes": 3383936}
{"mock_phase": "planned", "request_id": "cmpl-bbb1e55a5b9ded4a-0-b2ee686f", "rank": 1, "pages": 35, "bytes": 3383936}
{"mock_phase": "before_read", "rank": 1, "copies": 35, "bytes": 3383936}
{"mock_phase": "read_complete", "rank": 1, "ret": 0, "bytes": 3383936}
{"mock_phase": "planned", "request_id": "cmpl-bbb1e55a5b9ded4a-0-b2ee686f", "rank": 2, "pages": 35, "bytes": 3383936}
{"mock_phase": "before_read", "rank": 2, "copies": 35, "bytes": 3383936}
{"mock_phase": "read_complete", "rank": 2, "ret": 0, "bytes": 3383936}
{"mock_phase": "planned", "request_id": "cmpl-bbb1e55a5b9ded4a-0-b2ee686f", "rank": 3, "pages": 35, "bytes": 3383936}
{"mock_phase": "before_read", "rank": 3, "copies": 35, "bytes": 3383936}
{"mock_phase": "read_complete", "rank": 3, "ret": 0, "bytes": 3383936}
{"mock_phase": "planned", "request_id": "cmpl-bbb1e55a5b9ded4a-0-b2ee686f", "rank": 4, "pages": 35, "bytes": 3383936}
{"mock_phase": "before_read", "rank": 4, "copies": 35, "bytes": 3383936}
{"mock_phase": "read_complete", "rank": 4, "ret": 0, "bytes": 3383936}
{"mock_phase": "planned", "request_id": "cmpl-bbb1e55a5b9ded4a-0-b2ee686f", "rank": 5, "pages": 35, "bytes": 3383936}
{"mock_phase": "before_read", "rank": 5, "copies": 35, "bytes": 3383936}
{"mock_phase": "read_complete", "rank": 5, "ret": 0, "bytes": 3383936}
{"mock_phase": "planned", "request_id": "cmpl-bbb1e55a5b9ded4a-0-b2ee686f", "rank": 6, "pages": 35, "bytes": 3383936}
{"mock_phase": "before_read", "rank": 6, "copies": 35, "bytes": 3383936}
{"mock_phase": "read_complete", "rank": 6, "ret": 0, "bytes": 3383936}
{"mock_phase": "planned", "request_id": "cmpl-bbb1e55a5b9ded4a-0-b2ee686f", "rank": 7, "pages": 35, "bytes": 3383936}
{"mock_phase": "before_read", "rank": 7, "copies": 35, "bytes": 3383936}
{"mock_phase": "read_complete", "rank": 7, "ret": 0, "bytes": 3383936}
{"ok": true, "request_id": "cmpl-bbb1e55a5b9ded4a-0-b2ee686f", "ranks": [{"rank": 0, "bytes": 3383936, "read_s": 0.0007102000527083874, "hash_s": 0.00407953979447484, "nonzero_groups": [0, 1, 2, 3, 4, 5, 6]}, {"rank": 1, "bytes": 3383936, "read_s": 0.0006740102544426918, "hash_s": 0.0038316096179187298, "nonzero_groups": [0, 1, 2, 3, 4, 5, 6]}, {"rank": 2, "bytes": 3383936, "read_s": 0.0007675900124013424, "hash_s": 0.0037876199930906296, "nonzero_groups": [0, 1, 2, 3, 4, 5, 6]}, {"rank": 3, "bytes": 3383936, "read_s": 0.0007187300361692905, "hash_s": 0.0037850202061235905, "nonzero_groups": [0, 1, 2, 3, 4, 5, 6]}, {"rank": 4, "bytes": 3383936, "read_s": 0.0006854599341750145, "hash_s": 0.0037814099341630936, "nonzero_groups": [0, 1, 2, 3, 4, 5, 6]}, {"rank": 5, "bytes": 3383936, "read_s": 0.0006433101370930672, "hash_s": 0.0037846900522708893, "nonzero_groups": [0, 1, 2, 3, 4, 5, 6]}, {"rank": 6, "bytes": 3383936, "read_s": 0.0006440300494432449, "hash_s": 0.003785619977861643, "nonzero_groups": [0, 1, 2, 3, 4, 5, 6]}, {"rank": 7, "bytes": 3383936, "read_s": 0.0006791898049414158, "hash_s": 0.0037753302603960037, "nonzero_groups": [0, 1, 2, 3, 4, 5, 6]}], "bytes": 27071488, "consume_s": 0.04174675978720188, "ack_s": 0.002265669871121645, "total_s": 0.04401260009035468, "hold_ms": 0}
127.0.0.1 - - [09/Oct/2026 07:59:16] "POST /consume HTTP/1.1" 200 -
{"mock_phase": "planned", "request_id": "cmpl-aa4364adca5a6fad-0-96411085", "rank": 0, "pages": 35, "bytes": 3383936}
{"mock_phase": "before_read", "rank": 0, "copies": 35, "bytes": 3383936}
{"mock_phase": "read_complete", "rank": 0, "ret": 0, "bytes": 3383936}
{"mock_phase": "planned", "request_id": "cmpl-aa4364adca5a6fad-0-96411085", "rank": 1, "pages": 35, "bytes": 3383936}
{"mock_phase": "before_read", "rank": 1, "copies": 35, "bytes": 3383936}
{"mock_phase": "read_complete", "rank": 1, "ret": 0, "bytes": 3383936}
{"mock_phase": "planned", "request_id": "cmpl-aa4364adca5a6fad-0-96411085", "rank": 2, "pages": 35, "bytes": 3383936}
{"mock_phase": "before_read", "rank": 2, "copies": 35, "bytes": 3383936}
{"mock_phase": "read_complete", "rank": 2, "ret": 0, "bytes": 3383936}
{"mock_phase": "planned", "request_id": "cmpl-aa4364adca5a6fad-0-96411085", "rank": 3, "pages": 35, "bytes": 3383936}
{"mock_phase": "before_read", "rank": 3, "copies": 35, "bytes": 3383936}
{"mock_phase": "read_complete", "rank": 3, "ret": 0, "bytes": 3383936}
{"mock_phase": "planned", "request_id": "cmpl-aa4364adca5a6fad-0-96411085", "rank": 4, "pages": 35, "bytes": 3383936}
{"mock_phase": "before_read", "rank": 4, "copies": 35, "bytes": 3383936}
{"mock_phase": "read_complete", "rank": 4, "ret": 0, "bytes": 3383936}
{"mock_phase": "planned", "request_id": "cmpl-aa4364adca5a6fad-0-96411085", "rank": 5, "pages": 35, "bytes": 3383936}
{"mock_phase": "before_read", "rank": 5, "copies": 35, "bytes": 3383936}
{"mock_phase": "read_complete", "rank": 5, "ret": 0, "bytes": 3383936}
{"mock_phase": "planned", "request_id": "cmpl-aa4364adca5a6fad-0-96411085", "rank": 6, "pages": 35, "bytes": 3383936}
{"mock_phase": "before_read", "rank": 6, "copies": 35, "bytes": 3383936}
{"mock_phase": "read_complete", "rank": 6, "ret": 0, "bytes": 3383936}
{"mock_phase": "planned", "request_id": "cmpl-aa4364adca5a6fad-0-96411085", "rank": 7, "pages": 35, "bytes": 3383936}
{"mock_phase": "before_read", "rank": 7, "copies": 35, "bytes": 3383936}
{"mock_phase": "read_complete", "rank": 7, "ret": 0, "bytes": 3383936}
{"ok": true, "request_id": "cmpl-aa4364adca5a6fad-0-96411085", "ranks": [{"rank": 0, "bytes": 3383936, "read_s": 0.0006822398863732815, "hash_s": 0.003868639934808016, "nonzero_groups": [0, 1, 2, 3, 4, 5, 6]}, {"rank": 1, "bytes": 3383936, "read_s": 0.0006200196221470833, "hash_s": 0.0038101300597190857, "nonzero_groups": [0, 1, 2, 3, 4, 5, 6]}, {"rank": 2, "bytes": 3383936, "read_s": 0.0007349899969995022, "hash_s": 0.0037988098338246346, "nonzero_groups": [0, 1, 2, 3, 4, 5, 6]}, {"rank": 3, "bytes": 3383936, "read_s": 0.0007127202115952969, "hash_s": 0.0037854299880564213, "nonzero_groups": [0, 1, 2, 3, 4, 5, 6]}, {"rank": 4, "bytes": 3383936, "read_s": 0.000656419899314642, "hash_s": 0.003788149915635586, "nonzero_groups": [0, 1, 2, 3, 4, 5, 6]}, {"rank": 5, "bytes": 3383936, "read_s": 0.0006433497183024883, "hash_s": 0.003790270071476698, "nonzero_groups": [0, 1, 2, 3, 4, 5, 6]}, {"rank": 6, "bytes": 3383936, "read_s": 0.0006318301893770695, "hash_s": 0.0037887096405029297, "nonzero_groups": [0, 1, 2, 3, 4, 5, 6]}, {"rank": 7, "bytes": 3383936, "read_s": 0.0006597698666155338, "hash_s": 0.0037760897539556026, "nonzero_groups": [0, 1, 2, 3, 4, 5, 6]}], "bytes": 27071488, "consume_s": 0.040690770372748375, "ack_s": 0.0016647297888994217, "total_s": 0.04235562030225992, "hold_ms": 0}
127.0.0.1 - - [09/Oct/2026 07:59:16] "POST /consume HTTP/1.1" 200 -
{"mock_phase": "planned", "request_id": "cmpl-91d594967333ad70-0-b741d907", "rank": 0, "pages": 35, "bytes": 3383936}
{"mock_phase": "before_read", "rank": 0, "copies": 35, "bytes": 3383936}
{"mock_phase": "read_complete", "rank": 0, "ret": 0, "bytes": 3383936}
{"mock_phase": "planned", "request_id": "cmpl-91d594967333ad70-0-b741d907", "rank": 1, "pages": 35, "bytes": 3383936}
{"mock_phase": "before_read", "rank": 1, "copies": 35, "bytes": 3383936}
{"mock_phase": "read_complete", "rank": 1, "ret": 0, "bytes": 3383936}
{"mock_phase": "planned", "request_id": "cmpl-91d594967333ad70-0-b741d907", "rank": 2, "pages": 35, "bytes": 3383936}
{"mock_phase": "before_read", "rank": 2, "copies": 35, "bytes": 3383936}
{"mock_phase": "read_complete", "rank": 2, "ret": 0, "bytes": 3383936}
{"mock_phase": "planned", "request_id": "cmpl-91d594967333ad70-0-b741d907", "rank": 3, "pages": 35, "bytes": 3383936}
{"mock_phase": "before_read", "rank": 3, "copies": 35, "bytes": 3383936}
{"mock_phase": "read_complete", "rank": 3, "ret": 0, "bytes": 3383936}
{"mock_phase": "planned", "request_id": "cmpl-91d594967333ad70-0-b741d907", "rank": 4, "pages": 35, "bytes": 3383936}
{"mock_phase": "before_read", "rank": 4, "copies": 35, "bytes": 3383936}
{"mock_phase": "read_complete", "rank": 4, "ret": 0, "bytes": 3383936}
{"mock_phase": "planned", "request_id": "cmpl-91d594967333ad70-0-b741d907", "rank": 5, "pages": 35, "bytes": 3383936}
{"mock_phase": "before_read", "rank": 5, "copies": 35, "bytes": 3383936}
{"mock_phase": "read_complete", "rank": 5, "ret": 0, "bytes": 3383936}
{"mock_phase": "planned", "request_id": "cmpl-91d594967333ad70-0-b741d907", "rank": 6, "pages": 35, "bytes": 3383936}
{"mock_phase": "before_read", "rank": 6, "copies": 35, "bytes": 3383936}
{"mock_phase": "read_complete", "rank": 6, "ret": 0, "bytes": 3383936}
{"mock_phase": "planned", "request_id": "cmpl-91d594967333ad70-0-b741d907", "rank": 7, "pages": 35, "bytes": 3383936}
{"mock_phase": "before_read", "rank": 7, "copies": 35, "bytes": 3383936}
{"mock_phase": "read_complete", "rank": 7, "ret": 0, "bytes": 3383936}
{"ok": true, "request_id": "cmpl-91d594967333ad70-0-b741d907", "ranks": [{"rank": 0, "bytes": 3383936, "read_s": 0.0006589195691049099, "hash_s": 0.0038501201197504997, "nonzero_groups": [0, 1, 2, 3, 4, 5, 6]}, {"rank": 1, "bytes": 3383936, "read_s": 0.0006080497987568378, "hash_s": 0.00379608990624547, "nonzero_groups": [0, 1, 2, 3, 4, 5, 6]}, {"rank": 2, "bytes": 3383936, "read_s": 0.0006706798449158669, "hash_s": 0.0037749996408820152, "nonzero_groups": [0, 1, 2, 3, 4, 5, 6]}, {"rank": 3, "bytes": 3383936, "read_s": 0.000730730127543211, "hash_s": 0.003785210195928812, "nonzero_groups": [0, 1, 2, 3, 4, 5, 6]}, {"rank": 4, "bytes": 3383936, "read_s": 0.0006380998529493809, "hash_s": 0.0037760199047625065, "nonzero_groups": [0, 1, 2, 3, 4, 5, 6]}, {"rank": 5, "bytes": 3383936, "read_s": 0.0006303600966930389, "hash_s": 0.0037794201634824276, "nonzero_groups": [0, 1, 2, 3, 4, 5, 6]}, {"rank": 6, "bytes": 3383936, "read_s": 0.0006315899081528187, "hash_s": 0.003770279698073864, "nonzero_groups": [0, 1, 2, 3, 4, 5, 6]}, {"rank": 7, "bytes": 3383936, "read_s": 0.0006193695589900017, "hash_s": 0.0037822602316737175, "nonzero_groups": [0, 1, 2, 3, 4, 5, 6]}], "bytes": 27071488, "consume_s": 0.040272210258990526, "ack_s": 0.0016628699377179146, "total_s": 0.04193523991852999, "hold_ms": 0}
127.0.0.1 - - [09/Oct/2026 07:59:16] "POST /consume HTTP/1.1" 200 -
{"mock_phase": "planned", "request_id": "cmpl-bcf0bc480353a4b2-0-b1825c4e", "rank": 0, "pages": 139, "bytes": 8590336}
{"mock_phase": "before_read", "rank": 0, "copies": 64, "bytes": 1771520}
{"mock_phase": "read_complete", "rank": 0, "ret": 0, "bytes": 1771520}
{"mock_phase": "before_read", "rank": 0, "copies": 64, "bytes": 5377024}
{"mock_phase": "read_complete", "rank": 0, "ret": 0, "bytes": 5377024}
{"mock_phase": "before_read", "rank": 0, "copies": 11, "bytes": 1441792}
{"mock_phase": "read_complete", "rank": 0, "ret": 0, "bytes": 1441792}
{"mock_phase": "planned", "request_id": "cmpl-bcf0bc480353a4b2-0-b1825c4e", "rank": 1, "pages": 139, "bytes": 8590336}
{"mock_phase": "before_read", "rank": 1, "copies": 64, "bytes": 1771520}
{"mock_phase": "read_complete", "rank": 1, "ret": 0, "bytes": 1771520}
{"mock_phase": "before_read", "rank": 1, "copies": 64, "bytes": 5377024}
{"mock_phase": "read_complete", "rank": 1, "ret": 0, "bytes": 5377024}
{"mock_phase": "before_read", "rank": 1, "copies": 11, "bytes": 1441792}
{"mock_phase": "read_complete", "rank": 1, "ret": 0, "bytes": 1441792}
{"mock_phase": "planned", "request_id": "cmpl-bcf0bc480353a4b2-0-b1825c4e", "rank": 2, "pages": 139, "bytes": 8590336}
{"mock_phase": "before_read", "rank": 2, "copies": 64, "bytes": 1771520}
{"mock_phase": "read_complete", "rank": 2, "ret": 0, "bytes": 1771520}
{"mock_phase": "before_read", "rank": 2, "copies": 64, "bytes": 5377024}
{"mock_phase": "read_complete", "rank": 2, "ret": 0, "bytes": 5377024}
{"mock_phase": "before_read", "rank": 2, "copies": 11, "bytes": 1441792}
{"mock_phase": "read_complete", "rank": 2, "ret": 0, "bytes": 1441792}
{"mock_phase": "planned", "request_id": "cmpl-bcf0bc480353a4b2-0-b1825c4e", "rank": 3, "pages": 139, "bytes": 8590336}
{"mock_phase": "before_read", "rank": 3, "copies": 64, "bytes": 1771520}
{"mock_phase": "read_complete", "rank": 3, "ret": 0, "bytes": 1771520}
{"mock_phase": "before_read", "rank": 3, "copies": 64, "bytes": 5377024}
{"mock_phase": "read_complete", "rank": 3, "ret": 0, "bytes": 5377024}
{"mock_phase": "before_read", "rank": 3, "copies": 11, "bytes": 1441792}
{"mock_phase": "read_complete", "rank": 3, "ret": 0, "bytes": 1441792}
{"mock_phase": "planned", "request_id": "cmpl-bcf0bc480353a4b2-0-b1825c4e", "rank": 4, "pages": 139, "bytes": 8590336}
{"mock_phase": "before_read", "rank": 4, "copies": 64, "bytes": 1771520}
{"mock_phase": "read_complete", "rank": 4, "ret": 0, "bytes": 1771520}
{"mock_phase": "before_read", "rank": 4, "copies": 64, "bytes": 5377024}
{"mock_phase": "read_complete", "rank": 4, "ret": 0, "bytes": 5377024}
{"mock_phase": "before_read", "rank": 4, "copies": 11, "bytes": 1441792}
{"mock_phase": "read_complete", "rank": 4, "ret": 0, "bytes": 1441792}
{"mock_phase": "planned", "request_id": "cmpl-bcf0bc480353a4b2-0-b1825c4e", "rank": 5, "pages": 139, "bytes": 8590336}
{"mock_phase": "before_read", "rank": 5, "copies": 64, "bytes": 1771520}
{"mock_phase": "read_complete", "rank": 5, "ret": 0, "bytes": 1771520}
{"mock_phase": "before_read", "rank": 5, "copies": 64, "bytes": 5377024}
{"mock_phase": "read_complete", "rank": 5, "ret": 0, "bytes": 5377024}
{"mock_phase": "before_read", "rank": 5, "copies": 11, "bytes": 1441792}
{"mock_phase": "read_complete", "rank": 5, "ret": 0, "bytes": 1441792}
{"mock_phase": "planned", "request_id": "cmpl-bcf0bc480353a4b2-0-b1825c4e", "rank": 6, "pages": 139, "bytes": 8590336}
{"mock_phase": "before_read", "rank": 6, "copies": 64, "bytes": 1771520}
{"mock_phase": "read_complete", "rank": 6, "ret": 0, "bytes": 1771520}
{"mock_phase": "before_read", "rank": 6, "copies": 64, "bytes": 5377024}
{"mock_phase": "read_complete", "rank": 6, "ret": 0, "bytes": 5377024}
{"mock_phase": "before_read", "rank": 6, "copies": 11, "bytes": 1441792}
{"mock_phase": "read_complete", "rank": 6, "ret": 0, "bytes": 1441792}
{"mock_phase": "planned", "request_id": "cmpl-bcf0bc480353a4b2-0-b1825c4e", "rank": 7, "pages": 139, "bytes": 8590336}
{"mock_phase": "before_read", "rank": 7, "copies": 64, "bytes": 1771520}
{"mock_phase": "read_complete", "rank": 7, "ret": 0, "bytes": 1771520}
{"mock_phase": "before_read", "rank": 7, "copies": 64, "bytes": 5377024}
{"mock_phase": "read_complete", "rank": 7, "ret": 0, "bytes": 5377024}
{"mock_phase": "before_read", "rank": 7, "copies": 11, "bytes": 1441792}
{"mock_phase": "read_complete", "rank": 7, "ret": 0, "bytes": 1441792}
{"ok": true, "request_id": "cmpl-bcf0bc480353a4b2-0-b1825c4e", "ranks": [{"rank": 0, "bytes": 8590336, "read_s": 0.0017334106378257275, "hash_s": 0.010260999668389559, "nonzero_groups": [0, 1, 2, 3, 4, 5, 6]}, {"rank": 1, "bytes": 8590336, "read_s": 0.0017746309749782085, "hash_s": 0.010606069583445787, "nonzero_groups": [0, 1, 2, 3, 4, 5, 6]}, {"rank": 2, "bytes": 8590336, "read_s": 0.0016734595410525799, "hash_s": 0.01017561974003911, "nonzero_groups": [0, 1, 2, 3, 4, 5, 6]}, {"rank": 3, "bytes": 8590336, "read_s": 0.0015861503779888153, "hash_s": 0.010119230020791292, "nonzero_groups": [0, 1, 2, 3, 4, 5, 6]}, {"rank": 4, "bytes": 8590336, "read_s": 0.001550349872559309, "hash_s": 0.01018603052943945, "nonzero_groups": [0, 1, 2, 3, 4, 5, 6]}, {"rank": 5, "bytes": 8590336, "read_s": 0.0014934595674276352, "hash_s": 0.010159870143979788, "nonzero_groups": [0, 1, 2, 3, 4, 5, 6]}, {"rank": 6, "bytes": 8590336, "read_s": 0.0015905201435089111, "hash_s": 0.010156090371310711, "nonzero_groups": [0, 1, 2, 3, 4, 5, 6]}, {"rank": 7, "bytes": 8590336, "read_s": 0.0015743100084364414, "hash_s": 0.01012563006952405, "nonzero_groups": [0, 1, 2, 3, 4, 5, 6]}], "bytes": 68722688, "consume_s": 0.10315538989380002, "ack_s": 0.0028073801659047604, "total_s": 0.10596300009638071, "hold_ms": 0}
127.0.0.1 - - [09/Oct/2026 07:59:17] "POST /consume HTTP/1.1" 200 -
{"mock_phase": "planned", "request_id": "cmpl-bb2387cd10c32a8e-0-a5c62d45", "rank": 0, "pages": 139, "bytes": 8590336}
{"mock_phase": "before_read", "rank": 0, "copies": 64, "bytes": 1771520}
{"mock_phase": "read_complete", "rank": 0, "ret": 0, "bytes": 1771520}
{"mock_phase": "before_read", "rank": 0, "copies": 64, "bytes": 5377024}
{"mock_phase": "read_complete", "rank": 0, "ret": 0, "bytes": 5377024}
{"mock_phase": "before_read", "rank": 0, "copies": 11, "bytes": 1441792}
{"mock_phase": "read_complete", "rank": 0, "ret": 0, "bytes": 1441792}
{"mock_phase": "planned", "request_id": "cmpl-bb2387cd10c32a8e-0-a5c62d45", "rank": 1, "pages": 139, "bytes": 8590336}
{"mock_phase": "before_read", "rank": 1, "copies": 64, "bytes": 1771520}
{"mock_phase": "read_complete", "rank": 1, "ret": 0, "bytes": 1771520}
{"mock_phase": "before_read", "rank": 1, "copies": 64, "bytes": 5377024}
{"mock_phase": "read_complete", "rank": 1, "ret": 0, "bytes": 5377024}
{"mock_phase": "before_read", "rank": 1, "copies": 11, "bytes": 1441792}
{"mock_phase": "read_complete", "rank": 1, "ret": 0, "bytes": 1441792}
{"mock_phase": "planned", "request_id": "cmpl-bb2387cd10c32a8e-0-a5c62d45", "rank": 2, "pages": 139, "bytes": 8590336}
{"mock_phase": "before_read", "rank": 2, "copies": 64, "bytes": 1771520}
{"mock_phase": "read_complete", "rank": 2, "ret": 0, "bytes": 1771520}
{"mock_phase": "before_read", "rank": 2, "copies": 64, "bytes": 5377024}
{"mock_phase": "read_complete", "rank": 2, "ret": 0, "bytes": 5377024}
{"mock_phase": "before_read", "rank": 2, "copies": 11, "bytes": 1441792}
{"mock_phase": "read_complete", "rank": 2, "ret": 0, "bytes": 1441792}
{"mock_phase": "planned", "request_id": "cmpl-bb2387cd10c32a8e-0-a5c62d45", "rank": 3, "pages": 139, "bytes": 8590336}
{"mock_phase": "before_read", "rank": 3, "copies": 64, "bytes": 1771520}
{"mock_phase": "read_complete", "rank": 3, "ret": 0, "bytes": 1771520}
{"mock_phase": "before_read", "rank": 3, "copies": 64, "bytes": 5377024}
{"mock_phase": "read_complete", "rank": 3, "ret": 0, "bytes": 5377024}
{"mock_phase": "before_read", "rank": 3, "copies": 11, "bytes": 1441792}
{"mock_phase": "read_complete", "rank": 3, "ret": 0, "bytes": 1441792}
{"mock_phase": "planned", "request_id": "cmpl-bb2387cd10c32a8e-0-a5c62d45", "rank": 4, "pages": 139, "bytes": 8590336}
{"mock_phase": "before_read", "rank": 4, "copies": 64, "bytes": 1771520}
{"mock_phase": "read_complete", "rank": 4, "ret": 0, "bytes": 1771520}
{"mock_phase": "before_read", "rank": 4, "copies": 64, "bytes": 5377024}
{"mock_phase": "read_complete", "rank": 4, "ret": 0, "bytes": 5377024}
{"mock_phase": "before_read", "rank": 4, "copies": 11, "bytes": 1441792}
{"mock_phase": "read_complete", "rank": 4, "ret": 0, "bytes": 1441792}
{"mock_phase": "planned", "request_id": "cmpl-bb2387cd10c32a8e-0-a5c62d45", "rank": 5, "pages": 139, "bytes": 8590336}
{"mock_phase": "before_read", "rank": 5, "copies": 64, "bytes": 1771520}
{"mock_phase": "read_complete", "rank": 5, "ret": 0, "bytes": 1771520}
{"mock_phase": "before_read", "rank": 5, "copies": 64, "bytes": 5377024}
{"mock_phase": "read_complete", "rank": 5, "ret": 0, "bytes": 5377024}
{"mock_phase": "before_read", "rank": 5, "copies": 11, "bytes": 1441792}
{"mock_phase": "read_complete", "rank": 5, "ret": 0, "bytes": 1441792}
{"mock_phase": "planned", "request_id": "cmpl-bb2387cd10c32a8e-0-a5c62d45", "rank": 6, "pages": 139, "bytes": 8590336}
{"mock_phase": "before_read", "rank": 6, "copies": 64, "bytes": 1771520}
{"mock_phase": "read_complete", "rank": 6, "ret": 0, "bytes": 1771520}
{"mock_phase": "before_read", "rank": 6, "copies": 64, "bytes": 5377024}
{"mock_phase": "read_complete", "rank": 6, "ret": 0, "bytes": 5377024}
{"mock_phase": "before_read", "rank": 6, "copies": 11, "bytes": 1441792}
{"mock_phase": "read_complete", "rank": 6, "ret": 0, "bytes": 1441792}
{"mock_phase": "planned", "request_id": "cmpl-bb2387cd10c32a8e-0-a5c62d45", "rank": 7, "pages": 139, "bytes": 8590336}
{"mock_phase": "before_read", "rank": 7, "copies": 64, "bytes": 1771520}
{"mock_phase": "read_complete", "rank": 7, "ret": 0, "bytes": 1771520}
{"mock_phase": "before_read", "rank": 7, "copies": 64, "bytes": 5377024}
{"mock_phase": "read_complete", "rank": 7, "ret": 0, "bytes": 5377024}
{"mock_phase": "before_read", "rank": 7, "copies": 11, "bytes": 1441792}
{"mock_phase": "read_complete", "rank": 7, "ret": 0, "bytes": 1441792}
{"ok": true, "request_id": "cmpl-bb2387cd10c32a8e-0-a5c62d45", "ranks": [{"rank": 0, "bytes": 8590336, "read_s": 0.0017497800290584564, "hash_s": 0.010230209678411484, "nonzero_groups": [0, 1, 2, 3, 4, 5, 6]}, {"rank": 1, "bytes": 8590336, "read_s": 0.0016586501151323318, "hash_s": 0.010202919598668814, "nonzero_groups": [0, 1, 2, 3, 4, 5, 6]}, {"rank": 2, "bytes": 8590336, "read_s": 0.0016723894514143467, "hash_s": 0.010145619977265596, "nonzero_groups": [0, 1, 2, 3, 4, 5, 6]}, {"rank": 3, "bytes": 8590336, "read_s": 0.0015704701654613018, "hash_s": 0.01017575990408659, "nonzero_groups": [0, 1, 2, 3, 4, 5, 6]}, {"rank": 4, "bytes": 8590336, "read_s": 0.0016980203799903393, "hash_s": 0.010151510126888752, "nonzero_groups": [0, 1, 2, 3, 4, 5, 6]}, {"rank": 5, "bytes": 8590336, "read_s": 0.0015546693466603756, "hash_s": 0.010149499867111444, "nonzero_groups": [0, 1, 2, 3, 4, 5, 6]}, {"rank": 6, "bytes": 8590336, "read_s": 0.0015206602402031422, "hash_s": 0.010165069717913866, "nonzero_groups": [0, 1, 2, 3, 4, 5, 6]}, {"rank": 7, "bytes": 8590336, "read_s": 0.0015497300773859024, "hash_s": 0.010149280074983835, "nonzero_groups": [0, 1, 2, 3, 4, 5, 6]}], "bytes": 68722688, "consume_s": 0.10252520022913814, "ack_s": 0.0016222000122070312, "total_s": 0.10414764005690813, "hold_ms": 0}
127.0.0.1 - - [09/Oct/2026 07:59:17] "POST /consume HTTP/1.1" 200 -
{"mock_phase": "planned", "request_id": "cmpl-9dac8bb141b3e84c-0-be72c421", "rank": 0, "pages": 139, "bytes": 8590336}
{"mock_phase": "before_read", "rank": 0, "copies": 64, "bytes": 1771520}
{"mock_phase": "read_complete", "rank": 0, "ret": 0, "bytes": 1771520}
{"mock_phase": "before_read", "rank": 0, "copies": 64, "bytes": 5377024}
{"mock_phase": "read_complete", "rank": 0, "ret": 0, "bytes": 5377024}
{"mock_phase": "before_read", "rank": 0, "copies": 11, "bytes": 1441792}
{"mock_phase": "read_complete", "rank": 0, "ret": 0, "bytes": 1441792}
{"mock_phase": "planned", "request_id": "cmpl-9dac8bb141b3e84c-0-be72c421", "rank": 1, "pages": 139, "bytes": 8590336}
{"mock_phase": "before_read", "rank": 1, "copies": 64, "bytes": 1771520}
{"mock_phase": "read_complete", "rank": 1, "ret": 0, "bytes": 1771520}
{"mock_phase": "before_read", "rank": 1, "copies": 64, "bytes": 5377024}
{"mock_phase": "read_complete", "rank": 1, "ret": 0, "bytes": 5377024}
{"mock_phase": "before_read", "rank": 1, "copies": 11, "bytes": 1441792}
{"mock_phase": "read_complete", "rank": 1, "ret": 0, "bytes": 1441792}
{"mock_phase": "planned", "request_id": "cmpl-9dac8bb141b3e84c-0-be72c421", "rank": 2, "pages": 139, "bytes": 8590336}
{"mock_phase": "before_read", "rank": 2, "copies": 64, "bytes": 1771520}
{"mock_phase": "read_complete", "rank": 2, "ret": 0, "bytes": 1771520}
{"mock_phase": "before_read", "rank": 2, "copies": 64, "bytes": 5377024}
{"mock_phase": "read_complete", "rank": 2, "ret": 0, "bytes": 5377024}
{"mock_phase": "before_read", "rank": 2, "copies": 11, "bytes": 1441792}
{"mock_phase": "read_complete", "rank": 2, "ret": 0, "bytes": 1441792}
{"mock_phase": "planned", "request_id": "cmpl-9dac8bb141b3e84c-0-be72c421", "rank": 3, "pages": 139, "bytes": 8590336}
{"mock_phase": "before_read", "rank": 3, "copies": 64, "bytes": 1771520}
{"mock_phase": "read_complete", "rank": 3, "ret": 0, "bytes": 1771520}
{"mock_phase": "before_read", "rank": 3, "copies": 64, "bytes": 5377024}
{"mock_phase": "read_complete", "rank": 3, "ret": 0, "bytes": 5377024}
{"mock_phase": "before_read", "rank": 3, "copies": 11, "bytes": 1441792}
{"mock_phase": "read_complete", "rank": 3, "ret": 0, "bytes": 1441792}
{"mock_phase": "planned", "request_id": "cmpl-9dac8bb141b3e84c-0-be72c421", "rank": 4, "pages": 139, "bytes": 8590336}
{"mock_phase": "before_read", "rank": 4, "copies": 64, "bytes": 1771520}
{"mock_phase": "read_complete", "rank": 4, "ret": 0, "bytes": 1771520}
{"mock_phase": "before_read", "rank": 4, "copies": 64, "bytes": 5377024}
{"mock_phase": "read_complete", "rank": 4, "ret": 0, "bytes": 5377024}
{"mock_phase": "before_read", "rank": 4, "copies": 11, "bytes": 1441792}
{"mock_phase": "read_complete", "rank": 4, "ret": 0, "bytes": 1441792}
{"mock_phase": "planned", "request_id": "cmpl-9dac8bb141b3e84c-0-be72c421", "rank": 5, "pages": 139, "bytes": 8590336}
{"mock_phase": "before_read", "rank": 5, "copies": 64, "bytes": 1771520}
{"mock_phase": "read_complete", "rank": 5, "ret": 0, "bytes": 1771520}
{"mock_phase": "before_read", "rank": 5, "copies": 64, "bytes": 5377024}
{"mock_phase": "read_complete", "rank": 5, "ret": 0, "bytes": 5377024}
{"mock_phase": "before_read", "rank": 5, "copies": 11, "bytes": 1441792}
{"mock_phase": "read_complete", "rank": 5, "ret": 0, "bytes": 1441792}
{"mock_phase": "planned", "request_id": "cmpl-9dac8bb141b3e84c-0-be72c421", "rank": 6, "pages": 139, "bytes": 8590336}
{"mock_phase": "before_read", "rank": 6, "copies": 64, "bytes": 1771520}
{"mock_phase": "read_complete", "rank": 6, "ret": 0, "bytes": 1771520}
{"mock_phase": "before_read", "rank": 6, "copies": 64, "bytes": 5377024}
{"mock_phase": "read_complete", "rank": 6, "ret": 0, "bytes": 5377024}
{"mock_phase": "before_read", "rank": 6, "copies": 11, "bytes": 1441792}
{"mock_phase": "read_complete", "rank": 6, "ret": 0, "bytes": 1441792}
{"mock_phase": "planned", "request_id": "cmpl-9dac8bb141b3e84c-0-be72c421", "rank": 7, "pages": 139, "bytes": 8590336}
{"mock_phase": "before_read", "rank": 7, "copies": 64, "bytes": 1771520}
{"mock_phase": "read_complete", "rank": 7, "ret": 0, "bytes": 1771520}
{"mock_phase": "before_read", "rank": 7, "copies": 64, "bytes": 5377024}
{"mock_phase": "read_complete", "rank": 7, "ret": 0, "bytes": 5377024}
{"mock_phase": "before_read", "rank": 7, "copies": 11, "bytes": 1441792}
{"mock_phase": "read_complete", "rank": 7, "ret": 0, "bytes": 1441792}
{"ok": true, "request_id": "cmpl-9dac8bb141b3e84c-0-be72c421", "ranks": [{"rank": 0, "bytes": 8590336, "read_s": 0.0017470801249146461, "hash_s": 0.010256640147417784, "nonzero_groups": [0, 1, 2, 3, 4, 5, 6]}, {"rank": 1, "bytes": 8590336, "read_s": 0.0016569001600146294, "hash_s": 0.010173310525715351, "nonzero_groups": [0, 1, 2, 3, 4, 5, 6]}, {"rank": 2, "bytes": 8590336, "read_s": 0.0016106902621686459, "hash_s": 0.010150969494134188, "nonzero_groups": [0, 1, 2, 3, 4, 5, 6]}, {"rank": 3, "bytes": 8590336, "read_s": 0.0016479501500725746, "hash_s": 0.01015707990154624, "nonzero_groups": [0, 1, 2, 3, 4, 5, 6]}, {"rank": 4, "bytes": 8590336, "read_s": 0.0015118196606636047, "hash_s": 0.01005459949374199, "nonzero_groups": [0, 1, 2, 3, 4, 5, 6]}, {"rank": 5, "bytes": 8590336, "read_s": 0.0016030301339924335, "hash_s": 0.01010664040222764, "nonzero_groups": [0, 1, 2, 3, 4, 5, 6]}, {"rank": 6, "bytes": 8590336, "read_s": 0.001546469982713461, "hash_s": 0.010119569953531027, "nonzero_groups": [0, 1, 2, 3, 4, 5, 6]}, {"rank": 7, "bytes": 8590336, "read_s": 0.0016416097059845924, "hash_s": 0.010111969895660877, "nonzero_groups": [0, 1, 2, 3, 4, 5, 6]}], "bytes": 68722688, "consume_s": 0.10271736979484558, "ack_s": 0.0015194900333881378, "total_s": 0.10423697996884584, "hold_ms": 0}
127.0.0.1 - - [09/Oct/2026 07:59:18] "POST /consume HTTP/1.1" 200 -
{"mock_phase": "planned", "request_id": "cmpl-b953d82964ce17ea-0-8a11874c", "rank": 0, "pages": 139, "bytes": 8590336}
{"mock_phase": "before_read", "rank": 0, "copies": 64, "bytes": 1771520}
{"mock_phase": "read_complete", "rank": 0, "ret": 0, "bytes": 1771520}
{"mock_phase": "before_read", "rank": 0, "copies": 64, "bytes": 5377024}
{"mock_phase": "read_complete", "rank": 0, "ret": 0, "bytes": 5377024}
{"mock_phase": "before_read", "rank": 0, "copies": 11, "bytes": 1441792}
{"mock_phase": "read_complete", "rank": 0, "ret": 0, "bytes": 1441792}
{"mock_phase": "planned", "request_id": "cmpl-b953d82964ce17ea-0-8a11874c", "rank": 1, "pages": 139, "bytes": 8590336}
{"mock_phase": "before_read", "rank": 1, "copies": 64, "bytes": 1771520}
{"mock_phase": "read_complete", "rank": 1, "ret": 0, "bytes": 1771520}
{"mock_phase": "before_read", "rank": 1, "copies": 64, "bytes": 5377024}
{"mock_phase": "read_complete", "rank": 1, "ret": 0, "bytes": 5377024}
{"mock_phase": "before_read", "rank": 1, "copies": 11, "bytes": 1441792}
{"mock_phase": "read_complete", "rank": 1, "ret": 0, "bytes": 1441792}
{"mock_phase": "planned", "request_id": "cmpl-b953d82964ce17ea-0-8a11874c", "rank": 2, "pages": 139, "bytes": 8590336}
{"mock_phase": "before_read", "rank": 2, "copies": 64, "bytes": 1771520}
{"mock_phase": "read_complete", "rank": 2, "ret": 0, "bytes": 1771520}
{"mock_phase": "before_read", "rank": 2, "copies": 64, "bytes": 5377024}
{"mock_phase": "read_complete", "rank": 2, "ret": 0, "bytes": 5377024}
{"mock_phase": "before_read", "rank": 2, "copies": 11, "bytes": 1441792}
{"mock_phase": "read_complete", "rank": 2, "ret": 0, "bytes": 1441792}
{"mock_phase": "planned", "request_id": "cmpl-b953d82964ce17ea-0-8a11874c", "rank": 3, "pages": 139, "bytes": 8590336}
{"mock_phase": "before_read", "rank": 3, "copies": 64, "bytes": 1771520}
{"mock_phase": "read_complete", "rank": 3, "ret": 0, "bytes": 1771520}
{"mock_phase": "before_read", "rank": 3, "copies": 64, "bytes": 5377024}
{"mock_phase": "read_complete", "rank": 3, "ret": 0, "bytes": 5377024}
{"mock_phase": "before_read", "rank": 3, "copies": 11, "bytes": 1441792}
{"mock_phase": "read_complete", "rank": 3, "ret": 0, "bytes": 1441792}
{"mock_phase": "planned", "request_id": "cmpl-b953d82964ce17ea-0-8a11874c", "rank": 4, "pages": 139, "bytes": 8590336}
{"mock_phase": "before_read", "rank": 4, "copies": 64, "bytes": 1771520}
{"mock_phase": "read_complete", "rank": 4, "ret": 0, "bytes": 1771520}
{"mock_phase": "before_read", "rank": 4, "copies": 64, "bytes": 5377024}
{"mock_phase": "read_complete", "rank": 4, "ret": 0, "bytes": 5377024}
{"mock_phase": "before_read", "rank": 4, "copies": 11, "bytes": 1441792}
{"mock_phase": "read_complete", "rank": 4, "ret": 0, "bytes": 1441792}
{"mock_phase": "planned", "request_id": "cmpl-b953d82964ce17ea-0-8a11874c", "rank": 5, "pages": 139, "bytes": 8590336}
{"mock_phase": "before_read", "rank": 5, "copies": 64, "bytes": 1771520}
{"mock_phase": "read_complete", "rank": 5, "ret": 0, "bytes": 1771520}
{"mock_phase": "before_read", "rank": 5, "copies": 64, "bytes": 5377024}
{"mock_phase": "read_complete", "rank": 5, "ret": 0, "bytes": 5377024}
{"mock_phase": "before_read", "rank": 5, "copies": 11, "bytes": 1441792}
{"mock_phase": "read_complete", "rank": 5, "ret": 0, "bytes": 1441792}
{"mock_phase": "planned", "request_id": "cmpl-b953d82964ce17ea-0-8a11874c", "rank": 6, "pages": 139, "bytes": 8590336}
{"mock_phase": "before_read", "rank": 6, "copies": 64, "bytes": 1771520}
{"mock_phase": "read_complete", "rank": 6, "ret": 0, "bytes": 1771520}
{"mock_phase": "before_read", "rank": 6, "copies": 64, "bytes": 5377024}
{"mock_phase": "read_complete", "rank": 6, "ret": 0, "bytes": 5377024}
{"mock_phase": "before_read", "rank": 6, "copies": 11, "bytes": 1441792}
{"mock_phase": "read_complete", "rank": 6, "ret": 0, "bytes": 1441792}
{"mock_phase": "planned", "request_id": "cmpl-b953d82964ce17ea-0-8a11874c", "rank": 7, "pages": 139, "bytes": 8590336}
{"mock_phase": "before_read", "rank": 7, "copies": 64, "bytes": 1771520}
{"mock_phase": "read_complete", "rank": 7, "ret": 0, "bytes": 1771520}
{"mock_phase": "before_read", "rank": 7, "copies": 64, "bytes": 5377024}
{"mock_phase": "read_complete", "rank": 7, "ret": 0, "bytes": 5377024}
{"mock_phase": "before_read", "rank": 7, "copies": 11, "bytes": 1441792}
{"mock_phase": "read_complete", "rank": 7, "ret": 0, "bytes": 1441792}
{"ok": true, "request_id": "cmpl-b953d82964ce17ea-0-8a11874c", "ranks": [{"rank": 0, "bytes": 8590336, "read_s": 0.0017214799299836159, "hash_s": 0.007190150208771229, "nonzero_groups": [0, 1, 2, 3, 4, 5, 6]}, {"rank": 1, "bytes": 8590336, "read_s": 0.001592210028320551, "hash_s": 0.007057730108499527, "nonzero_groups": [0, 1, 2, 3, 4, 5, 6]}, {"rank": 2, "bytes": 8590336, "read_s": 0.0015400601550936699, "hash_s": 0.007005059625953436, "nonzero_groups": [0, 1, 2, 3, 4, 5, 6]}, {"rank": 3, "bytes": 8590336, "read_s": 0.0014729495160281658, "hash_s": 0.007047460414469242, "nonzero_groups": [0, 1, 2, 3, 4, 5, 6]}, {"rank": 4, "bytes": 8590336, "read_s": 0.0015591196715831757, "hash_s": 0.006996199954301119, "nonzero_groups": [0, 1, 2, 3, 4, 5, 6]}, {"rank": 5, "bytes": 8590336, "read_s": 0.0014609801582992077, "hash_s": 0.007087110076099634, "nonzero_groups": [0, 1, 2, 3, 4, 5, 6]}, {"rank": 6, "bytes": 8590336, "read_s": 0.00155943026766181, "hash_s": 0.007019499782472849, "nonzero_groups": [0, 1, 2, 3, 4, 5, 6]}, {"rank": 7, "bytes": 8590336, "read_s": 0.001502159982919693, "hash_s": 0.007033349480479956, "nonzero_groups": [0, 1, 2, 3, 4, 5, 6]}], "bytes": 68722688, "consume_s": 0.07685896987095475, "ack_s": 0.002083039842545986, "total_s": 0.07894218992441893, "hold_ms": 0}
127.0.0.1 - - [09/Oct/2026 07:59:18] "POST /consume HTTP/1.1" 200 -
{"mock_phase": "planned", "request_id": "cmpl-a53b1a18cb0f76a0-0-9c4c0a02", "rank": 0, "pages": 139, "bytes": 8590336}
{"mock_phase": "before_read", "rank": 0, "copies": 64, "bytes": 1771520}
{"mock_phase": "read_complete", "rank": 0, "ret": 0, "bytes": 1771520}
{"mock_phase": "before_read", "rank": 0, "copies": 64, "bytes": 5377024}
{"mock_phase": "read_complete", "rank": 0, "ret": 0, "bytes": 5377024}
{"mock_phase": "before_read", "rank": 0, "copies": 11, "bytes": 1441792}
{"mock_phase": "read_complete", "rank": 0, "ret": 0, "bytes": 1441792}
{"mock_phase": "planned", "request_id": "cmpl-a53b1a18cb0f76a0-0-9c4c0a02", "rank": 1, "pages": 139, "bytes": 8590336}
{"mock_phase": "before_read", "rank": 1, "copies": 64, "bytes": 1771520}
{"mock_phase": "read_complete", "rank": 1, "ret": 0, "bytes": 1771520}
{"mock_phase": "before_read", "rank": 1, "copies": 64, "bytes": 5377024}
{"mock_phase": "read_complete", "rank": 1, "ret": 0, "bytes": 5377024}
{"mock_phase": "before_read", "rank": 1, "copies": 11, "bytes": 1441792}
{"mock_phase": "read_complete", "rank": 1, "ret": 0, "bytes": 1441792}
{"mock_phase": "planned", "request_id": "cmpl-a53b1a18cb0f76a0-0-9c4c0a02", "rank": 2, "pages": 139, "bytes": 8590336}
{"mock_phase": "before_read", "rank": 2, "copies": 64, "bytes": 1771520}
{"mock_phase": "read_complete", "rank": 2, "ret": 0, "bytes": 1771520}
{"mock_phase": "before_read", "rank": 2, "copies": 64, "bytes": 5377024}
{"mock_phase": "read_complete", "rank": 2, "ret": 0, "bytes": 5377024}
{"mock_phase": "before_read", "rank": 2, "copies": 11, "bytes": 1441792}
{"mock_phase": "read_complete", "rank": 2, "ret": 0, "bytes": 1441792}
{"mock_phase": "planned", "request_id": "cmpl-a53b1a18cb0f76a0-0-9c4c0a02", "rank": 3, "pages": 139, "bytes": 8590336}
{"mock_phase": "before_read", "rank": 3, "copies": 64, "bytes": 1771520}
{"mock_phase": "read_complete", "rank": 3, "ret": 0, "bytes": 1771520}
{"mock_phase": "before_read", "rank": 3, "copies": 64, "bytes": 5377024}
{"mock_phase": "read_complete", "rank": 3, "ret": 0, "bytes": 5377024}
{"mock_phase": "before_read", "rank": 3, "copies": 11, "bytes": 1441792}
{"mock_phase": "read_complete", "rank": 3, "ret": 0, "bytes": 1441792}
{"mock_phase": "planned", "request_id": "cmpl-a53b1a18cb0f76a0-0-9c4c0a02", "rank": 4, "pages": 139, "bytes": 8590336}
{"mock_phase": "before_read", "rank": 4, "copies": 64, "bytes": 1771520}
{"mock_phase": "read_complete", "rank": 4, "ret": 0, "bytes": 1771520}
{"mock_phase": "before_read", "rank": 4, "copies": 64, "bytes": 5377024}
{"mock_phase": "read_complete", "rank": 4, "ret": 0, "bytes": 5377024}
{"mock_phase": "before_read", "rank": 4, "copies": 11, "bytes": 1441792}
{"mock_phase": "read_complete", "rank": 4, "ret": 0, "bytes": 1441792}
{"mock_phase": "planned", "request_id": "cmpl-a53b1a18cb0f76a0-0-9c4c0a02", "rank": 5, "pages": 139, "bytes": 8590336}
{"mock_phase": "before_read", "rank": 5, "copies": 64, "bytes": 1771520}
{"mock_phase": "read_complete", "rank": 5, "ret": 0, "bytes": 1771520}
{"mock_phase": "before_read", "rank": 5, "copies": 64, "bytes": 5377024}
{"mock_phase": "read_complete", "rank": 5, "ret": 0, "bytes": 5377024}
{"mock_phase": "before_read", "rank": 5, "copies": 11, "bytes": 1441792}
{"mock_phase": "read_complete", "rank": 5, "ret": 0, "bytes": 1441792}
{"mock_phase": "planned", "request_id": "cmpl-a53b1a18cb0f76a0-0-9c4c0a02", "rank": 6, "pages": 139, "bytes": 8590336}
{"mock_phase": "before_read", "rank": 6, "copies": 64, "bytes": 1771520}
{"mock_phase": "read_complete", "rank": 6, "ret": 0, "bytes": 1771520}
{"mock_phase": "before_read", "rank": 6, "copies": 64, "bytes": 5377024}
{"mock_phase": "read_complete", "rank": 6, "ret": 0, "bytes": 5377024}
{"mock_phase": "before_read", "rank": 6, "copies": 11, "bytes": 1441792}
{"mock_phase": "read_complete", "rank": 6, "ret": 0, "bytes": 1441792}
{"mock_phase": "planned", "request_id": "cmpl-a53b1a18cb0f76a0-0-9c4c0a02", "rank": 7, "pages": 139, "bytes": 8590336}
{"mock_phase": "before_read", "rank": 7, "copies": 64, "bytes": 1771520}
{"mock_phase": "read_complete", "rank": 7, "ret": 0, "bytes": 1771520}
{"mock_phase": "before_read", "rank": 7, "copies": 64, "bytes": 5377024}
{"mock_phase": "read_complete", "rank": 7, "ret": 0, "bytes": 5377024}
{"mock_phase": "before_read", "rank": 7, "copies": 11, "bytes": 1441792}
{"mock_phase": "read_complete", "rank": 7, "ret": 0, "bytes": 1441792}
{"ok": true, "request_id": "cmpl-a53b1a18cb0f76a0-0-9c4c0a02", "ranks": [{"rank": 0, "bytes": 8590336, "read_s": 0.0018365196883678436, "hash_s": 0.007141829933971167, "nonzero_groups": [0, 1, 2, 3, 4, 5, 6]}, {"rank": 1, "bytes": 8590336, "read_s": 0.0016285697929561138, "hash_s": 0.00707363011315465, "nonzero_groups": [0, 1, 2, 3, 4, 5, 6]}, {"rank": 2, "bytes": 8590336, "read_s": 0.001517969649285078, "hash_s": 0.007004310376942158, "nonzero_groups": [0, 1, 2, 3, 4, 5, 6]}, {"rank": 3, "bytes": 8590336, "read_s": 0.0014993101358413696, "hash_s": 0.007060750853270292, "nonzero_groups": [0, 1, 2, 3, 4, 5, 6]}, {"rank": 4, "bytes": 8590336, "read_s": 0.0014736498706042767, "hash_s": 0.00706379022449255, "nonzero_groups": [0, 1, 2, 3, 4, 5, 6]}, {"rank": 5, "bytes": 8590336, "read_s": 0.0014536604285240173, "hash_s": 0.00699692964553833, "nonzero_groups": [0, 1, 2, 3, 4, 5, 6]}, {"rank": 6, "bytes": 8590336, "read_s": 0.0015000393614172935, "hash_s": 0.0070158797316253185, "nonzero_groups": [0, 1, 2, 3, 4, 5, 6]}, {"rank": 7, "bytes": 8590336, "read_s": 0.0014573298394680023, "hash_s": 0.007038309704512358, "nonzero_groups": [0, 1, 2, 3, 4, 5, 6]}], "bytes": 68722688, "consume_s": 0.07678672019392252, "ack_s": 0.0013504098169505596, "total_s": 0.07813722034916282, "hold_ms": 0}
127.0.0.1 - - [09/Oct/2026 07:59:18] "POST /consume HTTP/1.1" 200 -
{"mock_phase": "planned", "request_id": "cmpl-b5a821d474c261b9-0-900ee8df", "rank": 0, "pages": 139, "bytes": 8590336}
{"mock_phase": "before_read", "rank": 0, "copies": 64, "bytes": 1771520}
{"mock_phase": "read_complete", "rank": 0, "ret": 0, "bytes": 1771520}
{"mock_phase": "before_read", "rank": 0, "copies": 64, "bytes": 5377024}
{"mock_phase": "read_complete", "rank": 0, "ret": 0, "bytes": 5377024}
{"mock_phase": "before_read", "rank": 0, "copies": 11, "bytes": 1441792}
{"mock_phase": "read_complete", "rank": 0, "ret": 0, "bytes": 1441792}
{"mock_phase": "planned", "request_id": "cmpl-b5a821d474c261b9-0-900ee8df", "rank": 1, "pages": 139, "bytes": 8590336}
{"mock_phase": "before_read", "rank": 1, "copies": 64, "bytes": 1771520}
{"mock_phase": "read_complete", "rank": 1, "ret": 0, "bytes": 1771520}
{"mock_phase": "before_read", "rank": 1, "copies": 64, "bytes": 5377024}
{"mock_phase": "read_complete", "rank": 1, "ret": 0, "bytes": 5377024}
{"mock_phase": "before_read", "rank": 1, "copies": 11, "bytes": 1441792}
{"mock_phase": "read_complete", "rank": 1, "ret": 0, "bytes": 1441792}
{"mock_phase": "planned", "request_id": "cmpl-b5a821d474c261b9-0-900ee8df", "rank": 2, "pages": 139, "bytes": 8590336}
{"mock_phase": "before_read", "rank": 2, "copies": 64, "bytes": 1771520}
{"mock_phase": "read_complete", "rank": 2, "ret": 0, "bytes": 1771520}
{"mock_phase": "before_read", "rank": 2, "copies": 64, "bytes": 5377024}
{"mock_phase": "read_complete", "rank": 2, "ret": 0, "bytes": 5377024}
{"mock_phase": "before_read", "rank": 2, "copies": 11, "bytes": 1441792}
{"mock_phase": "read_complete", "rank": 2, "ret": 0, "bytes": 1441792}
{"mock_phase": "planned", "request_id": "cmpl-b5a821d474c261b9-0-900ee8df", "rank": 3, "pages": 139, "bytes": 8590336}
{"mock_phase": "before_read", "rank": 3, "copies": 64, "bytes": 1771520}
{"mock_phase": "read_complete", "rank": 3, "ret": 0, "bytes": 1771520}
{"mock_phase": "before_read", "rank": 3, "copies": 64, "bytes": 5377024}
{"mock_phase": "read_complete", "rank": 3, "ret": 0, "bytes": 5377024}
{"mock_phase": "before_read", "rank": 3, "copies": 11, "bytes": 1441792}
{"mock_phase": "read_complete", "rank": 3, "ret": 0, "bytes": 1441792}
{"mock_phase": "planned", "request_id": "cmpl-b5a821d474c261b9-0-900ee8df", "rank": 4, "pages": 139, "bytes": 8590336}
{"mock_phase": "before_read", "rank": 4, "copies": 64, "bytes": 1771520}
{"mock_phase": "read_complete", "rank": 4, "ret": 0, "bytes": 1771520}
{"mock_phase": "before_read", "rank": 4, "copies": 64, "bytes": 5377024}
{"mock_phase": "read_complete", "rank": 4, "ret": 0, "bytes": 5377024}
{"mock_phase": "before_read", "rank": 4, "copies": 11, "bytes": 1441792}
{"mock_phase": "read_complete", "rank": 4, "ret": 0, "bytes": 1441792}
{"mock_phase": "planned", "request_id": "cmpl-b5a821d474c261b9-0-900ee8df", "rank": 5, "pages": 139, "bytes": 8590336}
{"mock_phase": "before_read", "rank": 5, "copies": 64, "bytes": 1771520}
{"mock_phase": "read_complete", "rank": 5, "ret": 0, "bytes": 1771520}
{"mock_phase": "before_read", "rank": 5, "copies": 64, "bytes": 5377024}
{"mock_phase": "read_complete", "rank": 5, "ret": 0, "bytes": 5377024}
{"mock_phase": "before_read", "rank": 5, "copies": 11, "bytes": 1441792}
{"mock_phase": "read_complete", "rank": 5, "ret": 0, "bytes": 1441792}
{"mock_phase": "planned", "request_id": "cmpl-b5a821d474c261b9-0-900ee8df", "rank": 6, "pages": 139, "bytes": 8590336}
{"mock_phase": "before_read", "rank": 6, "copies": 64, "bytes": 1771520}
{"mock_phase": "read_complete", "rank": 6, "ret": 0, "bytes": 1771520}
{"mock_phase": "before_read", "rank": 6, "copies": 64, "bytes": 5377024}
{"mock_phase": "read_complete", "rank": 6, "ret": 0, "bytes": 5377024}
{"mock_phase": "before_read", "rank": 6, "copies": 11, "bytes": 1441792}
{"mock_phase": "read_complete", "rank": 6, "ret": 0, "bytes": 1441792}
{"mock_phase": "planned", "request_id": "cmpl-b5a821d474c261b9-0-900ee8df", "rank": 7, "pages": 139, "bytes": 8590336}
{"mock_phase": "before_read", "rank": 7, "copies": 64, "bytes": 1771520}
{"mock_phase": "read_complete", "rank": 7, "ret": 0, "bytes": 1771520}
{"mock_phase": "before_read", "rank": 7, "copies": 64, "bytes": 5377024}
{"mock_phase": "read_complete", "rank": 7, "ret": 0, "bytes": 5377024}
{"mock_phase": "before_read", "rank": 7, "copies": 11, "bytes": 1441792}
{"mock_phase": "read_complete", "rank": 7, "ret": 0, "bytes": 1441792}
{"ok": true, "request_id": "cmpl-b5a821d474c261b9-0-900ee8df", "ranks": [{"rank": 0, "bytes": 8590336, "read_s": 0.001725140493363142, "hash_s": 0.007143560331314802, "nonzero_groups": [0, 1, 2, 3, 4, 5, 6]}, {"rank": 1, "bytes": 8590336, "read_s": 0.001581339631229639, "hash_s": 0.0070686801336705685, "nonzero_groups": [0, 1, 2, 3, 4, 5, 6]}, {"rank": 2, "bytes": 8590336, "read_s": 0.0014737597666680813, "hash_s": 0.007071449421346188, "nonzero_groups": [0, 1, 2, 3, 4, 5, 6]}, {"rank": 3, "bytes": 8590336, "read_s": 0.0014869701117277145, "hash_s": 0.007062940392643213, "nonzero_groups": [0, 1, 2, 3, 4, 5, 6]}, {"rank": 4, "bytes": 8590336, "read_s": 0.0014563202857971191, "hash_s": 0.007043860387057066, "nonzero_groups": [0, 1, 2, 3, 4, 5, 6]}, {"rank": 5, "bytes": 8590336, "read_s": 0.0014420603401958942, "hash_s": 0.00703520979732275, "nonzero_groups": [0, 1, 2, 3, 4, 5, 6]}, {"rank": 6, "bytes": 8590336, "read_s": 0.0014999001286923885, "hash_s": 0.0070525603368878365, "nonzero_groups": [0, 1, 2, 3, 4, 5, 6]}, {"rank": 7, "bytes": 8590336, "read_s": 0.0014514806680381298, "hash_s": 0.0070681702345609665, "nonzero_groups": [0, 1, 2, 3, 4, 5, 6]}], "bytes": 68722688, "consume_s": 0.07710928004235029, "ack_s": 0.0014509200118482113, "total_s": 0.07856041006743908, "hold_ms": 0}
127.0.0.1 - - [09/Oct/2026 07:59:19] "POST /consume HTTP/1.1" 200 -
{"mock_phase": "planned", "request_id": "cmpl-aad7a7a60e58b56f-0-bb726c98", "rank": 0, "pages": 139, "bytes": 8590336}
{"mock_phase": "before_read", "rank": 0, "copies": 64, "bytes": 1771520}
{"mock_phase": "read_complete", "rank": 0, "ret": 0, "bytes": 1771520}
{"mock_phase": "before_read", "rank": 0, "copies": 64, "bytes": 5377024}
{"mock_phase": "read_complete", "rank": 0, "ret": 0, "bytes": 5377024}
{"mock_phase": "before_read", "rank": 0, "copies": 11, "bytes": 1441792}
{"mock_phase": "read_complete", "rank": 0, "ret": 0, "bytes": 1441792}
{"mock_phase": "planned", "request_id": "cmpl-aad7a7a60e58b56f-0-bb726c98", "rank": 1, "pages": 139, "bytes": 8590336}
{"mock_phase": "before_read", "rank": 1, "copies": 64, "bytes": 1771520}
{"mock_phase": "read_complete", "rank": 1, "ret": 0, "bytes": 1771520}
{"mock_phase": "before_read", "rank": 1, "copies": 64, "bytes": 5377024}
{"mock_phase": "read_complete", "rank": 1, "ret": 0, "bytes": 5377024}
{"mock_phase": "before_read", "rank": 1, "copies": 11, "bytes": 1441792}
{"mock_phase": "read_complete", "rank": 1, "ret": 0, "bytes": 1441792}
{"mock_phase": "planned", "request_id": "cmpl-aad7a7a60e58b56f-0-bb726c98", "rank": 2, "pages": 139, "bytes": 8590336}
{"mock_phase": "before_read", "rank": 2, "copies": 64, "bytes": 1771520}
{"mock_phase": "read_complete", "rank": 2, "ret": 0, "bytes": 1771520}
{"mock_phase": "before_read", "rank": 2, "copies": 64, "bytes": 5377024}
{"mock_phase": "read_complete", "rank": 2, "ret": 0, "bytes": 5377024}
{"mock_phase": "before_read", "rank": 2, "copies": 11, "bytes": 1441792}
{"mock_phase": "read_complete", "rank": 2, "ret": 0, "bytes": 1441792}
{"mock_phase": "planned", "request_id": "cmpl-aad7a7a60e58b56f-0-bb726c98", "rank": 3, "pages": 139, "bytes": 8590336}
{"mock_phase": "before_read", "rank": 3, "copies": 64, "bytes": 1771520}
{"mock_phase": "read_complete", "rank": 3, "ret": 0, "bytes": 1771520}
{"mock_phase": "before_read", "rank": 3, "copies": 64, "bytes": 5377024}
{"mock_phase": "read_complete", "rank": 3, "ret": 0, "bytes": 5377024}
{"mock_phase": "before_read", "rank": 3, "copies": 11, "bytes": 1441792}
{"mock_phase": "read_complete", "rank": 3, "ret": 0, "bytes": 1441792}
{"mock_phase": "planned", "request_id": "cmpl-aad7a7a60e58b56f-0-bb726c98", "rank": 4, "pages": 139, "bytes": 8590336}
{"mock_phase": "before_read", "rank": 4, "copies": 64, "bytes": 1771520}
{"mock_phase": "read_complete", "rank": 4, "ret": 0, "bytes": 1771520}
{"mock_phase": "before_read", "rank": 4, "copies": 64, "bytes": 5377024}
{"mock_phase": "read_complete", "rank": 4, "ret": 0, "bytes": 5377024}
{"mock_phase": "before_read", "rank": 4, "copies": 11, "bytes": 1441792}
{"mock_phase": "read_complete", "rank": 4, "ret": 0, "bytes": 1441792}
{"mock_phase": "planned", "request_id": "cmpl-aad7a7a60e58b56f-0-bb726c98", "rank": 5, "pages": 139, "bytes": 8590336}
{"mock_phase": "before_read", "rank": 5, "copies": 64, "bytes": 1771520}
{"mock_phase": "read_complete", "rank": 5, "ret": 0, "bytes": 1771520}
{"mock_phase": "before_read", "rank": 5, "copies": 64, "bytes": 5377024}
{"mock_phase": "read_complete", "rank": 5, "ret": 0, "bytes": 5377024}
{"mock_phase": "before_read", "rank": 5, "copies": 11, "bytes": 1441792}
{"mock_phase": "read_complete", "rank": 5, "ret": 0, "bytes": 1441792}
{"mock_phase": "planned", "request_id": "cmpl-aad7a7a60e58b56f-0-bb726c98", "rank": 6, "pages": 139, "bytes": 8590336}
{"mock_phase": "before_read", "rank": 6, "copies": 64, "bytes": 1771520}
{"mock_phase": "read_complete", "rank": 6, "ret": 0, "bytes": 1771520}
{"mock_phase": "before_read", "rank": 6, "copies": 64, "bytes": 5377024}
{"mock_phase": "read_complete", "rank": 6, "ret": 0, "bytes": 5377024}
{"mock_phase": "before_read", "rank": 6, "copies": 11, "bytes": 1441792}
{"mock_phase": "read_complete", "rank": 6, "ret": 0, "bytes": 1441792}
{"mock_phase": "planned", "request_id": "cmpl-aad7a7a60e58b56f-0-bb726c98", "rank": 7, "pages": 139, "bytes": 8590336}
{"mock_phase": "before_read", "rank": 7, "copies": 64, "bytes": 1771520}
{"mock_phase": "read_complete", "rank": 7, "ret": 0, "bytes": 1771520}
{"mock_phase": "before_read", "rank": 7, "copies": 64, "bytes": 5377024}
{"mock_phase": "read_complete", "rank": 7, "ret": 0, "bytes": 5377024}
{"mock_phase": "before_read", "rank": 7, "copies": 11, "bytes": 1441792}
{"mock_phase": "read_complete", "rank": 7, "ret": 0, "bytes": 1441792}
{"ok": true, "request_id": "cmpl-aad7a7a60e58b56f-0-bb726c98", "ranks": [{"rank": 0, "bytes": 8590336, "read_s": 0.001712379977107048, "hash_s": 0.007660519797354937, "nonzero_groups": [0, 1, 2, 3, 4, 5, 6]}, {"rank": 1, "bytes": 8590336, "read_s": 0.001585469115525484, "hash_s": 0.0075644999742507935, "nonzero_groups": [0, 1, 2, 3, 4, 5, 6]}, {"rank": 2, "bytes": 8590336, "read_s": 0.0015127798542380333, "hash_s": 0.007526520173996687, "nonzero_groups": [0, 1, 2, 3, 4, 5, 6]}, {"rank": 3, "bytes": 8590336, "read_s": 0.0014802501536905766, "hash_s": 0.007533030118793249, "nonzero_groups": [0, 1, 2, 3, 4, 5, 6]}, {"rank": 4, "bytes": 8590336, "read_s": 0.0014620395377278328, "hash_s": 0.007562180049717426, "nonzero_groups": [0, 1, 2, 3, 4, 5, 6]}, {"rank": 5, "bytes": 8590336, "read_s": 0.001439870335161686, "hash_s": 0.007514120079576969, "nonzero_groups": [0, 1, 2, 3, 4, 5, 6]}, {"rank": 6, "bytes": 8590336, "read_s": 0.0015755998902022839, "hash_s": 0.0074873995035886765, "nonzero_groups": [0, 1, 2, 3, 4, 5, 6]}, {"rank": 7, "bytes": 8590336, "read_s": 0.0014730202965438366, "hash_s": 0.0075349099934101105, "nonzero_groups": [0, 1, 2, 3, 4, 5, 6]}], "bytes": 68722688, "consume_s": 0.08086427999660373, "ack_s": 0.0016739200800657272, "total_s": 0.08253841986879706, "hold_ms": 0}
127.0.0.1 - - [09/Oct/2026 07:59:19] "POST /consume HTTP/1.1" 200 -
{"mock_phase": "planned", "request_id": "cmpl-bc6d4649006ef162-0-9f14b3f4", "rank": 0, "pages": 139, "bytes": 8590336}
{"mock_phase": "before_read", "rank": 0, "copies": 64, "bytes": 1771520}
{"mock_phase": "read_complete", "rank": 0, "ret": 0, "bytes": 1771520}
{"mock_phase": "before_read", "rank": 0, "copies": 64, "bytes": 5377024}
{"mock_phase": "read_complete", "rank": 0, "ret": 0, "bytes": 5377024}
{"mock_phase": "before_read", "rank": 0, "copies": 11, "bytes": 1441792}
{"mock_phase": "read_complete", "rank": 0, "ret": 0, "bytes": 1441792}
{"mock_phase": "planned", "request_id": "cmpl-bc6d4649006ef162-0-9f14b3f4", "rank": 1, "pages": 139, "bytes": 8590336}
{"mock_phase": "before_read", "rank": 1, "copies": 64, "bytes": 1771520}
{"mock_phase": "read_complete", "rank": 1, "ret": 0, "bytes": 1771520}
{"mock_phase": "before_read", "rank": 1, "copies": 64, "bytes": 5377024}
{"mock_phase": "read_complete", "rank": 1, "ret": 0, "bytes": 5377024}
{"mock_phase": "before_read", "rank": 1, "copies": 11, "bytes": 1441792}
{"mock_phase": "read_complete", "rank": 1, "ret": 0, "bytes": 1441792}
{"mock_phase": "planned", "request_id": "cmpl-bc6d4649006ef162-0-9f14b3f4", "rank": 2, "pages": 139, "bytes": 8590336}
{"mock_phase": "before_read", "rank": 2, "copies": 64, "bytes": 1771520}
{"mock_phase": "read_complete", "rank": 2, "ret": 0, "bytes": 1771520}
{"mock_phase": "before_read", "rank": 2, "copies": 64, "bytes": 5377024}
{"mock_phase": "read_complete", "rank": 2, "ret": 0, "bytes": 5377024}
{"mock_phase": "before_read", "rank": 2, "copies": 11, "bytes": 1441792}
{"mock_phase": "read_complete", "rank": 2, "ret": 0, "bytes": 1441792}
{"mock_phase": "planned", "request_id": "cmpl-bc6d4649006ef162-0-9f14b3f4", "rank": 3, "pages": 139, "bytes": 8590336}
{"mock_phase": "before_read", "rank": 3, "copies": 64, "bytes": 1771520}
{"mock_phase": "read_complete", "rank": 3, "ret": 0, "bytes": 1771520}
{"mock_phase": "before_read", "rank": 3, "copies": 64, "bytes": 5377024}
{"mock_phase": "read_complete", "rank": 3, "ret": 0, "bytes": 5377024}
{"mock_phase": "before_read", "rank": 3, "copies": 11, "bytes": 1441792}
{"mock_phase": "read_complete", "rank": 3, "ret": 0, "bytes": 1441792}
{"mock_phase": "planned", "request_id": "cmpl-bc6d4649006ef162-0-9f14b3f4", "rank": 4, "pages": 139, "bytes": 8590336}
{"mock_phase": "before_read", "rank": 4, "copies": 64, "bytes": 1771520}
{"mock_phase": "read_complete", "rank": 4, "ret": 0, "bytes": 1771520}
{"mock_phase": "before_read", "rank": 4, "copies": 64, "bytes": 5377024}
{"mock_phase": "read_complete", "rank": 4, "ret": 0, "bytes": 5377024}
{"mock_phase": "before_read", "rank": 4, "copies": 11, "bytes": 1441792}
{"mock_phase": "read_complete", "rank": 4, "ret": 0, "bytes": 1441792}
{"mock_phase": "planned", "request_id": "cmpl-bc6d4649006ef162-0-9f14b3f4", "rank": 5, "pages": 139, "bytes": 8590336}
{"mock_phase": "before_read", "rank": 5, "copies": 64, "bytes": 1771520}
{"mock_phase": "read_complete", "rank": 5, "ret": 0, "bytes": 1771520}
{"mock_phase": "before_read", "rank": 5, "copies": 64, "bytes": 5377024}
{"mock_phase": "read_complete", "rank": 5, "ret": 0, "bytes": 5377024}
{"mock_phase": "before_read", "rank": 5, "copies": 11, "bytes": 1441792}
{"mock_phase": "read_complete", "rank": 5, "ret": 0, "bytes": 1441792}
{"mock_phase": "planned", "request_id": "cmpl-bc6d4649006ef162-0-9f14b3f4", "rank": 6, "pages": 139, "bytes": 8590336}
{"mock_phase": "before_read", "rank": 6, "copies": 64, "bytes": 1771520}
{"mock_phase": "read_complete", "rank": 6, "ret": 0, "bytes": 1771520}
{"mock_phase": "before_read", "rank": 6, "copies": 64, "bytes": 5377024}
{"mock_phase": "read_complete", "rank": 6, "ret": 0, "bytes": 5377024}
{"mock_phase": "before_read", "rank": 6, "copies": 11, "bytes": 1441792}
{"mock_phase": "read_complete", "rank": 6, "ret": 0, "bytes": 1441792}
{"mock_phase": "planned", "request_id": "cmpl-bc6d4649006ef162-0-9f14b3f4", "rank": 7, "pages": 139, "bytes": 8590336}
{"mock_phase": "before_read", "rank": 7, "copies": 64, "bytes": 1771520}
{"mock_phase": "read_complete", "rank": 7, "ret": 0, "bytes": 1771520}
{"mock_phase": "before_read", "rank": 7, "copies": 64, "bytes": 5377024}
{"mock_phase": "read_complete", "rank": 7, "ret": 0, "bytes": 5377024}
{"mock_phase": "before_read", "rank": 7, "copies": 11, "bytes": 1441792}
{"mock_phase": "read_complete", "rank": 7, "ret": 0, "bytes": 1441792}
{"ok": true, "request_id": "cmpl-bc6d4649006ef162-0-9f14b3f4", "ranks": [{"rank": 0, "bytes": 8590336, "read_s": 0.0018473300151526928, "hash_s": 0.00784501014277339, "nonzero_groups": [0, 1, 2, 3, 4, 5, 6]}, {"rank": 1, "bytes": 8590336, "read_s": 0.0016922303475439548, "hash_s": 0.007567120250314474, "nonzero_groups": [0, 1, 2, 3, 4, 5, 6]}, {"rank": 2, "bytes": 8590336, "read_s": 0.0016276496462523937, "hash_s": 0.007608519867062569, "nonzero_groups": [0, 1, 2, 3, 4, 5, 6]}, {"rank": 3, "bytes": 8590336, "read_s": 0.0015342202968895435, "hash_s": 0.0076332297176122665, "nonzero_groups": [0, 1, 2, 3, 4, 5, 6]}, {"rank": 4, "bytes": 8590336, "read_s": 0.001501680351793766, "hash_s": 0.007600919809192419, "nonzero_groups": [0, 1, 2, 3, 4, 5, 6]}, {"rank": 5, "bytes": 8590336, "read_s": 0.001479459460824728, "hash_s": 0.007572429720312357, "nonzero_groups": [0, 1, 2, 3, 4, 5, 6]}, {"rank": 6, "bytes": 8590336, "read_s": 0.0015046601183712482, "hash_s": 0.007614580448716879, "nonzero_groups": [0, 1, 2, 3, 4, 5, 6]}, {"rank": 7, "bytes": 8590336, "read_s": 0.0015012305229902267, "hash_s": 0.007563089951872826, "nonzero_groups": [0, 1, 2, 3, 4, 5, 6]}], "bytes": 68722688, "consume_s": 0.08160840021446347, "ack_s": 0.0016589900478720665, "total_s": 0.0832675201818347, "hold_ms": 0}
127.0.0.1 - - [09/Oct/2026 07:59:20] "POST /consume HTTP/1.1" 200 -
{"mock_phase": "planned", "request_id": "cmpl-8a6365dcc1235098-0-b47fcc43", "rank": 0, "pages": 139, "bytes": 8590336}
{"mock_phase": "before_read", "rank": 0, "copies": 64, "bytes": 1771520}
{"mock_phase": "read_complete", "rank": 0, "ret": 0, "bytes": 1771520}
{"mock_phase": "before_read", "rank": 0, "copies": 64, "bytes": 5377024}
{"mock_phase": "read_complete", "rank": 0, "ret": 0, "bytes": 5377024}
{"mock_phase": "before_read", "rank": 0, "copies": 11, "bytes": 1441792}
{"mock_phase": "read_complete", "rank": 0, "ret": 0, "bytes": 1441792}
{"mock_phase": "planned", "request_id": "cmpl-8a6365dcc1235098-0-b47fcc43", "rank": 1, "pages": 139, "bytes": 8590336}
{"mock_phase": "before_read", "rank": 1, "copies": 64, "bytes": 1771520}
{"mock_phase": "read_complete", "rank": 1, "ret": 0, "bytes": 1771520}
{"mock_phase": "before_read", "rank": 1, "copies": 64, "bytes": 5377024}
{"mock_phase": "read_complete", "rank": 1, "ret": 0, "bytes": 5377024}
{"mock_phase": "before_read", "rank": 1, "copies": 11, "bytes": 1441792}
{"mock_phase": "read_complete", "rank": 1, "ret": 0, "bytes": 1441792}
{"mock_phase": "planned", "request_id": "cmpl-8a6365dcc1235098-0-b47fcc43", "rank": 2, "pages": 139, "bytes": 8590336}
{"mock_phase": "before_read", "rank": 2, "copies": 64, "bytes": 1771520}
{"mock_phase": "read_complete", "rank": 2, "ret": 0, "bytes": 1771520}
{"mock_phase": "before_read", "rank": 2, "copies": 64, "bytes": 5377024}
{"mock_phase": "read_complete", "rank": 2, "ret": 0, "bytes": 5377024}
{"mock_phase": "before_read", "rank": 2, "copies": 11, "bytes": 1441792}
{"mock_phase": "read_complete", "rank": 2, "ret": 0, "bytes": 1441792}
{"mock_phase": "planned", "request_id": "cmpl-8a6365dcc1235098-0-b47fcc43", "rank": 3, "pages": 139, "bytes": 8590336}
{"mock_phase": "before_read", "rank": 3, "copies": 64, "bytes": 1771520}
{"mock_phase": "read_complete", "rank": 3, "ret": 0, "bytes": 1771520}
{"mock_phase": "before_read", "rank": 3, "copies": 64, "bytes": 5377024}
{"mock_phase": "read_complete", "rank": 3, "ret": 0, "bytes": 5377024}
{"mock_phase": "before_read", "rank": 3, "copies": 11, "bytes": 1441792}
{"mock_phase": "read_complete", "rank": 3, "ret": 0, "bytes": 1441792}
{"mock_phase": "planned", "request_id": "cmpl-8a6365dcc1235098-0-b47fcc43", "rank": 4, "pages": 139, "bytes": 8590336}
{"mock_phase": "before_read", "rank": 4, "copies": 64, "bytes": 1771520}
{"mock_phase": "read_complete", "rank": 4, "ret": 0, "bytes": 1771520}
{"mock_phase": "before_read", "rank": 4, "copies": 64, "bytes": 5377024}
{"mock_phase": "read_complete", "rank": 4, "ret": 0, "bytes": 5377024}
{"mock_phase": "before_read", "rank": 4, "copies": 11, "bytes": 1441792}
{"mock_phase": "read_complete", "rank": 4, "ret": 0, "bytes": 1441792}
{"mock_phase": "planned", "request_id": "cmpl-8a6365dcc1235098-0-b47fcc43", "rank": 5, "pages": 139, "bytes": 8590336}
{"mock_phase": "before_read", "rank": 5, "copies": 64, "bytes": 1771520}
{"mock_phase": "read_complete", "rank": 5, "ret": 0, "bytes": 1771520}
{"mock_phase": "before_read", "rank": 5, "copies": 64, "bytes": 5377024}
{"mock_phase": "read_complete", "rank": 5, "ret": 0, "bytes": 5377024}
{"mock_phase": "before_read", "rank": 5, "copies": 11, "bytes": 1441792}
{"mock_phase": "read_complete", "rank": 5, "ret": 0, "bytes": 1441792}
{"mock_phase": "planned", "request_id": "cmpl-8a6365dcc1235098-0-b47fcc43", "rank": 6, "pages": 139, "bytes": 8590336}
{"mock_phase": "before_read", "rank": 6, "copies": 64, "bytes": 1771520}
{"mock_phase": "read_complete", "rank": 6, "ret": 0, "bytes": 1771520}
{"mock_phase": "before_read", "rank": 6, "copies": 64, "bytes": 5377024}
{"mock_phase": "read_complete", "rank": 6, "ret": 0, "bytes": 5377024}
{"mock_phase": "before_read", "rank": 6, "copies": 11, "bytes": 1441792}
{"mock_phase": "read_complete", "rank": 6, "ret": 0, "bytes": 1441792}
{"mock_phase": "planned", "request_id": "cmpl-8a6365dcc1235098-0-b47fcc43", "rank": 7, "pages": 139, "bytes": 8590336}
{"mock_phase": "before_read", "rank": 7, "copies": 64, "bytes": 1771520}
{"mock_phase": "read_complete", "rank": 7, "ret": 0, "bytes": 1771520}
{"mock_phase": "before_read", "rank": 7, "copies": 64, "bytes": 5377024}
{"mock_phase": "read_complete", "rank": 7, "ret": 0, "bytes": 5377024}
{"mock_phase": "before_read", "rank": 7, "copies": 11, "bytes": 1441792}
{"mock_phase": "read_complete", "rank": 7, "ret": 0, "bytes": 1441792}
{"ok": true, "request_id": "cmpl-8a6365dcc1235098-0-b47fcc43", "ranks": [{"rank": 0, "bytes": 8590336, "read_s": 0.0017933398485183716, "hash_s": 0.007750439457595348, "nonzero_groups": [0, 1, 2, 3, 4, 5, 6]}, {"rank": 1, "bytes": 8590336, "read_s": 0.0016836202703416348, "hash_s": 0.007635699585080147, "nonzero_groups": [0, 1, 2, 3, 4, 5, 6]}, {"rank": 2, "bytes": 8590336, "read_s": 0.0015809801407158375, "hash_s": 0.0076726702973246574, "nonzero_groups": [0, 1, 2, 3, 4, 5, 6]}, {"rank": 3, "bytes": 8590336, "read_s": 0.001517989207059145, "hash_s": 0.0074998196214437485, "nonzero_groups": [0, 1, 2, 3, 4, 5, 6]}, {"rank": 4, "bytes": 8590336, "read_s": 0.001579049974679947, "hash_s": 0.00763667980208993, "nonzero_groups": [0, 1, 2, 3, 4, 5, 6]}, {"rank": 5, "bytes": 8590336, "read_s": 0.0014788401313126087, "hash_s": 0.007648080587387085, "nonzero_groups": [0, 1, 2, 3, 4, 5, 6]}, {"rank": 6, "bytes": 8590336, "read_s": 0.00150993000715971, "hash_s": 0.00762738985940814, "nonzero_groups": [0, 1, 2, 3, 4, 5, 6]}, {"rank": 7, "bytes": 8590336, "read_s": 0.0015369299799203873, "hash_s": 0.007642680313438177, "nonzero_groups": [0, 1, 2, 3, 4, 5, 6]}], "bytes": 68722688, "consume_s": 0.08184661017730832, "ack_s": 0.0025454601272940636, "total_s": 0.08439221000298858, "hold_ms": 0}
127.0.0.1 - - [09/Oct/2026 07:59:20] "POST /consume HTTP/1.1" 200 -
{"mock_phase": "planned", "request_id": "cmpl-bd596693870aa2b1-0-812eada2", "rank": 0, "pages": 811, "bytes": 29270016}
{"mock_phase": "before_read", "rank": 0, "copies": 64, "bytes": 4194304}
{"mock_phase": "read_complete", "rank": 0, "ret": 0, "bytes": 4194304}
{"mock_phase": "before_read", "rank": 0, "copies": 64, "bytes": 524288}
{"mock_phase": "read_complete", "rank": 0, "ret": 0, "bytes": 524288}
{"mock_phase": "before_read", "rank": 0, "copies": 64, "bytes": 8192}
{"mock_phase": "read_complete", "rank": 0, "ret": 0, "bytes": 8192}
{"mock_phase": "before_read", "rank": 0, "copies": 64, "bytes": 4194304}
{"mock_phase": "read_complete", "rank": 0, "ret": 0, "bytes": 4194304}
{"mock_phase": "before_read", "rank": 0, "copies": 64, "bytes": 524288}
{"mock_phase": "read_complete", "rank": 0, "ret": 0, "bytes": 524288}
{"mock_phase": "before_read", "rank": 0, "copies": 64, "bytes": 8192}
{"mock_phase": "read_complete", "rank": 0, "ret": 0, "bytes": 8192}
{"mock_phase": "before_read", "rank": 0, "copies": 64, "bytes": 4194304}
{"mock_phase": "read_complete", "rank": 0, "ret": 0, "bytes": 4194304}
{"mock_phase": "before_read", "rank": 0, "copies": 64, "bytes": 524288}
{"mock_phase": "read_complete", "rank": 0, "ret": 0, "bytes": 524288}
{"mock_phase": "before_read", "rank": 0, "copies": 64, "bytes": 8192}
{"mock_phase": "read_complete", "rank": 0, "ret": 0, "bytes": 8192}
{"mock_phase": "before_read", "rank": 0, "copies": 64, "bytes": 8388608}
{"mock_phase": "read_complete", "rank": 0, "ret": 0, "bytes": 8388608}
{"mock_phase": "before_read", "rank": 0, "copies": 64, "bytes": 1048576}
{"mock_phase": "read_complete", "rank": 0, "ret": 0, "bytes": 1048576}
{"mock_phase": "before_read", "rank": 0, "copies": 64, "bytes": 16384}
{"mock_phase": "read_complete", "rank": 0, "ret": 0, "bytes": 16384}
{"mock_phase": "before_read", "rank": 0, "copies": 43, "bytes": 5636096}
{"mock_phase": "read_complete", "rank": 0, "ret": 0, "bytes": 5636096}
{"mock_phase": "planned", "request_id": "cmpl-bd596693870aa2b1-0-812eada2", "rank": 1, "pages": 811, "bytes": 29270016}
{"mock_phase": "before_read", "rank": 1, "copies": 64, "bytes": 4194304}
{"mock_phase": "read_complete", "rank": 1, "ret": 0, "bytes": 4194304}
{"mock_phase": "before_read", "rank": 1, "copies": 64, "bytes": 524288}
{"mock_phase": "read_complete", "rank": 1, "ret": 0, "bytes": 524288}
{"mock_phase": "before_read", "rank": 1, "copies": 64, "bytes": 8192}
{"mock_phase": "read_complete", "rank": 1, "ret": 0, "bytes": 8192}
{"mock_phase": "before_read", "rank": 1, "copies": 64, "bytes": 4194304}
{"mock_phase": "read_complete", "rank": 1, "ret": 0, "bytes": 4194304}
{"mock_phase": "before_read", "rank": 1, "copies": 64, "bytes": 524288}
{"mock_phase": "read_complete", "rank": 1, "ret": 0, "bytes": 524288}
{"mock_phase": "before_read", "rank": 1, "copies": 64, "bytes": 8192}
{"mock_phase": "read_complete", "rank": 1, "ret": 0, "bytes": 8192}
{"mock_phase": "before_read", "rank": 1, "copies": 64, "bytes": 4194304}
{"mock_phase": "read_complete", "rank": 1, "ret": 0, "bytes": 4194304}
{"mock_phase": "before_read", "rank": 1, "copies": 64, "bytes": 524288}
{"mock_phase": "read_complete", "rank": 1, "ret": 0, "bytes": 524288}
{"mock_phase": "before_read", "rank": 1, "copies": 64, "bytes": 8192}
{"mock_phase": "read_complete", "rank": 1, "ret": 0, "bytes": 8192}
{"mock_phase": "before_read", "rank": 1, "copies": 64, "bytes": 8388608}
{"mock_phase": "read_complete", "rank": 1, "ret": 0, "bytes": 8388608}
{"mock_phase": "before_read", "rank": 1, "copies": 64, "bytes": 1048576}
{"mock_phase": "read_complete", "rank": 1, "ret": 0, "bytes": 1048576}
{"mock_phase": "before_read", "rank": 1, "copies": 64, "bytes": 16384}
{"mock_phase": "read_complete", "rank": 1, "ret": 0, "bytes": 16384}
{"mock_phase": "before_read", "rank": 1, "copies": 43, "bytes": 5636096}
{"mock_phase": "read_complete", "rank": 1, "ret": 0, "bytes": 5636096}
{"mock_phase": "planned", "request_id": "cmpl-bd596693870aa2b1-0-812eada2", "rank": 2, "pages": 811, "bytes": 29270016}
{"mock_phase": "before_read", "rank": 2, "copies": 64, "bytes": 4194304}
{"mock_phase": "read_complete", "rank": 2, "ret": 0, "bytes": 4194304}
{"mock_phase": "before_read", "rank": 2, "copies": 64, "bytes": 524288}
{"mock_phase": "read_complete", "rank": 2, "ret": 0, "bytes": 524288}
{"mock_phase": "before_read", "rank": 2, "copies": 64, "bytes": 8192}
{"mock_phase": "read_complete", "rank": 2, "ret": 0, "bytes": 8192}
{"mock_phase": "before_read", "rank": 2, "copies": 64, "bytes": 4194304}
{"mock_phase": "read_complete", "rank": 2, "ret": 0, "bytes": 4194304}
{"mock_phase": "before_read", "rank": 2, "copies": 64, "bytes": 524288}
{"mock_phase": "read_complete", "rank": 2, "ret": 0, "bytes": 524288}
{"mock_phase": "before_read", "rank": 2, "copies": 64, "bytes": 8192}
{"mock_phase": "read_complete", "rank": 2, "ret": 0, "bytes": 8192}
{"mock_phase": "before_read", "rank": 2, "copies": 64, "bytes": 4194304}
{"mock_phase": "read_complete", "rank": 2, "ret": 0, "bytes": 4194304}
{"mock_phase": "before_read", "rank": 2, "copies": 64, "bytes": 524288}
{"mock_phase": "read_complete", "rank": 2, "ret": 0, "bytes": 524288}
{"mock_phase": "before_read", "rank": 2, "copies": 64, "bytes": 8192}
{"mock_phase": "read_complete", "rank": 2, "ret": 0, "bytes": 8192}
{"mock_phase": "before_read", "rank": 2, "copies": 64, "bytes": 8388608}
{"mock_phase": "read_complete", "rank": 2, "ret": 0, "bytes": 8388608}
{"mock_phase": "before_read", "rank": 2, "copies": 64, "bytes": 1048576}
{"mock_phase": "read_complete", "rank": 2, "ret": 0, "bytes": 1048576}
{"mock_phase": "before_read", "rank": 2, "copies": 64, "bytes": 16384}
{"mock_phase": "read_complete", "rank": 2, "ret": 0, "bytes": 16384}
{"mock_phase": "before_read", "rank": 2, "copies": 43, "bytes": 5636096}
{"mock_phase": "read_complete", "rank": 2, "ret": 0, "bytes": 5636096}
{"mock_phase": "planned", "request_id": "cmpl-bd596693870aa2b1-0-812eada2", "rank": 3, "pages": 811, "bytes": 29270016}
{"mock_phase": "before_read", "rank": 3, "copies": 64, "bytes": 4194304}
{"mock_phase": "read_complete", "rank": 3, "ret": 0, "bytes": 4194304}
{"mock_phase": "before_read", "rank": 3, "copies": 64, "bytes": 524288}
{"mock_phase": "read_complete", "rank": 3, "ret": 0, "bytes": 524288}
{"mock_phase": "before_read", "rank": 3, "copies": 64, "bytes": 8192}
{"mock_phase": "read_complete", "rank": 3, "ret": 0, "bytes": 8192}
{"mock_phase": "before_read", "rank": 3, "copies": 64, "bytes": 4194304}
{"mock_phase": "read_complete", "rank": 3, "ret": 0, "bytes": 4194304}
{"mock_phase": "before_read", "rank": 3, "copies": 64, "bytes": 524288}
{"mock_phase": "read_complete", "rank": 3, "ret": 0, "bytes": 524288}
{"mock_phase": "before_read", "rank": 3, "copies": 64, "bytes": 8192}
{"mock_phase": "read_complete", "rank": 3, "ret": 0, "bytes": 8192}
{"mock_phase": "before_read", "rank": 3, "copies": 64, "bytes": 4194304}
{"mock_phase": "read_complete", "rank": 3, "ret": 0, "bytes": 4194304}
{"mock_phase": "before_read", "rank": 3, "copies": 64, "bytes": 524288}
{"mock_phase": "read_complete", "rank": 3, "ret": 0, "bytes": 524288}
{"mock_phase": "before_read", "rank": 3, "copies": 64, "bytes": 8192}
{"mock_phase": "read_complete", "rank": 3, "ret": 0, "bytes": 8192}
{"mock_phase": "before_read", "rank": 3, "copies": 64, "bytes": 8388608}
{"mock_phase": "read_complete", "rank": 3, "ret": 0, "bytes": 8388608}
{"mock_phase": "before_read", "rank": 3, "copies": 64, "bytes": 1048576}
{"mock_phase": "read_complete", "rank": 3, "ret": 0, "bytes": 1048576}
{"mock_phase": "before_read", "rank": 3, "copies": 64, "bytes": 16384}
{"mock_phase": "read_complete", "rank": 3, "ret": 0, "bytes": 16384}
{"mock_phase": "before_read", "rank": 3, "copies": 43, "bytes": 5636096}
{"mock_phase": "read_complete", "rank": 3, "ret": 0, "bytes": 5636096}
{"mock_phase": "planned", "request_id": "cmpl-bd596693870aa2b1-0-812eada2", "rank": 4, "pages": 811, "bytes": 29270016}
{"mock_phase": "before_read", "rank": 4, "copies": 64, "bytes": 4194304}
{"mock_phase": "read_complete", "rank": 4, "ret": 0, "bytes": 4194304}
{"mock_phase": "before_read", "rank": 4, "copies": 64, "bytes": 524288}
{"mock_phase": "read_complete", "rank": 4, "ret": 0, "bytes": 524288}
{"mock_phase": "before_read", "rank": 4, "copies": 64, "bytes": 8192}
{"mock_phase": "read_complete", "rank": 4, "ret": 0, "bytes": 8192}
{"mock_phase": "before_read", "rank": 4, "copies": 64, "bytes": 4194304}
{"mock_phase": "read_complete", "rank": 4, "ret": 0, "bytes": 4194304}
{"mock_phase": "before_read", "rank": 4, "copies": 64, "bytes": 524288}
{"mock_phase": "read_complete", "rank": 4, "ret": 0, "bytes": 524288}
{"mock_phase": "before_read", "rank": 4, "copies": 64, "bytes": 8192}
{"mock_phase": "read_complete", "rank": 4, "ret": 0, "bytes": 8192}
{"mock_phase": "before_read", "rank": 4, "copies": 64, "bytes": 4194304}
{"mock_phase": "read_complete", "rank": 4, "ret": 0, "bytes": 4194304}
{"mock_phase": "before_read", "rank": 4, "copies": 64, "bytes": 524288}
{"mock_phase": "read_complete", "rank": 4, "ret": 0, "bytes": 524288}
{"mock_phase": "before_read", "rank": 4, "copies": 64, "bytes": 8192}
{"mock_phase": "read_complete", "rank": 4, "ret": 0, "bytes": 8192}
{"mock_phase": "before_read", "rank": 4, "copies": 64, "bytes": 8388608}
{"mock_phase": "read_complete", "rank": 4, "ret": 0, "bytes": 8388608}
{"mock_phase": "before_read", "rank": 4, "copies": 64, "bytes": 1048576}
{"mock_phase": "read_complete", "rank": 4, "ret": 0, "bytes": 1048576}
{"mock_phase": "before_read", "rank": 4, "copies": 64, "bytes": 16384}
{"mock_phase": "read_complete", "rank": 4, "ret": 0, "bytes": 16384}
{"mock_phase": "before_read", "rank": 4, "copies": 43, "bytes": 5636096}
{"mock_phase": "read_complete", "rank": 4, "ret": 0, "bytes": 5636096}
{"mock_phase": "planned", "request_id": "cmpl-bd596693870aa2b1-0-812eada2", "rank": 5, "pages": 811, "bytes": 29270016}
{"mock_phase": "before_read", "rank": 5, "copies": 64, "bytes": 4194304}
{"mock_phase": "read_complete", "rank": 5, "ret": 0, "bytes": 4194304}
{"mock_phase": "before_read", "rank": 5, "copies": 64, "bytes": 524288}
{"mock_phase": "read_complete", "rank": 5, "ret": 0, "bytes": 524288}
{"mock_phase": "before_read", "rank": 5, "copies": 64, "bytes": 8192}
{"mock_phase": "read_complete", "rank": 5, "ret": 0, "bytes": 8192}
{"mock_phase": "before_read", "rank": 5, "copies": 64, "bytes": 4194304}
{"mock_phase": "read_complete", "rank": 5, "ret": 0, "bytes": 4194304}
{"mock_phase": "before_read", "rank": 5, "copies": 64, "bytes": 524288}
{"mock_phase": "read_complete", "rank": 5, "ret": 0, "bytes": 524288}
{"mock_phase": "before_read", "rank": 5, "copies": 64, "bytes": 8192}
{"mock_phase": "read_complete", "rank": 5, "ret": 0, "bytes": 8192}
{"mock_phase": "before_read", "rank": 5, "copies": 64, "bytes": 4194304}
{"mock_phase": "read_complete", "rank": 5, "ret": 0, "bytes": 4194304}
{"mock_phase": "before_read", "rank": 5, "copies": 64, "bytes": 524288}
{"mock_phase": "read_complete", "rank": 5, "ret": 0, "bytes": 524288}
{"mock_phase": "before_read", "rank": 5, "copies": 64, "bytes": 8192}
{"mock_phase": "read_complete", "rank": 5, "ret": 0, "bytes": 8192}
{"mock_phase": "before_read", "rank": 5, "copies": 64, "bytes": 8388608}
{"mock_phase": "read_complete", "rank": 5, "ret": 0, "bytes": 8388608}
{"mock_phase": "before_read", "rank": 5, "copies": 64, "bytes": 1048576}
{"mock_phase": "read_complete", "rank": 5, "ret": 0, "bytes": 1048576}
{"mock_phase": "before_read", "rank": 5, "copies": 64, "bytes": 16384}
{"mock_phase": "read_complete", "rank": 5, "ret": 0, "bytes": 16384}
{"mock_phase": "before_read", "rank": 5, "copies": 43, "bytes": 5636096}
{"mock_phase": "read_complete", "rank": 5, "ret": 0, "bytes": 5636096}
{"mock_phase": "planned", "request_id": "cmpl-bd596693870aa2b1-0-812eada2", "rank": 6, "pages": 811, "bytes": 29270016}
{"mock_phase": "before_read", "rank": 6, "copies": 64, "bytes": 4194304}
{"mock_phase": "read_complete", "rank": 6, "ret": 0, "bytes": 4194304}
{"mock_phase": "before_read", "rank": 6, "copies": 64, "bytes": 524288}
{"mock_phase": "read_complete", "rank": 6, "ret": 0, "bytes": 524288}
{"mock_phase": "before_read", "rank": 6, "copies": 64, "bytes": 8192}
{"mock_phase": "read_complete", "rank": 6, "ret": 0, "bytes": 8192}
{"mock_phase": "before_read", "rank": 6, "copies": 64, "bytes": 4194304}
{"mock_phase": "read_complete", "rank": 6, "ret": 0, "bytes": 4194304}
{"mock_phase": "before_read", "rank": 6, "copies": 64, "bytes": 524288}
{"mock_phase": "read_complete", "rank": 6, "ret": 0, "bytes": 524288}
{"mock_phase": "before_read", "rank": 6, "copies": 64, "bytes": 8192}
{"mock_phase": "read_complete", "rank": 6, "ret": 0, "bytes": 8192}
{"mock_phase": "before_read", "rank": 6, "copies": 64, "bytes": 4194304}
{"mock_phase": "read_complete", "rank": 6, "ret": 0, "bytes": 4194304}
{"mock_phase": "before_read", "rank": 6, "copies": 64, "bytes": 524288}
{"mock_phase": "read_complete", "rank": 6, "ret": 0, "bytes": 524288}
{"mock_phase": "before_read", "rank": 6, "copies": 64, "bytes": 8192}
{"mock_phase": "read_complete", "rank": 6, "ret": 0, "bytes": 8192}
{"mock_phase": "before_read", "rank": 6, "copies": 64, "bytes": 8388608}
{"mock_phase": "read_complete", "rank": 6, "ret": 0, "bytes": 8388608}
{"mock_phase": "before_read", "rank": 6, "copies": 64, "bytes": 1048576}
{"mock_phase": "read_complete", "rank": 6, "ret": 0, "bytes": 1048576}
{"mock_phase": "before_read", "rank": 6, "copies": 64, "bytes": 16384}
{"mock_phase": "read_complete", "rank": 6, "ret": 0, "bytes": 16384}
{"mock_phase": "before_read", "rank": 6, "copies": 43, "bytes": 5636096}
{"mock_phase": "read_complete", "rank": 6, "ret": 0, "bytes": 5636096}
{"mock_phase": "planned", "request_id": "cmpl-bd596693870aa2b1-0-812eada2", "rank": 7, "pages": 811, "bytes": 29270016}
{"mock_phase": "before_read", "rank": 7, "copies": 64, "bytes": 4194304}
{"mock_phase": "read_complete", "rank": 7, "ret": 0, "bytes": 4194304}
{"mock_phase": "before_read", "rank": 7, "copies": 64, "bytes": 524288}
{"mock_phase": "read_complete", "rank": 7, "ret": 0, "bytes": 524288}
{"mock_phase": "before_read", "rank": 7, "copies": 64, "bytes": 8192}
{"mock_phase": "read_complete", "rank": 7, "ret": 0, "bytes": 8192}
{"mock_phase": "before_read", "rank": 7, "copies": 64, "bytes": 4194304}
{"mock_phase": "read_complete", "rank": 7, "ret": 0, "bytes": 4194304}
{"mock_phase": "before_read", "rank": 7, "copies": 64, "bytes": 524288}
{"mock_phase": "read_complete", "rank": 7, "ret": 0, "bytes": 524288}
{"mock_phase": "before_read", "rank": 7, "copies": 64, "bytes": 8192}
{"mock_phase": "read_complete", "rank": 7, "ret": 0, "bytes": 8192}
{"mock_phase": "before_read", "rank": 7, "copies": 64, "bytes": 4194304}
{"mock_phase": "read_complete", "rank": 7, "ret": 0, "bytes": 4194304}
{"mock_phase": "before_read", "rank": 7, "copies": 64, "bytes": 524288}
{"mock_phase": "read_complete", "rank": 7, "ret": 0, "bytes": 524288}
{"mock_phase": "before_read", "rank": 7, "copies": 64, "bytes": 8192}
{"mock_phase": "read_complete", "rank": 7, "ret": 0, "bytes": 8192}
{"mock_phase": "before_read", "rank": 7, "copies": 64, "bytes": 8388608}
{"mock_phase": "read_complete", "rank": 7, "ret": 0, "bytes": 8388608}
{"mock_phase": "before_read", "rank": 7, "copies": 64, "bytes": 1048576}
{"mock_phase": "read_complete", "rank": 7, "ret": 0, "bytes": 1048576}
{"mock_phase": "before_read", "rank": 7, "copies": 64, "bytes": 16384}
{"mock_phase": "read_complete", "rank": 7, "ret": 0, "bytes": 16384}
{"mock_phase": "before_read", "rank": 7, "copies": 43, "bytes": 5636096}
{"mock_phase": "read_complete", "rank": 7, "ret": 0, "bytes": 5636096}
{"ok": true, "request_id": "cmpl-bd596693870aa2b1-0-812eada2", "ranks": [{"rank": 0, "bytes": 29270016, "read_s": 0.007100448478013277, "hash_s": 0.03703781124204397, "nonzero_groups": [0, 1, 2, 3, 4, 5, 6]}, {"rank": 1, "bytes": 29270016, "read_s": 0.006413678172975779, "hash_s": 0.036333740688860416, "nonzero_groups": [0, 1, 2, 3, 4, 5, 6]}, {"rank": 2, "bytes": 29270016, "read_s": 0.006368599366396666, "hash_s": 0.036132740788161755, "nonzero_groups": [0, 1, 2, 3, 4, 5, 6]}, {"rank": 3, "bytes": 29270016, "read_s": 0.0063133398070931435, "hash_s": 0.03679159050807357, "nonzero_groups": [0, 1, 2, 3, 4, 5, 6]}, {"rank": 4, "bytes": 29270016, "read_s": 0.006306460592895746, "hash_s": 0.036377549171447754, "nonzero_groups": [0, 1, 2, 3, 4, 5, 6]}, {"rank": 5, "bytes": 29270016, "read_s": 0.006466719787567854, "hash_s": 0.03642125893384218, "nonzero_groups": [0, 1, 2, 3, 4, 5, 6]}, {"rank": 6, "bytes": 29270016, "read_s": 0.006409520283341408, "hash_s": 0.03656256012618542, "nonzero_groups": [0, 1, 2, 3, 4, 5, 6]}, {"rank": 7, "bytes": 29270016, "read_s": 0.006295070052146912, "hash_s": 0.03660683985799551, "nonzero_groups": [0, 1, 2, 3, 4, 5, 6]}], "bytes": 234160128, "consume_s": 0.3736303299665451, "ack_s": 0.0016515199095010757, "total_s": 0.375282010063529, "hold_ms": 0}
127.0.0.1 - - [09/Oct/2026 07:59:21] "POST /consume HTTP/1.1" 200 -
{"mock_phase": "planned", "request_id": "cmpl-84af0881413fdd33-0-a266d17a", "rank": 0, "pages": 1675, "bytes": 55858176}
{"mock_phase": "before_read", "rank": 0, "copies": 64, "bytes": 4194304}
{"mock_phase": "read_complete", "rank": 0, "ret": 0, "bytes": 4194304}
{"mock_phase": "before_read", "rank": 0, "copies": 64, "bytes": 4194304}
{"mock_phase": "read_complete", "rank": 0, "ret": 0, "bytes": 4194304}
{"mock_phase": "before_read", "rank": 0, "copies": 64, "bytes": 983040}
{"mock_phase": "read_complete", "rank": 0, "ret": 0, "bytes": 983040}
{"mock_phase": "before_read", "rank": 0, "copies": 64, "bytes": 524288}
{"mock_phase": "read_complete", "rank": 0, "ret": 0, "bytes": 524288}
{"mock_phase": "before_read", "rank": 0, "copies": 64, "bytes": 137216}
{"mock_phase": "read_complete", "rank": 0, "ret": 0, "bytes": 137216}
{"mock_phase": "before_read", "rank": 0, "copies": 64, "bytes": 8192}
{"mock_phase": "read_complete", "rank": 0, "ret": 0, "bytes": 8192}
{"mock_phase": "before_read", "rank": 0, "copies": 64, "bytes": 2624512}
{"mock_phase": "read_complete", "rank": 0, "ret": 0, "bytes": 2624512}
{"mock_phase": "before_read", "rank": 0, "copies": 64, "bytes": 4194304}
{"mock_phase": "read_complete", "rank": 0, "ret": 0, "bytes": 4194304}
{"mock_phase": "before_read", "rank": 0, "copies": 64, "bytes": 2359296}
{"mock_phase": "read_complete", "rank": 0, "ret": 0, "bytes": 2359296}
{"mock_phase": "before_read", "rank": 0, "copies": 64, "bytes": 524288}
{"mock_phase": "read_complete", "rank": 0, "ret": 0, "bytes": 524288}
{"mock_phase": "before_read", "rank": 0, "copies": 64, "bytes": 330752}
{"mock_phase": "read_complete", "rank": 0, "ret": 0, "bytes": 330752}
{"mock_phase": "before_read", "rank": 0, "copies": 64, "bytes": 8192}
{"mock_phase": "read_complete", "rank": 0, "ret": 0, "bytes": 8192}
{"mock_phase": "before_read", "rank": 0, "copies": 64, "bytes": 1054720}
{"mock_phase": "read_complete", "rank": 0, "ret": 0, "bytes": 1054720}
{"mock_phase": "before_read", "rank": 0, "copies": 64, "bytes": 4194304}
{"mock_phase": "read_complete", "rank": 0, "ret": 0, "bytes": 4194304}
{"mock_phase": "before_read", "rank": 0, "copies": 64, "bytes": 3735552}
{"mock_phase": "read_complete", "rank": 0, "ret": 0, "bytes": 3735552}
{"mock_phase": "before_read", "rank": 0, "copies": 64, "bytes": 524288}
{"mock_phase": "read_complete", "rank": 0, "ret": 0, "bytes": 524288}
{"mock_phase": "before_read", "rank": 0, "copies": 64, "bytes": 524288}
{"mock_phase": "read_complete", "rank": 0, "ret": 0, "bytes": 524288}
{"mock_phase": "before_read", "rank": 0, "copies": 64, "bytes": 8192}
{"mock_phase": "read_complete", "rank": 0, "ret": 0, "bytes": 8192}
{"mock_phase": "before_read", "rank": 0, "copies": 64, "bytes": 8192}
{"mock_phase": "read_complete", "rank": 0, "ret": 0, "bytes": 8192}
{"mock_phase": "before_read", "rank": 0, "copies": 64, "bytes": 7341056}
{"mock_phase": "read_complete", "rank": 0, "ret": 0, "bytes": 7341056}
{"mock_phase": "before_read", "rank": 0, "copies": 64, "bytes": 8388608}
{"mock_phase": "read_complete", "rank": 0, "ret": 0, "bytes": 8388608}
{"mock_phase": "before_read", "rank": 0, "copies": 64, "bytes": 2883584}
{"mock_phase": "read_complete", "rank": 0, "ret": 0, "bytes": 2883584}
{"mock_phase": "before_read", "rank": 0, "copies": 64, "bytes": 1048576}
{"mock_phase": "read_complete", "rank": 0, "ret": 0, "bytes": 1048576}
{"mock_phase": "before_read", "rank": 0, "copies": 64, "bytes": 403456}
{"mock_phase": "read_complete", "rank": 0, "ret": 0, "bytes": 403456}
{"mock_phase": "before_read", "rank": 0, "copies": 64, "bytes": 16384}
{"mock_phase": "read_complete", "rank": 0, "ret": 0, "bytes": 16384}
{"mock_phase": "before_read", "rank": 0, "copies": 64, "bytes": 4202496}
{"mock_phase": "read_complete", "rank": 0, "ret": 0, "bytes": 4202496}
{"mock_phase": "before_read", "rank": 0, "copies": 11, "bytes": 1441792}
{"mock_phase": "read_complete", "rank": 0, "ret": 0, "bytes": 1441792}
{"mock_phase": "planned", "request_id": "cmpl-84af0881413fdd33-0-a266d17a", "rank": 1, "pages": 1675, "bytes": 55858176}
{"mock_phase": "before_read", "rank": 1, "copies": 64, "bytes": 4194304}
{"mock_phase": "read_complete", "rank": 1, "ret": 0, "bytes": 4194304}
{"mock_phase": "before_read", "rank": 1, "copies": 64, "bytes": 4194304}
{"mock_phase": "read_complete", "rank": 1, "ret": 0, "bytes": 4194304}
{"mock_phase": "before_read", "rank": 1, "copies": 64, "bytes": 983040}
{"mock_phase": "read_complete", "rank": 1, "ret": 0, "bytes": 983040}
{"mock_phase": "before_read", "rank": 1, "copies": 64, "bytes": 524288}
{"mock_phase": "read_complete", "rank": 1, "ret": 0, "bytes": 524288}
{"mock_phase": "before_read", "rank": 1, "copies": 64, "bytes": 137216}
{"mock_phase": "read_complete", "rank": 1, "ret": 0, "bytes": 137216}
{"mock_phase": "before_read", "rank": 1, "copies": 64, "bytes": 8192}
{"mock_phase": "read_complete", "rank": 1, "ret": 0, "bytes": 8192}
{"mock_phase": "before_read", "rank": 1, "copies": 64, "bytes": 2624512}
{"mock_phase": "read_complete", "rank": 1, "ret": 0, "bytes": 2624512}
{"mock_phase": "before_read", "rank": 1, "copies": 64, "bytes": 4194304}
{"mock_phase": "read_complete", "rank": 1, "ret": 0, "bytes": 4194304}
{"mock_phase": "before_read", "rank": 1, "copies": 64, "bytes": 2359296}
{"mock_phase": "read_complete", "rank": 1, "ret": 0, "bytes": 2359296}
{"mock_phase": "before_read", "rank": 1, "copies": 64, "bytes": 524288}
{"mock_phase": "read_complete", "rank": 1, "ret": 0, "bytes": 524288}
{"mock_phase": "before_read", "rank": 1, "copies": 64, "bytes": 330752}
{"mock_phase": "read_complete", "rank": 1, "ret": 0, "bytes": 330752}
{"mock_phase": "before_read", "rank": 1, "copies": 64, "bytes": 8192}
{"mock_phase": "read_complete", "rank": 1, "ret": 0, "bytes": 8192}
{"mock_phase": "before_read", "rank": 1, "copies": 64, "bytes": 1054720}
{"mock_phase": "read_complete", "rank": 1, "ret": 0, "bytes": 1054720}
{"mock_phase": "before_read", "rank": 1, "copies": 64, "bytes": 4194304}
{"mock_phase": "read_complete", "rank": 1, "ret": 0, "bytes": 4194304}
{"mock_phase": "before_read", "rank": 1, "copies": 64, "bytes": 3735552}
{"mock_phase": "read_complete", "rank": 1, "ret": 0, "bytes": 3735552}
{"mock_phase": "before_read", "rank": 1, "copies": 64, "bytes": 524288}
{"mock_phase": "read_complete", "rank": 1, "ret": 0, "bytes": 524288}
{"mock_phase": "before_read", "rank": 1, "copies": 64, "bytes": 524288}
{"mock_phase": "read_complete", "rank": 1, "ret": 0, "bytes": 524288}
{"mock_phase": "before_read", "rank": 1, "copies": 64, "bytes": 8192}
{"mock_phase": "read_complete", "rank": 1, "ret": 0, "bytes": 8192}
{"mock_phase": "before_read", "rank": 1, "copies": 64, "bytes": 8192}
{"mock_phase": "read_complete", "rank": 1, "ret": 0, "bytes": 8192}
{"mock_phase": "before_read", "rank": 1, "copies": 64, "bytes": 7341056}
{"mock_phase": "read_complete", "rank": 1, "ret": 0, "bytes": 7341056}
{"mock_phase": "before_read", "rank": 1, "copies": 64, "bytes": 8388608}
{"mock_phase": "read_complete", "rank": 1, "ret": 0, "bytes": 8388608}
{"mock_phase": "before_read", "rank": 1, "copies": 64, "bytes": 2883584}
{"mock_phase": "read_complete", "rank": 1, "ret": 0, "bytes": 2883584}
{"mock_phase": "before_read", "rank": 1, "copies": 64, "bytes": 1048576}
{"mock_phase": "read_complete", "rank": 1, "ret": 0, "bytes": 1048576}
{"mock_phase": "before_read", "rank": 1, "copies": 64, "bytes": 403456}
{"mock_phase": "read_complete", "rank": 1, "ret": 0, "bytes": 403456}
{"mock_phase": "before_read", "rank": 1, "copies": 64, "bytes": 16384}
{"mock_phase": "read_complete", "rank": 1, "ret": 0, "bytes": 16384}
{"mock_phase": "before_read", "rank": 1, "copies": 64, "bytes": 4202496}
{"mock_phase": "read_complete", "rank": 1, "ret": 0, "bytes": 4202496}
{"mock_phase": "before_read", "rank": 1, "copies": 11, "bytes": 1441792}
{"mock_phase": "read_complete", "rank": 1, "ret": 0, "bytes": 1441792}
{"mock_phase": "planned", "request_id": "cmpl-84af0881413fdd33-0-a266d17a", "rank": 2, "pages": 1675, "bytes": 55858176}
{"mock_phase": "before_read", "rank": 2, "copies": 64, "bytes": 4194304}
{"mock_phase": "read_complete", "rank": 2, "ret": 0, "bytes": 4194304}
{"mock_phase": "before_read", "rank": 2, "copies": 64, "bytes": 4194304}
{"mock_phase": "read_complete", "rank": 2, "ret": 0, "bytes": 4194304}
{"mock_phase": "before_read", "rank": 2, "copies": 64, "bytes": 983040}
{"mock_phase": "read_complete", "rank": 2, "ret": 0, "bytes": 983040}
{"mock_phase": "before_read", "rank": 2, "copies": 64, "bytes": 524288}
{"mock_phase": "read_complete", "rank": 2, "ret": 0, "bytes": 524288}
{"mock_phase": "before_read", "rank": 2, "copies": 64, "bytes": 137216}
{"mock_phase": "read_complete", "rank": 2, "ret": 0, "bytes": 137216}
{"mock_phase": "before_read", "rank": 2, "copies": 64, "bytes": 8192}
{"mock_phase": "read_complete", "rank": 2, "ret": 0, "bytes": 8192}
{"mock_phase": "before_read", "rank": 2, "copies": 64, "bytes": 2624512}
{"mock_phase": "read_complete", "rank": 2, "ret": 0, "bytes": 2624512}
{"mock_phase": "before_read", "rank": 2, "copies": 64, "bytes": 4194304}
{"mock_phase": "read_complete", "rank": 2, "ret": 0, "bytes": 4194304}
{"mock_phase": "before_read", "rank": 2, "copies": 64, "bytes": 2359296}
{"mock_phase": "read_complete", "rank": 2, "ret": 0, "bytes": 2359296}
{"mock_phase": "before_read", "rank": 2, "copies": 64, "bytes": 524288}
{"mock_phase": "read_complete", "rank": 2, "ret": 0, "bytes": 524288}
{"mock_phase": "before_read", "rank": 2, "copies": 64, "bytes": 330752}
{"mock_phase": "read_complete", "rank": 2, "ret": 0, "bytes": 330752}
{"mock_phase": "before_read", "rank": 2, "copies": 64, "bytes": 8192}
{"mock_phase": "read_complete", "rank": 2, "ret": 0, "bytes": 8192}
{"mock_phase": "before_read", "rank": 2, "copies": 64, "bytes": 1054720}
{"mock_phase": "read_complete", "rank": 2, "ret": 0, "bytes": 1054720}
{"mock_phase": "before_read", "rank": 2, "copies": 64, "bytes": 4194304}
{"mock_phase": "read_complete", "rank": 2, "ret": 0, "bytes": 4194304}
{"mock_phase": "before_read", "rank": 2, "copies": 64, "bytes": 3735552}
{"mock_phase": "read_complete", "rank": 2, "ret": 0, "bytes": 3735552}
{"mock_phase": "before_read", "rank": 2, "copies": 64, "bytes": 524288}
{"mock_phase": "read_complete", "rank": 2, "ret": 0, "bytes": 524288}
{"mock_phase": "before_read", "rank": 2, "copies": 64, "bytes": 524288}
{"mock_phase": "read_complete", "rank": 2, "ret": 0, "bytes": 524288}
{"mock_phase": "before_read", "rank": 2, "copies": 64, "bytes": 8192}
{"mock_phase": "read_complete", "rank": 2, "ret": 0, "bytes": 8192}
{"mock_phase": "before_read", "rank": 2, "copies": 64, "bytes": 8192}
{"mock_phase": "read_complete", "rank": 2, "ret": 0, "bytes": 8192}
{"mock_phase": "before_read", "rank": 2, "copies": 64, "bytes": 7341056}
{"mock_phase": "read_complete", "rank": 2, "ret": 0, "bytes": 7341056}
{"mock_phase": "before_read", "rank": 2, "copies": 64, "bytes": 8388608}
{"mock_phase": "read_complete", "rank": 2, "ret": 0, "bytes": 8388608}
{"mock_phase": "before_read", "rank": 2, "copies": 64, "bytes": 2883584}
{"mock_phase": "read_complete", "rank": 2, "ret": 0, "bytes": 2883584}
{"mock_phase": "before_read", "rank": 2, "copies": 64, "bytes": 1048576}
{"mock_phase": "read_complete", "rank": 2, "ret": 0, "bytes": 1048576}
{"mock_phase": "before_read", "rank": 2, "copies": 64, "bytes": 403456}
{"mock_phase": "read_complete", "rank": 2, "ret": 0, "bytes": 403456}
{"mock_phase": "before_read", "rank": 2, "copies": 64, "bytes": 16384}
{"mock_phase": "read_complete", "rank": 2, "ret": 0, "bytes": 16384}
{"mock_phase": "before_read", "rank": 2, "copies": 64, "bytes": 4202496}
{"mock_phase": "read_complete", "rank": 2, "ret": 0, "bytes": 4202496}
{"mock_phase": "before_read", "rank": 2, "copies": 11, "bytes": 1441792}
{"mock_phase": "read_complete", "rank": 2, "ret": 0, "bytes": 1441792}
{"mock_phase": "planned", "request_id": "cmpl-84af0881413fdd33-0-a266d17a", "rank": 3, "pages": 1675, "bytes": 55858176}
{"mock_phase": "before_read", "rank": 3, "copies": 64, "bytes": 4194304}
{"mock_phase": "read_complete", "rank": 3, "ret": 0, "bytes": 4194304}
{"mock_phase": "before_read", "rank": 3, "copies": 64, "bytes": 4194304}
{"mock_phase": "read_complete", "rank": 3, "ret": 0, "bytes": 4194304}
{"mock_phase": "before_read", "rank": 3, "copies": 64, "bytes": 983040}
{"mock_phase": "read_complete", "rank": 3, "ret": 0, "bytes": 983040}
{"mock_phase": "before_read", "rank": 3, "copies": 64, "bytes": 524288}
{"mock_phase": "read_complete", "rank": 3, "ret": 0, "bytes": 524288}
{"mock_phase": "before_read", "rank": 3, "copies": 64, "bytes": 137216}
{"mock_phase": "read_complete", "rank": 3, "ret": 0, "bytes": 137216}
{"mock_phase": "before_read", "rank": 3, "copies": 64, "bytes": 8192}
{"mock_phase": "read_complete", "rank": 3, "ret": 0, "bytes": 8192}
{"mock_phase": "before_read", "rank": 3, "copies": 64, "bytes": 2624512}
{"mock_phase": "read_complete", "rank": 3, "ret": 0, "bytes": 2624512}
{"mock_phase": "before_read", "rank": 3, "copies": 64, "bytes": 4194304}
{"mock_phase": "read_complete", "rank": 3, "ret": 0, "bytes": 4194304}
{"mock_phase": "before_read", "rank": 3, "copies": 64, "bytes": 2359296}
{"mock_phase": "read_complete", "rank": 3, "ret": 0, "bytes": 2359296}
{"mock_phase": "before_read", "rank": 3, "copies": 64, "bytes": 524288}
{"mock_phase": "read_complete", "rank": 3, "ret": 0, "bytes": 524288}
{"mock_phase": "before_read", "rank": 3, "copies": 64, "bytes": 330752}
{"mock_phase": "read_complete", "rank": 3, "ret": 0, "bytes": 330752}
{"mock_phase": "before_read", "rank": 3, "copies": 64, "bytes": 8192}
{"mock_phase": "read_complete", "rank": 3, "ret": 0, "bytes": 8192}
{"mock_phase": "before_read", "rank": 3, "copies": 64, "bytes": 1054720}
{"mock_phase": "read_complete", "rank": 3, "ret": 0, "bytes": 1054720}
{"mock_phase": "before_read", "rank": 3, "copies": 64, "bytes": 4194304}
{"mock_phase": "read_complete", "rank": 3, "ret": 0, "bytes": 4194304}
{"mock_phase": "before_read", "rank": 3, "copies": 64, "bytes": 3735552}
{"mock_phase": "read_complete", "rank": 3, "ret": 0, "bytes": 3735552}
{"mock_phase": "before_read", "rank": 3, "copies": 64, "bytes": 524288}
{"mock_phase": "read_complete", "rank": 3, "ret": 0, "bytes": 524288}
{"mock_phase": "before_read", "rank": 3, "copies": 64, "bytes": 524288}
{"mock_phase": "read_complete", "rank": 3, "ret": 0, "bytes": 524288}
{"mock_phase": "before_read", "rank": 3, "copies": 64, "bytes": 8192}
{"mock_phase": "read_complete", "rank": 3, "ret": 0, "bytes": 8192}
{"mock_phase": "before_read", "rank": 3, "copies": 64, "bytes": 8192}
{"mock_phase": "read_complete", "rank": 3, "ret": 0, "bytes": 8192}
{"mock_phase": "before_read", "rank": 3, "copies": 64, "bytes": 7341056}
{"mock_phase": "read_complete", "rank": 3, "ret": 0, "bytes": 7341056}
{"mock_phase": "before_read", "rank": 3, "copies": 64, "bytes": 8388608}
{"mock_phase": "read_complete", "rank": 3, "ret": 0, "bytes": 8388608}
{"mock_phase": "before_read", "rank": 3, "copies": 64, "bytes": 2883584}
{"mock_phase": "read_complete", "rank": 3, "ret": 0, "bytes": 2883584}
{"mock_phase": "before_read", "rank": 3, "copies": 64, "bytes": 1048576}
{"mock_phase": "read_complete", "rank": 3, "ret": 0, "bytes": 1048576}
{"mock_phase": "before_read", "rank": 3, "copies": 64, "bytes": 403456}
{"mock_phase": "read_complete", "rank": 3, "ret": 0, "bytes": 403456}
{"mock_phase": "before_read", "rank": 3, "copies": 64, "bytes": 16384}
{"mock_phase": "read_complete", "rank": 3, "ret": 0, "bytes": 16384}
{"mock_phase": "before_read", "rank": 3, "copies": 64, "bytes": 4202496}
{"mock_phase": "read_complete", "rank": 3, "ret": 0, "bytes": 4202496}
{"mock_phase": "before_read", "rank": 3, "copies": 11, "bytes": 1441792}
{"mock_phase": "read_complete", "rank": 3, "ret": 0, "bytes": 1441792}
{"mock_phase": "planned", "request_id": "cmpl-84af0881413fdd33-0-a266d17a", "rank": 4, "pages": 1675, "bytes": 55858176}
{"mock_phase": "before_read", "rank": 4, "copies": 64, "bytes": 4194304}
{"mock_phase": "read_complete", "rank": 4, "ret": 0, "bytes": 4194304}
{"mock_phase": "before_read", "rank": 4, "copies": 64, "bytes": 4194304}
{"mock_phase": "read_complete", "rank": 4, "ret": 0, "bytes": 4194304}
{"mock_phase": "before_read", "rank": 4, "copies": 64, "bytes": 983040}
{"mock_phase": "read_complete", "rank": 4, "ret": 0, "bytes": 983040}
{"mock_phase": "before_read", "rank": 4, "copies": 64, "bytes": 524288}
{"mock_phase": "read_complete", "rank": 4, "ret": 0, "bytes": 524288}
{"mock_phase": "before_read", "rank": 4, "copies": 64, "bytes": 137216}
{"mock_phase": "read_complete", "rank": 4, "ret": 0, "bytes": 137216}
{"mock_phase": "before_read", "rank": 4, "copies": 64, "bytes": 8192}
{"mock_phase": "read_complete", "rank": 4, "ret": 0, "bytes": 8192}
{"mock_phase": "before_read", "rank": 4, "copies": 64, "bytes": 2624512}
{"mock_phase": "read_complete", "rank": 4, "ret": 0, "bytes": 2624512}
{"mock_phase": "before_read", "rank": 4, "copies": 64, "bytes": 4194304}
{"mock_phase": "read_complete", "rank": 4, "ret": 0, "bytes": 4194304}
{"mock_phase": "before_read", "rank": 4, "copies": 64, "bytes": 2359296}
{"mock_phase": "read_complete", "rank": 4, "ret": 0, "bytes": 2359296}
{"mock_phase": "before_read", "rank": 4, "copies": 64, "bytes": 524288}
{"mock_phase": "read_complete", "rank": 4, "ret": 0, "bytes": 524288}
{"mock_phase": "before_read", "rank": 4, "copies": 64, "bytes": 330752}
{"mock_phase": "read_complete", "rank": 4, "ret": 0, "bytes": 330752}
{"mock_phase": "before_read", "rank": 4, "copies": 64, "bytes": 8192}
{"mock_phase": "read_complete", "rank": 4, "ret": 0, "bytes": 8192}
{"mock_phase": "before_read", "rank": 4, "copies": 64, "bytes": 1054720}
{"mock_phase": "read_complete", "rank": 4, "ret": 0, "bytes": 1054720}
{"mock_phase": "before_read", "rank": 4, "copies": 64, "bytes": 4194304}
{"mock_phase": "read_complete", "rank": 4, "ret": 0, "bytes": 4194304}
{"mock_phase": "before_read", "rank": 4, "copies": 64, "bytes": 3735552}
{"mock_phase": "read_complete", "rank": 4, "ret": 0, "bytes": 3735552}
{"mock_phase": "before_read", "rank": 4, "copies": 64, "bytes": 524288}
{"mock_phase": "read_complete", "rank": 4, "ret": 0, "bytes": 524288}
{"mock_phase": "before_read", "rank": 4, "copies": 64, "bytes": 524288}
{"mock_phase": "read_complete", "rank": 4, "ret": 0, "bytes": 524288}
{"mock_phase": "before_read", "rank": 4, "copies": 64, "bytes": 8192}
{"mock_phase": "read_complete", "rank": 4, "ret": 0, "bytes": 8192}
{"mock_phase": "before_read", "rank": 4, "copies": 64, "bytes": 8192}
{"mock_phase": "read_complete", "rank": 4, "ret": 0, "bytes": 8192}
{"mock_phase": "before_read", "rank": 4, "copies": 64, "bytes": 7341056}
{"mock_phase": "read_complete", "rank": 4, "ret": 0, "bytes": 7341056}
{"mock_phase": "before_read", "rank": 4, "copies": 64, "bytes": 8388608}
{"mock_phase": "read_complete", "rank": 4, "ret": 0, "bytes": 8388608}
{"mock_phase": "before_read", "rank": 4, "copies": 64, "bytes": 2883584}
{"mock_phase": "read_complete", "rank": 4, "ret": 0, "bytes": 2883584}
{"mock_phase": "before_read", "rank": 4, "copies": 64, "bytes": 1048576}
{"mock_phase": "read_complete", "rank": 4, "ret": 0, "bytes": 1048576}
{"mock_phase": "before_read", "rank": 4, "copies": 64, "bytes": 403456}
{"mock_phase": "read_complete", "rank": 4, "ret": 0, "bytes": 403456}
{"mock_phase": "before_read", "rank": 4, "copies": 64, "bytes": 16384}
{"mock_phase": "read_complete", "rank": 4, "ret": 0, "bytes": 16384}
{"mock_phase": "before_read", "rank": 4, "copies": 64, "bytes": 4202496}
{"mock_phase": "read_complete", "rank": 4, "ret": 0, "bytes": 4202496}
{"mock_phase": "before_read", "rank": 4, "copies": 11, "bytes": 1441792}
{"mock_phase": "read_complete", "rank": 4, "ret": 0, "bytes": 1441792}
{"mock_phase": "planned", "request_id": "cmpl-84af0881413fdd33-0-a266d17a", "rank": 5, "pages": 1675, "bytes": 55858176}
{"mock_phase": "before_read", "rank": 5, "copies": 64, "bytes": 4194304}
{"mock_phase": "read_complete", "rank": 5, "ret": 0, "bytes": 4194304}
{"mock_phase": "before_read", "rank": 5, "copies": 64, "bytes": 4194304}
{"mock_phase": "read_complete", "rank": 5, "ret": 0, "bytes": 4194304}
{"mock_phase": "before_read", "rank": 5, "copies": 64, "bytes": 983040}
{"mock_phase": "read_complete", "rank": 5, "ret": 0, "bytes": 983040}
{"mock_phase": "before_read", "rank": 5, "copies": 64, "bytes": 524288}
{"mock_phase": "read_complete", "rank": 5, "ret": 0, "bytes": 524288}
{"mock_phase": "before_read", "rank": 5, "copies": 64, "bytes": 137216}
{"mock_phase": "read_complete", "rank": 5, "ret": 0, "bytes": 137216}
{"mock_phase": "before_read", "rank": 5, "copies": 64, "bytes": 8192}
{"mock_phase": "read_complete", "rank": 5, "ret": 0, "bytes": 8192}
{"mock_phase": "before_read", "rank": 5, "copies": 64, "bytes": 2624512}
{"mock_phase": "read_complete", "rank": 5, "ret": 0, "bytes": 2624512}
{"mock_phase": "before_read", "rank": 5, "copies": 64, "bytes": 4194304}
{"mock_phase": "read_complete", "rank": 5, "ret": 0, "bytes": 4194304}
{"mock_phase": "before_read", "rank": 5, "copies": 64, "bytes": 2359296}
{"mock_phase": "read_complete", "rank": 5, "ret": 0, "bytes": 2359296}
{"mock_phase": "before_read", "rank": 5, "copies": 64, "bytes": 524288}
{"mock_phase": "read_complete", "rank": 5, "ret": 0, "bytes": 524288}
{"mock_phase": "before_read", "rank": 5, "copies": 64, "bytes": 330752}
{"mock_phase": "read_complete", "rank": 5, "ret": 0, "bytes": 330752}
{"mock_phase": "before_read", "rank": 5, "copies": 64, "bytes": 8192}
{"mock_phase": "read_complete", "rank": 5, "ret": 0, "bytes": 8192}
{"mock_phase": "before_read", "rank": 5, "copies": 64, "bytes": 1054720}
{"mock_phase": "read_complete", "rank": 5, "ret": 0, "bytes": 1054720}
{"mock_phase": "before_read", "rank": 5, "copies": 64, "bytes": 4194304}
{"mock_phase": "read_complete", "rank": 5, "ret": 0, "bytes": 4194304}
{"mock_phase": "before_read", "rank": 5, "copies": 64, "bytes": 3735552}
{"mock_phase": "read_complete", "rank": 5, "ret": 0, "bytes": 3735552}
{"mock_phase": "before_read", "rank": 5, "copies": 64, "bytes": 524288}
{"mock_phase": "read_complete", "rank": 5, "ret": 0, "bytes": 524288}
{"mock_phase": "before_read", "rank": 5, "copies": 64, "bytes": 524288}
{"mock_phase": "read_complete", "rank": 5, "ret": 0, "bytes": 524288}
{"mock_phase": "before_read", "rank": 5, "copies": 64, "bytes": 8192}
{"mock_phase": "read_complete", "rank": 5, "ret": 0, "bytes": 8192}
{"mock_phase": "before_read", "rank": 5, "copies": 64, "bytes": 8192}
{"mock_phase": "read_complete", "rank": 5, "ret": 0, "bytes": 8192}
{"mock_phase": "before_read", "rank": 5, "copies": 64, "bytes": 7341056}
{"mock_phase": "read_complete", "rank": 5, "ret": 0, "bytes": 7341056}
{"mock_phase": "before_read", "rank": 5, "copies": 64, "bytes": 8388608}
{"mock_phase": "read_complete", "rank": 5, "ret": 0, "bytes": 8388608}
{"mock_phase": "before_read", "rank": 5, "copies": 64, "bytes": 2883584}
{"mock_phase": "read_complete", "rank": 5, "ret": 0, "bytes": 2883584}
{"mock_phase": "before_read", "rank": 5, "copies": 64, "bytes": 1048576}
{"mock_phase": "read_complete", "rank": 5, "ret": 0, "bytes": 1048576}
{"mock_phase": "before_read", "rank": 5, "copies": 64, "bytes": 403456}
{"mock_phase": "read_complete", "rank": 5, "ret": 0, "bytes": 403456}
{"mock_phase": "before_read", "rank": 5, "copies": 64, "bytes": 16384}
{"mock_phase": "read_complete", "rank": 5, "ret": 0, "bytes": 16384}
{"mock_phase": "before_read", "rank": 5, "copies": 64, "bytes": 4202496}
{"mock_phase": "read_complete", "rank": 5, "ret": 0, "bytes": 4202496}
{"mock_phase": "before_read", "rank": 5, "copies": 11, "bytes": 1441792}
{"mock_phase": "read_complete", "rank": 5, "ret": 0, "bytes": 1441792}
{"mock_phase": "planned", "request_id": "cmpl-84af0881413fdd33-0-a266d17a", "rank": 6, "pages": 1675, "bytes": 55858176}
{"mock_phase": "before_read", "rank": 6, "copies": 64, "bytes": 4194304}
{"mock_phase": "read_complete", "rank": 6, "ret": 0, "bytes": 4194304}
{"mock_phase": "before_read", "rank": 6, "copies": 64, "bytes": 4194304}
{"mock_phase": "read_complete", "rank": 6, "ret": 0, "bytes": 4194304}
{"mock_phase": "before_read", "rank": 6, "copies": 64, "bytes": 983040}
{"mock_phase": "read_complete", "rank": 6, "ret": 0, "bytes": 983040}
{"mock_phase": "before_read", "rank": 6, "copies": 64, "bytes": 524288}
{"mock_phase": "read_complete", "rank": 6, "ret": 0, "bytes": 524288}
{"mock_phase": "before_read", "rank": 6, "copies": 64, "bytes": 137216}
{"mock_phase": "read_complete", "rank": 6, "ret": 0, "bytes": 137216}
{"mock_phase": "before_read", "rank": 6, "copies": 64, "bytes": 8192}
{"mock_phase": "read_complete", "rank": 6, "ret": 0, "bytes": 8192}
{"mock_phase": "before_read", "rank": 6, "copies": 64, "bytes": 2624512}
{"mock_phase": "read_complete", "rank": 6, "ret": 0, "bytes": 2624512}
{"mock_phase": "before_read", "rank": 6, "copies": 64, "bytes": 4194304}
{"mock_phase": "read_complete", "rank": 6, "ret": 0, "bytes": 4194304}
{"mock_phase": "before_read", "rank": 6, "copies": 64, "bytes": 2359296}
{"mock_phase": "read_complete", "rank": 6, "ret": 0, "bytes": 2359296}
{"mock_phase": "before_read", "rank": 6, "copies": 64, "bytes": 524288}
{"mock_phase": "read_complete", "rank": 6, "ret": 0, "bytes": 524288}
{"mock_phase": "before_read", "rank": 6, "copies": 64, "bytes": 330752}
{"mock_phase": "read_complete", "rank": 6, "ret": 0, "bytes": 330752}
{"mock_phase": "before_read", "rank": 6, "copies": 64, "bytes": 8192}
{"mock_phase": "read_complete", "rank": 6, "ret": 0, "bytes": 8192}
{"mock_phase": "before_read", "rank": 6, "copies": 64, "bytes": 1054720}
{"mock_phase": "read_complete", "rank": 6, "ret": 0, "bytes": 1054720}
{"mock_phase": "before_read", "rank": 6, "copies": 64, "bytes": 4194304}
{"mock_phase": "read_complete", "rank": 6, "ret": 0, "bytes": 4194304}
{"mock_phase": "before_read", "rank": 6, "copies": 64, "bytes": 3735552}
{"mock_phase": "read_complete", "rank": 6, "ret": 0, "bytes": 3735552}
{"mock_phase": "before_read", "rank": 6, "copies": 64, "bytes": 524288}
{"mock_phase": "read_complete", "rank": 6, "ret": 0, "bytes": 524288}
{"mock_phase": "before_read", "rank": 6, "copies": 64, "bytes": 524288}
{"mock_phase": "read_complete", "rank": 6, "ret": 0, "bytes": 524288}
{"mock_phase": "before_read", "rank": 6, "copies": 64, "bytes": 8192}
{"mock_phase": "read_complete", "rank": 6, "ret": 0, "bytes": 8192}
{"mock_phase": "before_read", "rank": 6, "copies": 64, "bytes": 8192}
{"mock_phase": "read_complete", "rank": 6, "ret": 0, "bytes": 8192}
{"mock_phase": "before_read", "rank": 6, "copies": 64, "bytes": 7341056}
{"mock_phase": "read_complete", "rank": 6, "ret": 0, "bytes": 7341056}
{"mock_phase": "before_read", "rank": 6, "copies": 64, "bytes": 8388608}
{"mock_phase": "read_complete", "rank": 6, "ret": 0, "bytes": 8388608}
{"mock_phase": "before_read", "rank": 6, "copies": 64, "bytes": 2883584}
{"mock_phase": "read_complete", "rank": 6, "ret": 0, "bytes": 2883584}
{"mock_phase": "before_read", "rank": 6, "copies": 64, "bytes": 1048576}
{"mock_phase": "read_complete", "rank": 6, "ret": 0, "bytes": 1048576}
{"mock_phase": "before_read", "rank": 6, "copies": 64, "bytes": 403456}
{"mock_phase": "read_complete", "rank": 6, "ret": 0, "bytes": 403456}
{"mock_phase": "before_read", "rank": 6, "copies": 64, "bytes": 16384}
{"mock_phase": "read_complete", "rank": 6, "ret": 0, "bytes": 16384}
{"mock_phase": "before_read", "rank": 6, "copies": 64, "bytes": 4202496}
{"mock_phase": "read_complete", "rank": 6, "ret": 0, "bytes": 4202496}
{"mock_phase": "before_read", "rank": 6, "copies": 11, "bytes": 1441792}
{"mock_phase": "read_complete", "rank": 6, "ret": 0, "bytes": 1441792}
{"mock_phase": "planned", "request_id": "cmpl-84af0881413fdd33-0-a266d17a", "rank": 7, "pages": 1675, "bytes": 55858176}
{"mock_phase": "before_read", "rank": 7, "copies": 64, "bytes": 4194304}
{"mock_phase": "read_complete", "rank": 7, "ret": 0, "bytes": 4194304}
{"mock_phase": "before_read", "rank": 7, "copies": 64, "bytes": 4194304}
{"mock_phase": "read_complete", "rank": 7, "ret": 0, "bytes": 4194304}
{"mock_phase": "before_read", "rank": 7, "copies": 64, "bytes": 983040}
{"mock_phase": "read_complete", "rank": 7, "ret": 0, "bytes": 983040}
{"mock_phase": "before_read", "rank": 7, "copies": 64, "bytes": 524288}
{"mock_phase": "read_complete", "rank": 7, "ret": 0, "bytes": 524288}
{"mock_phase": "before_read", "rank": 7, "copies": 64, "bytes": 137216}
{"mock_phase": "read_complete", "rank": 7, "ret": 0, "bytes": 137216}
{"mock_phase": "before_read", "rank": 7, "copies": 64, "bytes": 8192}
{"mock_phase": "read_complete", "rank": 7, "ret": 0, "bytes": 8192}
{"mock_phase": "before_read", "rank": 7, "copies": 64, "bytes": 2624512}
{"mock_phase": "read_complete", "rank": 7, "ret": 0, "bytes": 2624512}
{"mock_phase": "before_read", "rank": 7, "copies": 64, "bytes": 4194304}
{"mock_phase": "read_complete", "rank": 7, "ret": 0, "bytes": 4194304}
{"mock_phase": "before_read", "rank": 7, "copies": 64, "bytes": 2359296}
{"mock_phase": "read_complete", "rank": 7, "ret": 0, "bytes": 2359296}
{"mock_phase": "before_read", "rank": 7, "copies": 64, "bytes": 524288}
{"mock_phase": "read_complete", "rank": 7, "ret": 0, "bytes": 524288}
{"mock_phase": "before_read", "rank": 7, "copies": 64, "bytes": 330752}
{"mock_phase": "read_complete", "rank": 7, "ret": 0, "bytes": 330752}
{"mock_phase": "before_read", "rank": 7, "copies": 64, "bytes": 8192}
{"mock_phase": "read_complete", "rank": 7, "ret": 0, "bytes": 8192}
{"mock_phase": "before_read", "rank": 7, "copies": 64, "bytes": 1054720}
{"mock_phase": "read_complete", "rank": 7, "ret": 0, "bytes": 1054720}
{"mock_phase": "before_read", "rank": 7, "copies": 64, "bytes": 4194304}
{"mock_phase": "read_complete", "rank": 7, "ret": 0, "bytes": 4194304}
{"mock_phase": "before_read", "rank": 7, "copies": 64, "bytes": 3735552}
{"mock_phase": "read_complete", "rank": 7, "ret": 0, "bytes": 3735552}
{"mock_phase": "before_read", "rank": 7, "copies": 64, "bytes": 524288}
{"mock_phase": "read_complete", "rank": 7, "ret": 0, "bytes": 524288}
{"mock_phase": "before_read", "rank": 7, "copies": 64, "bytes": 524288}
{"mock_phase": "read_complete", "rank": 7, "ret": 0, "bytes": 524288}
{"mock_phase": "before_read", "rank": 7, "copies": 64, "bytes": 8192}
{"mock_phase": "read_complete", "rank": 7, "ret": 0, "bytes": 8192}
{"mock_phase": "before_read", "rank": 7, "copies": 64, "bytes": 8192}
{"mock_phase": "read_complete", "rank": 7, "ret": 0, "bytes": 8192}
{"mock_phase": "before_read", "rank": 7, "copies": 64, "bytes": 7341056}
{"mock_phase": "read_complete", "rank": 7, "ret": 0, "bytes": 7341056}
{"mock_phase": "before_read", "rank": 7, "copies": 64, "bytes": 8388608}
{"mock_phase": "read_complete", "rank": 7, "ret": 0, "bytes": 8388608}
{"mock_phase": "before_read", "rank": 7, "copies": 64, "bytes": 2883584}
{"mock_phase": "read_complete", "rank": 7, "ret": 0, "bytes": 2883584}
{"mock_phase": "before_read", "rank": 7, "copies": 64, "bytes": 1048576}
{"mock_phase": "read_complete", "rank": 7, "ret": 0, "bytes": 1048576}
{"mock_phase": "before_read", "rank": 7, "copies": 64, "bytes": 403456}
{"mock_phase": "read_complete", "rank": 7, "ret": 0, "bytes": 403456}
{"mock_phase": "before_read", "rank": 7, "copies": 64, "bytes": 16384}
{"mock_phase": "read_complete", "rank": 7, "ret": 0, "bytes": 16384}
{"mock_phase": "before_read", "rank": 7, "copies": 64, "bytes": 4202496}
{"mock_phase": "read_complete", "rank": 7, "ret": 0, "bytes": 4202496}
{"mock_phase": "before_read", "rank": 7, "copies": 11, "bytes": 1441792}
{"mock_phase": "read_complete", "rank": 7, "ret": 0, "bytes": 1441792}
{"ok": true, "request_id": "cmpl-84af0881413fdd33-0-a266d17a", "ranks": [{"rank": 0, "bytes": 55858176, "read_s": 0.01371570024639368, "hash_s": 0.07537114899605513, "nonzero_groups": [0, 1, 2, 3, 4, 5, 6]}, {"rank": 1, "bytes": 55858176, "read_s": 0.013231787830591202, "hash_s": 0.07531771995127201, "nonzero_groups": [0, 1, 2, 3, 4, 5, 6]}, {"rank": 2, "bytes": 55858176, "read_s": 0.013287510257214308, "hash_s": 0.07412953954190016, "nonzero_groups": [0, 1, 2, 3, 4, 5, 6]}, {"rank": 3, "bytes": 55858176, "read_s": 0.013382889796048403, "hash_s": 0.07422186993062496, "nonzero_groups": [0, 1, 2, 3, 4, 5, 6]}, {"rank": 4, "bytes": 55858176, "read_s": 0.013013998046517372, "hash_s": 0.07371823908761144, "nonzero_groups": [0, 1, 2, 3, 4, 5, 6]}, {"rank": 5, "bytes": 55858176, "read_s": 0.013217369560152292, "hash_s": 0.07415650878101587, "nonzero_groups": [0, 1, 2, 3, 4, 5, 6]}, {"rank": 6, "bytes": 55858176, "read_s": 0.013086411636322737, "hash_s": 0.07372146937996149, "nonzero_groups": [0, 1, 2, 3, 4, 5, 6]}, {"rank": 7, "bytes": 55858176, "read_s": 0.01317340973764658, "hash_s": 0.07364415982738137, "nonzero_groups": [0, 1, 2, 3, 4, 5, 6]}], "bytes": 446865408, "consume_s": 0.7587398602627218, "ack_s": 0.002430249936878681, "total_s": 0.7611703802831471, "hold_ms": 0}
127.0.0.1 - - [09/Oct/2026 07:59:23] "POST /consume HTTP/1.1" 200 -
