[CED-LOCK] held Phy-ID=[4]
can not use command: npu-smi info
{"mock_ready": true, "device": 0, "host_buffer_bytes": 67108864, "transport_initialized": false}
127.0.0.1 - - [09/Oct/2026 07:22:09] "GET /health HTTP/1.1" 200 -
WARNING: Logging before InitGoogleLogging() is written to STDERR
W1009 07:22:21.708472     1 transfer_engine_py.cpp:96] Using default malloc/free for protocol: ascend
I1009 07:22:21.711355     1 transfer_engine_impl.cpp:811] Metrics reporting is disabled (set MC_TE_METRIC=1 to enable)
I1009 07:22:21.711371     1 transfer_engine_impl.cpp:115] Transfer Engine parseHostNameWithPort. server_name: 192.168.45.21 port: 12001
I1009 07:22:21.711607     1 transfer_engine_impl.cpp:182] Transfer Engine RPC using P2P handshake, listening on 192.168.45.21:15864
I1009 07:22:21.711838     1 ascend_direct_transport.cpp:83] install AscendDirectTransport for: 192.168.45.21:15864
I1009 07:22:21.711879     1 utils.cpp:82] Find available between 20400 and 20500
I1009 07:22:22.083711     1 transfer_executor_base.cpp:227] Success to initialize adxl engine:192.168.45.21:20477, pid:1
E1009 07:22:22.084348     1 ascend_direct_transport.cpp:342] mem addr:0x5cf5a010000 can not be recognized, try set to host mem.
I1009 07:22:22.084440     1 transfer_executor_base.cpp:452] TransferExecutor register mem addr:0x5cf5a010000, length:67108864, mem type:host, engine index:0
{"mock_transport_ready": true, "engine_host": "192.168.45.21", "rpc_port": 15864}
{"mock_phase": "planned", "request_id": "cmpl-a5393690662add68-0-a8c2704e", "rank": 0, "pages": 139, "bytes": 8590336}
{"mock_phase": "before_read", "rank": 0, "copies": 64, "bytes": 1771520}
I1009 07:22:22.919404   127 transfer_executor_base.cpp:269] Connected to segment: 192.168.45.21:20663
{"mock_phase": "read_complete", "rank": 0, "ret": 0, "bytes": 1771520}
{"mock_phase": "before_read", "rank": 0, "copies": 64, "bytes": 5377024}
{"mock_phase": "read_complete", "rank": 0, "ret": 0, "bytes": 5377024}
{"mock_phase": "before_read", "rank": 0, "copies": 11, "bytes": 1441792}
{"mock_phase": "read_complete", "rank": 0, "ret": 0, "bytes": 1441792}
{"mock_phase": "planned", "request_id": "cmpl-a5393690662add68-0-a8c2704e", "rank": 1, "pages": 139, "bytes": 8590336}
{"mock_phase": "before_read", "rank": 1, "copies": 64, "bytes": 1771520}
I1009 07:22:23.058089   130 transfer_executor_base.cpp:269] Connected to segment: 192.168.45.21:20709
{"mock_phase": "read_complete", "rank": 1, "ret": 0, "bytes": 1771520}
{"mock_phase": "before_read", "rank": 1, "copies": 64, "bytes": 5377024}
{"mock_phase": "read_complete", "rank": 1, "ret": 0, "bytes": 5377024}
{"mock_phase": "before_read", "rank": 1, "copies": 11, "bytes": 1441792}
{"mock_phase": "read_complete", "rank": 1, "ret": 0, "bytes": 1441792}
{"mock_phase": "planned", "request_id": "cmpl-a5393690662add68-0-a8c2704e", "rank": 2, "pages": 139, "bytes": 8590336}
{"mock_phase": "before_read", "rank": 2, "copies": 64, "bytes": 1771520}
I1009 07:22:23.191923   133 transfer_executor_base.cpp:269] Connected to segment: 192.168.45.21:20812
{"mock_phase": "read_complete", "rank": 2, "ret": 0, "bytes": 1771520}
{"mock_phase": "before_read", "rank": 2, "copies": 64, "bytes": 5377024}
{"mock_phase": "read_complete", "rank": 2, "ret": 0, "bytes": 5377024}
{"mock_phase": "before_read", "rank": 2, "copies": 11, "bytes": 1441792}
{"mock_phase": "read_complete", "rank": 2, "ret": 0, "bytes": 1441792}
{"mock_phase": "planned", "request_id": "cmpl-a5393690662add68-0-a8c2704e", "rank": 3, "pages": 139, "bytes": 8590336}
{"mock_phase": "before_read", "rank": 3, "copies": 64, "bytes": 1771520}
I1009 07:22:23.324419   128 transfer_executor_base.cpp:269] Connected to segment: 192.168.45.21:20907
{"mock_phase": "read_complete", "rank": 3, "ret": 0, "bytes": 1771520}
{"mock_phase": "before_read", "rank": 3, "copies": 64, "bytes": 5377024}
{"mock_phase": "read_complete", "rank": 3, "ret": 0, "bytes": 5377024}
{"mock_phase": "before_read", "rank": 3, "copies": 11, "bytes": 1441792}
{"mock_phase": "read_complete", "rank": 3, "ret": 0, "bytes": 1441792}
{"mock_phase": "planned", "request_id": "cmpl-a5393690662add68-0-a8c2704e", "rank": 4, "pages": 139, "bytes": 8590336}
{"mock_phase": "before_read", "rank": 4, "copies": 64, "bytes": 1771520}
I1009 07:22:23.512717   131 transfer_executor_base.cpp:269] Connected to segment: 192.168.45.21:21039
{"mock_phase": "read_complete", "rank": 4, "ret": 0, "bytes": 1771520}
{"mock_phase": "before_read", "rank": 4, "copies": 64, "bytes": 5377024}
{"mock_phase": "read_complete", "rank": 4, "ret": 0, "bytes": 5377024}
{"mock_phase": "before_read", "rank": 4, "copies": 11, "bytes": 1441792}
{"mock_phase": "read_complete", "rank": 4, "ret": 0, "bytes": 1441792}
{"mock_phase": "planned", "request_id": "cmpl-a5393690662add68-0-a8c2704e", "rank": 5, "pages": 139, "bytes": 8590336}
{"mock_phase": "before_read", "rank": 5, "copies": 64, "bytes": 1771520}
I1009 07:22:23.648468   134 transfer_executor_base.cpp:269] Connected to segment: 192.168.45.21:21101
{"mock_phase": "read_complete", "rank": 5, "ret": 0, "bytes": 1771520}
{"mock_phase": "before_read", "rank": 5, "copies": 64, "bytes": 5377024}
{"mock_phase": "read_complete", "rank": 5, "ret": 0, "bytes": 5377024}
{"mock_phase": "before_read", "rank": 5, "copies": 11, "bytes": 1441792}
{"mock_phase": "read_complete", "rank": 5, "ret": 0, "bytes": 1441792}
{"mock_phase": "planned", "request_id": "cmpl-a5393690662add68-0-a8c2704e", "rank": 6, "pages": 139, "bytes": 8590336}
{"mock_phase": "before_read", "rank": 6, "copies": 64, "bytes": 1771520}
I1009 07:22:23.781183   129 transfer_executor_base.cpp:269] Connected to segment: 192.168.45.21:21200
{"mock_phase": "read_complete", "rank": 6, "ret": 0, "bytes": 1771520}
{"mock_phase": "before_read", "rank": 6, "copies": 64, "bytes": 5377024}
{"mock_phase": "read_complete", "rank": 6, "ret": 0, "bytes": 5377024}
{"mock_phase": "before_read", "rank": 6, "copies": 11, "bytes": 1441792}
{"mock_phase": "read_complete", "rank": 6, "ret": 0, "bytes": 1441792}
{"mock_phase": "planned", "request_id": "cmpl-a5393690662add68-0-a8c2704e", "rank": 7, "pages": 139, "bytes": 8590336}
{"mock_phase": "before_read", "rank": 7, "copies": 64, "bytes": 1771520}
I1009 07:22:23.919389   132 transfer_executor_base.cpp:269] Connected to segment: 192.168.45.21:21350
{"mock_phase": "read_complete", "rank": 7, "ret": 0, "bytes": 1771520}
{"mock_phase": "before_read", "rank": 7, "copies": 64, "bytes": 5377024}
{"mock_phase": "read_complete", "rank": 7, "ret": 0, "bytes": 5377024}
{"mock_phase": "before_read", "rank": 7, "copies": 11, "bytes": 1441792}
{"mock_phase": "read_complete", "rank": 7, "ret": 0, "bytes": 1441792}
{"ok": true, "request_id": "cmpl-a5393690662add68-0-a8c2704e", "ranks": [{"rank": 0, "bytes": 8590336, "read_s": 0.8366152504459023, "hash_s": 0.011073620524257421, "nonzero_groups": [0, 1, 2, 3, 4, 5, 6]}, {"rank": 1, "bytes": 8590336, "read_s": 0.12279199017211795, "hash_s": 0.01066006999462843, "nonzero_groups": [0, 1, 2, 3, 4, 5, 6]}, {"rank": 2, "bytes": 8590336, "read_s": 0.12102705985307693, "hash_s": 0.010670650284737349, "nonzero_groups": [0, 1, 2, 3, 4, 5, 6]}, {"rank": 3, "bytes": 8590336, "read_s": 0.12006018031388521, "hash_s": 0.010800940450280905, "nonzero_groups": [0, 1, 2, 3, 4, 5, 6]}, {"rank": 4, "bytes": 8590336, "read_s": 0.17363964021205902, "hash_s": 0.010851229541003704, "nonzero_groups": [0, 1, 2, 3, 4, 5, 6]}, {"rank": 5, "bytes": 8590336, "read_s": 0.12330157030373812, "hash_s": 0.01067254040390253, "nonzero_groups": [0, 1, 2, 3, 4, 5, 6]}, {"rank": 6, "bytes": 8590336, "read_s": 0.12033024011179805, "hash_s": 0.010743830353021622, "nonzero_groups": [0, 1, 2, 3, 4, 5, 6]}, {"rank": 7, "bytes": 8590336, "read_s": 0.1260149097070098, "hash_s": 0.010617670137435198, "nonzero_groups": [0, 1, 2, 3, 4, 5, 6]}], "bytes": 68722688, "consume_s": 1.8458385202102363, "ack_s": 0.0027370797470211983, "total_s": 1.8485760102048516, "hold_ms": 0}
127.0.0.1 - - [09/Oct/2026 07:22:23] "POST /consume HTTP/1.1" 200 -
{"mock_phase": "planned", "request_id": "cmpl-8f6151b998018469-0-90338f32", "rank": 0, "pages": 1579, "bytes": 52903936}
{"mock_phase": "before_read", "rank": 0, "copies": 64, "bytes": 4194304}
{"mock_phase": "read_complete", "rank": 0, "ret": 0, "bytes": 4194304}
{"mock_phase": "before_read", "rank": 0, "copies": 64, "bytes": 4194304}
{"mock_phase": "read_complete", "rank": 0, "ret": 0, "bytes": 4194304}
{"mock_phase": "before_read", "rank": 0, "copies": 64, "bytes": 524288}
{"mock_phase": "read_complete", "rank": 0, "ret": 0, "bytes": 524288}
{"mock_phase": "before_read", "rank": 0, "copies": 64, "bytes": 524288}
{"mock_phase": "read_complete", "rank": 0, "ret": 0, "bytes": 524288}
{"mock_phase": "before_read", "rank": 0, "copies": 64, "bytes": 8192}
{"mock_phase": "read_complete", "rank": 0, "ret": 0, "bytes": 8192}
{"mock_phase": "before_read", "rank": 0, "copies": 64, "bytes": 8192}
{"mock_phase": "read_complete", "rank": 0, "ret": 0, "bytes": 8192}
{"mock_phase": "before_read", "rank": 0, "copies": 64, "bytes": 4194304}
{"mock_phase": "read_complete", "rank": 0, "ret": 0, "bytes": 4194304}
{"mock_phase": "before_read", "rank": 0, "copies": 64, "bytes": 4194304}
{"mock_phase": "read_complete", "rank": 0, "ret": 0, "bytes": 4194304}
{"mock_phase": "before_read", "rank": 0, "copies": 64, "bytes": 524288}
{"mock_phase": "read_complete", "rank": 0, "ret": 0, "bytes": 524288}
{"mock_phase": "before_read", "rank": 0, "copies": 64, "bytes": 524288}
{"mock_phase": "read_complete", "rank": 0, "ret": 0, "bytes": 524288}
{"mock_phase": "before_read", "rank": 0, "copies": 64, "bytes": 8192}
{"mock_phase": "read_complete", "rank": 0, "ret": 0, "bytes": 8192}
{"mock_phase": "before_read", "rank": 0, "copies": 64, "bytes": 8192}
{"mock_phase": "read_complete", "rank": 0, "ret": 0, "bytes": 8192}
{"mock_phase": "before_read", "rank": 0, "copies": 64, "bytes": 4194304}
{"mock_phase": "read_complete", "rank": 0, "ret": 0, "bytes": 4194304}
{"mock_phase": "before_read", "rank": 0, "copies": 64, "bytes": 4194304}
{"mock_phase": "read_complete", "rank": 0, "ret": 0, "bytes": 4194304}
{"mock_phase": "before_read", "rank": 0, "copies": 64, "bytes": 524288}
{"mock_phase": "read_complete", "rank": 0, "ret": 0, "bytes": 524288}
{"mock_phase": "before_read", "rank": 0, "copies": 64, "bytes": 524288}
{"mock_phase": "read_complete", "rank": 0, "ret": 0, "bytes": 524288}
{"mock_phase": "before_read", "rank": 0, "copies": 64, "bytes": 8192}
{"mock_phase": "read_complete", "rank": 0, "ret": 0, "bytes": 8192}
{"mock_phase": "before_read", "rank": 0, "copies": 64, "bytes": 8192}
{"mock_phase": "read_complete", "rank": 0, "ret": 0, "bytes": 8192}
{"mock_phase": "before_read", "rank": 0, "copies": 64, "bytes": 8388608}
{"mock_phase": "read_complete", "rank": 0, "ret": 0, "bytes": 8388608}
{"mock_phase": "before_read", "rank": 0, "copies": 64, "bytes": 8388608}
{"mock_phase": "read_complete", "rank": 0, "ret": 0, "bytes": 8388608}
{"mock_phase": "before_read", "rank": 0, "copies": 64, "bytes": 1048576}
{"mock_phase": "read_complete", "rank": 0, "ret": 0, "bytes": 1048576}
{"mock_phase": "before_read", "rank": 0, "copies": 64, "bytes": 1048576}
{"mock_phase": "read_complete", "rank": 0, "ret": 0, "bytes": 1048576}
{"mock_phase": "before_read", "rank": 0, "copies": 64, "bytes": 16384}
{"mock_phase": "read_complete", "rank": 0, "ret": 0, "bytes": 16384}
{"mock_phase": "before_read", "rank": 0, "copies": 64, "bytes": 16384}
{"mock_phase": "read_complete", "rank": 0, "ret": 0, "bytes": 16384}
{"mock_phase": "before_read", "rank": 0, "copies": 43, "bytes": 5636096}
{"mock_phase": "read_complete", "rank": 0, "ret": 0, "bytes": 5636096}
{"mock_phase": "planned", "request_id": "cmpl-8f6151b998018469-0-90338f32", "rank": 1, "pages": 1579, "bytes": 52903936}
{"mock_phase": "before_read", "rank": 1, "copies": 64, "bytes": 4194304}
{"mock_phase": "read_complete", "rank": 1, "ret": 0, "bytes": 4194304}
{"mock_phase": "before_read", "rank": 1, "copies": 64, "bytes": 4194304}
{"mock_phase": "read_complete", "rank": 1, "ret": 0, "bytes": 4194304}
{"mock_phase": "before_read", "rank": 1, "copies": 64, "bytes": 524288}
{"mock_phase": "read_complete", "rank": 1, "ret": 0, "bytes": 524288}
{"mock_phase": "before_read", "rank": 1, "copies": 64, "bytes": 524288}
{"mock_phase": "read_complete", "rank": 1, "ret": 0, "bytes": 524288}
{"mock_phase": "before_read", "rank": 1, "copies": 64, "bytes": 8192}
{"mock_phase": "read_complete", "rank": 1, "ret": 0, "bytes": 8192}
{"mock_phase": "before_read", "rank": 1, "copies": 64, "bytes": 8192}
{"mock_phase": "read_complete", "rank": 1, "ret": 0, "bytes": 8192}
{"mock_phase": "before_read", "rank": 1, "copies": 64, "bytes": 4194304}
{"mock_phase": "read_complete", "rank": 1, "ret": 0, "bytes": 4194304}
{"mock_phase": "before_read", "rank": 1, "copies": 64, "bytes": 4194304}
{"mock_phase": "read_complete", "rank": 1, "ret": 0, "bytes": 4194304}
{"mock_phase": "before_read", "rank": 1, "copies": 64, "bytes": 524288}
{"mock_phase": "read_complete", "rank": 1, "ret": 0, "bytes": 524288}
{"mock_phase": "before_read", "rank": 1, "copies": 64, "bytes": 524288}
{"mock_phase": "read_complete", "rank": 1, "ret": 0, "bytes": 524288}
{"mock_phase": "before_read", "rank": 1, "copies": 64, "bytes": 8192}
{"mock_phase": "read_complete", "rank": 1, "ret": 0, "bytes": 8192}
{"mock_phase": "before_read", "rank": 1, "copies": 64, "bytes": 8192}
{"mock_phase": "read_complete", "rank": 1, "ret": 0, "bytes": 8192}
{"mock_phase": "before_read", "rank": 1, "copies": 64, "bytes": 4194304}
{"mock_phase": "read_complete", "rank": 1, "ret": 0, "bytes": 4194304}
{"mock_phase": "before_read", "rank": 1, "copies": 64, "bytes": 4194304}
{"mock_phase": "read_complete", "rank": 1, "ret": 0, "bytes": 4194304}
{"mock_phase": "before_read", "rank": 1, "copies": 64, "bytes": 524288}
{"mock_phase": "read_complete", "rank": 1, "ret": 0, "bytes": 524288}
{"mock_phase": "before_read", "rank": 1, "copies": 64, "bytes": 524288}
{"mock_phase": "read_complete", "rank": 1, "ret": 0, "bytes": 524288}
{"mock_phase": "before_read", "rank": 1, "copies": 64, "bytes": 8192}
{"mock_phase": "read_complete", "rank": 1, "ret": 0, "bytes": 8192}
{"mock_phase": "before_read", "rank": 1, "copies": 64, "bytes": 8192}
{"mock_phase": "read_complete", "rank": 1, "ret": 0, "bytes": 8192}
{"mock_phase": "before_read", "rank": 1, "copies": 64, "bytes": 8388608}
{"mock_phase": "read_complete", "rank": 1, "ret": 0, "bytes": 8388608}
{"mock_phase": "before_read", "rank": 1, "copies": 64, "bytes": 8388608}
{"mock_phase": "read_complete", "rank": 1, "ret": 0, "bytes": 8388608}
{"mock_phase": "before_read", "rank": 1, "copies": 64, "bytes": 1048576}
{"mock_phase": "read_complete", "rank": 1, "ret": 0, "bytes": 1048576}
{"mock_phase": "before_read", "rank": 1, "copies": 64, "bytes": 1048576}
{"mock_phase": "read_complete", "rank": 1, "ret": 0, "bytes": 1048576}
{"mock_phase": "before_read", "rank": 1, "copies": 64, "bytes": 16384}
{"mock_phase": "read_complete", "rank": 1, "ret": 0, "bytes": 16384}
{"mock_phase": "before_read", "rank": 1, "copies": 64, "bytes": 16384}
{"mock_phase": "read_complete", "rank": 1, "ret": 0, "bytes": 16384}
{"mock_phase": "before_read", "rank": 1, "copies": 43, "bytes": 5636096}
{"mock_phase": "read_complete", "rank": 1, "ret": 0, "bytes": 5636096}
{"mock_phase": "planned", "request_id": "cmpl-8f6151b998018469-0-90338f32", "rank": 2, "pages": 1579, "bytes": 52903936}
{"mock_phase": "before_read", "rank": 2, "copies": 64, "bytes": 4194304}
{"mock_phase": "read_complete", "rank": 2, "ret": 0, "bytes": 4194304}
{"mock_phase": "before_read", "rank": 2, "copies": 64, "bytes": 4194304}
{"mock_phase": "read_complete", "rank": 2, "ret": 0, "bytes": 4194304}
{"mock_phase": "before_read", "rank": 2, "copies": 64, "bytes": 524288}
{"mock_phase": "read_complete", "rank": 2, "ret": 0, "bytes": 524288}
{"mock_phase": "before_read", "rank": 2, "copies": 64, "bytes": 524288}
{"mock_phase": "read_complete", "rank": 2, "ret": 0, "bytes": 524288}
{"mock_phase": "before_read", "rank": 2, "copies": 64, "bytes": 8192}
{"mock_phase": "read_complete", "rank": 2, "ret": 0, "bytes": 8192}
{"mock_phase": "before_read", "rank": 2, "copies": 64, "bytes": 8192}
{"mock_phase": "read_complete", "rank": 2, "ret": 0, "bytes": 8192}
{"mock_phase": "before_read", "rank": 2, "copies": 64, "bytes": 4194304}
{"mock_phase": "read_complete", "rank": 2, "ret": 0, "bytes": 4194304}
{"mock_phase": "before_read", "rank": 2, "copies": 64, "bytes": 4194304}
{"mock_phase": "read_complete", "rank": 2, "ret": 0, "bytes": 4194304}
{"mock_phase": "before_read", "rank": 2, "copies": 64, "bytes": 524288}
{"mock_phase": "read_complete", "rank": 2, "ret": 0, "bytes": 524288}
{"mock_phase": "before_read", "rank": 2, "copies": 64, "bytes": 524288}
{"mock_phase": "read_complete", "rank": 2, "ret": 0, "bytes": 524288}
{"mock_phase": "before_read", "rank": 2, "copies": 64, "bytes": 8192}
{"mock_phase": "read_complete", "rank": 2, "ret": 0, "bytes": 8192}
{"mock_phase": "before_read", "rank": 2, "copies": 64, "bytes": 8192}
{"mock_phase": "read_complete", "rank": 2, "ret": 0, "bytes": 8192}
{"mock_phase": "before_read", "rank": 2, "copies": 64, "bytes": 4194304}
{"mock_phase": "read_complete", "rank": 2, "ret": 0, "bytes": 4194304}
{"mock_phase": "before_read", "rank": 2, "copies": 64, "bytes": 4194304}
{"mock_phase": "read_complete", "rank": 2, "ret": 0, "bytes": 4194304}
{"mock_phase": "before_read", "rank": 2, "copies": 64, "bytes": 524288}
{"mock_phase": "read_complete", "rank": 2, "ret": 0, "bytes": 524288}
{"mock_phase": "before_read", "rank": 2, "copies": 64, "bytes": 524288}
{"mock_phase": "read_complete", "rank": 2, "ret": 0, "bytes": 524288}
{"mock_phase": "before_read", "rank": 2, "copies": 64, "bytes": 8192}
{"mock_phase": "read_complete", "rank": 2, "ret": 0, "bytes": 8192}
{"mock_phase": "before_read", "rank": 2, "copies": 64, "bytes": 8192}
{"mock_phase": "read_complete", "rank": 2, "ret": 0, "bytes": 8192}
{"mock_phase": "before_read", "rank": 2, "copies": 64, "bytes": 8388608}
{"mock_phase": "read_complete", "rank": 2, "ret": 0, "bytes": 8388608}
{"mock_phase": "before_read", "rank": 2, "copies": 64, "bytes": 8388608}
{"mock_phase": "read_complete", "rank": 2, "ret": 0, "bytes": 8388608}
{"mock_phase": "before_read", "rank": 2, "copies": 64, "bytes": 1048576}
{"mock_phase": "read_complete", "rank": 2, "ret": 0, "bytes": 1048576}
{"mock_phase": "before_read", "rank": 2, "copies": 64, "bytes": 1048576}
{"mock_phase": "read_complete", "rank": 2, "ret": 0, "bytes": 1048576}
{"mock_phase": "before_read", "rank": 2, "copies": 64, "bytes": 16384}
{"mock_phase": "read_complete", "rank": 2, "ret": 0, "bytes": 16384}
{"mock_phase": "before_read", "rank": 2, "copies": 64, "bytes": 16384}
{"mock_phase": "read_complete", "rank": 2, "ret": 0, "bytes": 16384}
{"mock_phase": "before_read", "rank": 2, "copies": 43, "bytes": 5636096}
{"mock_phase": "read_complete", "rank": 2, "ret": 0, "bytes": 5636096}
{"mock_phase": "planned", "request_id": "cmpl-8f6151b998018469-0-90338f32", "rank": 3, "pages": 1579, "bytes": 52903936}
{"mock_phase": "before_read", "rank": 3, "copies": 64, "bytes": 4194304}
{"mock_phase": "read_complete", "rank": 3, "ret": 0, "bytes": 4194304}
{"mock_phase": "before_read", "rank": 3, "copies": 64, "bytes": 4194304}
{"mock_phase": "read_complete", "rank": 3, "ret": 0, "bytes": 4194304}
{"mock_phase": "before_read", "rank": 3, "copies": 64, "bytes": 524288}
{"mock_phase": "read_complete", "rank": 3, "ret": 0, "bytes": 524288}
{"mock_phase": "before_read", "rank": 3, "copies": 64, "bytes": 524288}
{"mock_phase": "read_complete", "rank": 3, "ret": 0, "bytes": 524288}
{"mock_phase": "before_read", "rank": 3, "copies": 64, "bytes": 8192}
{"mock_phase": "read_complete", "rank": 3, "ret": 0, "bytes": 8192}
{"mock_phase": "before_read", "rank": 3, "copies": 64, "bytes": 8192}
{"mock_phase": "read_complete", "rank": 3, "ret": 0, "bytes": 8192}
{"mock_phase": "before_read", "rank": 3, "copies": 64, "bytes": 4194304}
{"mock_phase": "read_complete", "rank": 3, "ret": 0, "bytes": 4194304}
{"mock_phase": "before_read", "rank": 3, "copies": 64, "bytes": 4194304}
{"mock_phase": "read_complete", "rank": 3, "ret": 0, "bytes": 4194304}
{"mock_phase": "before_read", "rank": 3, "copies": 64, "bytes": 524288}
{"mock_phase": "read_complete", "rank": 3, "ret": 0, "bytes": 524288}
{"mock_phase": "before_read", "rank": 3, "copies": 64, "bytes": 524288}
{"mock_phase": "read_complete", "rank": 3, "ret": 0, "bytes": 524288}
{"mock_phase": "before_read", "rank": 3, "copies": 64, "bytes": 8192}
{"mock_phase": "read_complete", "rank": 3, "ret": 0, "bytes": 8192}
{"mock_phase": "before_read", "rank": 3, "copies": 64, "bytes": 8192}
{"mock_phase": "read_complete", "rank": 3, "ret": 0, "bytes": 8192}
{"mock_phase": "before_read", "rank": 3, "copies": 64, "bytes": 4194304}
{"mock_phase": "read_complete", "rank": 3, "ret": 0, "bytes": 4194304}
{"mock_phase": "before_read", "rank": 3, "copies": 64, "bytes": 4194304}
{"mock_phase": "read_complete", "rank": 3, "ret": 0, "bytes": 4194304}
{"mock_phase": "before_read", "rank": 3, "copies": 64, "bytes": 524288}
{"mock_phase": "read_complete", "rank": 3, "ret": 0, "bytes": 524288}
{"mock_phase": "before_read", "rank": 3, "copies": 64, "bytes": 524288}
{"mock_phase": "read_complete", "rank": 3, "ret": 0, "bytes": 524288}
{"mock_phase": "before_read", "rank": 3, "copies": 64, "bytes": 8192}
{"mock_phase": "read_complete", "rank": 3, "ret": 0, "bytes": 8192}
{"mock_phase": "before_read", "rank": 3, "copies": 64, "bytes": 8192}
{"mock_phase": "read_complete", "rank": 3, "ret": 0, "bytes": 8192}
{"mock_phase": "before_read", "rank": 3, "copies": 64, "bytes": 8388608}
{"mock_phase": "read_complete", "rank": 3, "ret": 0, "bytes": 8388608}
{"mock_phase": "before_read", "rank": 3, "copies": 64, "bytes": 8388608}
{"mock_phase": "read_complete", "rank": 3, "ret": 0, "bytes": 8388608}
{"mock_phase": "before_read", "rank": 3, "copies": 64, "bytes": 1048576}
{"mock_phase": "read_complete", "rank": 3, "ret": 0, "bytes": 1048576}
{"mock_phase": "before_read", "rank": 3, "copies": 64, "bytes": 1048576}
{"mock_phase": "read_complete", "rank": 3, "ret": 0, "bytes": 1048576}
{"mock_phase": "before_read", "rank": 3, "copies": 64, "bytes": 16384}
{"mock_phase": "read_complete", "rank": 3, "ret": 0, "bytes": 16384}
{"mock_phase": "before_read", "rank": 3, "copies": 64, "bytes": 16384}
{"mock_phase": "read_complete", "rank": 3, "ret": 0, "bytes": 16384}
{"mock_phase": "before_read", "rank": 3, "copies": 43, "bytes": 5636096}
{"mock_phase": "read_complete", "rank": 3, "ret": 0, "bytes": 5636096}
{"mock_phase": "planned", "request_id": "cmpl-8f6151b998018469-0-90338f32", "rank": 4, "pages": 1579, "bytes": 52903936}
{"mock_phase": "before_read", "rank": 4, "copies": 64, "bytes": 4194304}
{"mock_phase": "read_complete", "rank": 4, "ret": 0, "bytes": 4194304}
{"mock_phase": "before_read", "rank": 4, "copies": 64, "bytes": 4194304}
{"mock_phase": "read_complete", "rank": 4, "ret": 0, "bytes": 4194304}
{"mock_phase": "before_read", "rank": 4, "copies": 64, "bytes": 524288}
{"mock_phase": "read_complete", "rank": 4, "ret": 0, "bytes": 524288}
{"mock_phase": "before_read", "rank": 4, "copies": 64, "bytes": 524288}
{"mock_phase": "read_complete", "rank": 4, "ret": 0, "bytes": 524288}
{"mock_phase": "before_read", "rank": 4, "copies": 64, "bytes": 8192}
{"mock_phase": "read_complete", "rank": 4, "ret": 0, "bytes": 8192}
{"mock_phase": "before_read", "rank": 4, "copies": 64, "bytes": 8192}
{"mock_phase": "read_complete", "rank": 4, "ret": 0, "bytes": 8192}
{"mock_phase": "before_read", "rank": 4, "copies": 64, "bytes": 4194304}
{"mock_phase": "read_complete", "rank": 4, "ret": 0, "bytes": 4194304}
{"mock_phase": "before_read", "rank": 4, "copies": 64, "bytes": 4194304}
{"mock_phase": "read_complete", "rank": 4, "ret": 0, "bytes": 4194304}
{"mock_phase": "before_read", "rank": 4, "copies": 64, "bytes": 524288}
{"mock_phase": "read_complete", "rank": 4, "ret": 0, "bytes": 524288}
{"mock_phase": "before_read", "rank": 4, "copies": 64, "bytes": 524288}
{"mock_phase": "read_complete", "rank": 4, "ret": 0, "bytes": 524288}
{"mock_phase": "before_read", "rank": 4, "copies": 64, "bytes": 8192}
{"mock_phase": "read_complete", "rank": 4, "ret": 0, "bytes": 8192}
{"mock_phase": "before_read", "rank": 4, "copies": 64, "bytes": 8192}
{"mock_phase": "read_complete", "rank": 4, "ret": 0, "bytes": 8192}
{"mock_phase": "before_read", "rank": 4, "copies": 64, "bytes": 4194304}
{"mock_phase": "read_complete", "rank": 4, "ret": 0, "bytes": 4194304}
{"mock_phase": "before_read", "rank": 4, "copies": 64, "bytes": 4194304}
{"mock_phase": "read_complete", "rank": 4, "ret": 0, "bytes": 4194304}
{"mock_phase": "before_read", "rank": 4, "copies": 64, "bytes": 524288}
{"mock_phase": "read_complete", "rank": 4, "ret": 0, "bytes": 524288}
{"mock_phase": "before_read", "rank": 4, "copies": 64, "bytes": 524288}
{"mock_phase": "read_complete", "rank": 4, "ret": 0, "bytes": 524288}
{"mock_phase": "before_read", "rank": 4, "copies": 64, "bytes": 8192}
{"mock_phase": "read_complete", "rank": 4, "ret": 0, "bytes": 8192}
{"mock_phase": "before_read", "rank": 4, "copies": 64, "bytes": 8192}
{"mock_phase": "read_complete", "rank": 4, "ret": 0, "bytes": 8192}
{"mock_phase": "before_read", "rank": 4, "copies": 64, "bytes": 8388608}
{"mock_phase": "read_complete", "rank": 4, "ret": 0, "bytes": 8388608}
{"mock_phase": "before_read", "rank": 4, "copies": 64, "bytes": 8388608}
{"mock_phase": "read_complete", "rank": 4, "ret": 0, "bytes": 8388608}
{"mock_phase": "before_read", "rank": 4, "copies": 64, "bytes": 1048576}
{"mock_phase": "read_complete", "rank": 4, "ret": 0, "bytes": 1048576}
{"mock_phase": "before_read", "rank": 4, "copies": 64, "bytes": 1048576}
{"mock_phase": "read_complete", "rank": 4, "ret": 0, "bytes": 1048576}
{"mock_phase": "before_read", "rank": 4, "copies": 64, "bytes": 16384}
{"mock_phase": "read_complete", "rank": 4, "ret": 0, "bytes": 16384}
{"mock_phase": "before_read", "rank": 4, "copies": 64, "bytes": 16384}
{"mock_phase": "read_complete", "rank": 4, "ret": 0, "bytes": 16384}
{"mock_phase": "before_read", "rank": 4, "copies": 43, "bytes": 5636096}
{"mock_phase": "read_complete", "rank": 4, "ret": 0, "bytes": 5636096}
{"mock_phase": "planned", "request_id": "cmpl-8f6151b998018469-0-90338f32", "rank": 5, "pages": 1579, "bytes": 52903936}
{"mock_phase": "before_read", "rank": 5, "copies": 64, "bytes": 4194304}
{"mock_phase": "read_complete", "rank": 5, "ret": 0, "bytes": 4194304}
{"mock_phase": "before_read", "rank": 5, "copies": 64, "bytes": 4194304}
{"mock_phase": "read_complete", "rank": 5, "ret": 0, "bytes": 4194304}
{"mock_phase": "before_read", "rank": 5, "copies": 64, "bytes": 524288}
{"mock_phase": "read_complete", "rank": 5, "ret": 0, "bytes": 524288}
{"mock_phase": "before_read", "rank": 5, "copies": 64, "bytes": 524288}
{"mock_phase": "read_complete", "rank": 5, "ret": 0, "bytes": 524288}
{"mock_phase": "before_read", "rank": 5, "copies": 64, "bytes": 8192}
{"mock_phase": "read_complete", "rank": 5, "ret": 0, "bytes": 8192}
{"mock_phase": "before_read", "rank": 5, "copies": 64, "bytes": 8192}
{"mock_phase": "read_complete", "rank": 5, "ret": 0, "bytes": 8192}
{"mock_phase": "before_read", "rank": 5, "copies": 64, "bytes": 4194304}
{"mock_phase": "read_complete", "rank": 5, "ret": 0, "bytes": 4194304}
{"mock_phase": "before_read", "rank": 5, "copies": 64, "bytes": 4194304}
{"mock_phase": "read_complete", "rank": 5, "ret": 0, "bytes": 4194304}
{"mock_phase": "before_read", "rank": 5, "copies": 64, "bytes": 524288}
{"mock_phase": "read_complete", "rank": 5, "ret": 0, "bytes": 524288}
{"mock_phase": "before_read", "rank": 5, "copies": 64, "bytes": 524288}
{"mock_phase": "read_complete", "rank": 5, "ret": 0, "bytes": 524288}
{"mock_phase": "before_read", "rank": 5, "copies": 64, "bytes": 8192}
{"mock_phase": "read_complete", "rank": 5, "ret": 0, "bytes": 8192}
{"mock_phase": "before_read", "rank": 5, "copies": 64, "bytes": 8192}
{"mock_phase": "read_complete", "rank": 5, "ret": 0, "bytes": 8192}
{"mock_phase": "before_read", "rank": 5, "copies": 64, "bytes": 4194304}
{"mock_phase": "read_complete", "rank": 5, "ret": 0, "bytes": 4194304}
{"mock_phase": "before_read", "rank": 5, "copies": 64, "bytes": 4194304}
{"mock_phase": "read_complete", "rank": 5, "ret": 0, "bytes": 4194304}
{"mock_phase": "before_read", "rank": 5, "copies": 64, "bytes": 524288}
{"mock_phase": "read_complete", "rank": 5, "ret": 0, "bytes": 524288}
{"mock_phase": "before_read", "rank": 5, "copies": 64, "bytes": 524288}
{"mock_phase": "read_complete", "rank": 5, "ret": 0, "bytes": 524288}
{"mock_phase": "before_read", "rank": 5, "copies": 64, "bytes": 8192}
{"mock_phase": "read_complete", "rank": 5, "ret": 0, "bytes": 8192}
{"mock_phase": "before_read", "rank": 5, "copies": 64, "bytes": 8192}
{"mock_phase": "read_complete", "rank": 5, "ret": 0, "bytes": 8192}
{"mock_phase": "before_read", "rank": 5, "copies": 64, "bytes": 8388608}
{"mock_phase": "read_complete", "rank": 5, "ret": 0, "bytes": 8388608}
{"mock_phase": "before_read", "rank": 5, "copies": 64, "bytes": 8388608}
{"mock_phase": "read_complete", "rank": 5, "ret": 0, "bytes": 8388608}
{"mock_phase": "before_read", "rank": 5, "copies": 64, "bytes": 1048576}
{"mock_phase": "read_complete", "rank": 5, "ret": 0, "bytes": 1048576}
{"mock_phase": "before_read", "rank": 5, "copies": 64, "bytes": 1048576}
{"mock_phase": "read_complete", "rank": 5, "ret": 0, "bytes": 1048576}
{"mock_phase": "before_read", "rank": 5, "copies": 64, "bytes": 16384}
{"mock_phase": "read_complete", "rank": 5, "ret": 0, "bytes": 16384}
{"mock_phase": "before_read", "rank": 5, "copies": 64, "bytes": 16384}
{"mock_phase": "read_complete", "rank": 5, "ret": 0, "bytes": 16384}
{"mock_phase": "before_read", "rank": 5, "copies": 43, "bytes": 5636096}
{"mock_phase": "read_complete", "rank": 5, "ret": 0, "bytes": 5636096}
{"mock_phase": "planned", "request_id": "cmpl-8f6151b998018469-0-90338f32", "rank": 6, "pages": 1579, "bytes": 52903936}
{"mock_phase": "before_read", "rank": 6, "copies": 64, "bytes": 4194304}
{"mock_phase": "read_complete", "rank": 6, "ret": 0, "bytes": 4194304}
{"mock_phase": "before_read", "rank": 6, "copies": 64, "bytes": 4194304}
{"mock_phase": "read_complete", "rank": 6, "ret": 0, "bytes": 4194304}
{"mock_phase": "before_read", "rank": 6, "copies": 64, "bytes": 524288}
{"mock_phase": "read_complete", "rank": 6, "ret": 0, "bytes": 524288}
{"mock_phase": "before_read", "rank": 6, "copies": 64, "bytes": 524288}
{"mock_phase": "read_complete", "rank": 6, "ret": 0, "bytes": 524288}
{"mock_phase": "before_read", "rank": 6, "copies": 64, "bytes": 8192}
{"mock_phase": "read_complete", "rank": 6, "ret": 0, "bytes": 8192}
{"mock_phase": "before_read", "rank": 6, "copies": 64, "bytes": 8192}
{"mock_phase": "read_complete", "rank": 6, "ret": 0, "bytes": 8192}
{"mock_phase": "before_read", "rank": 6, "copies": 64, "bytes": 4194304}
{"mock_phase": "read_complete", "rank": 6, "ret": 0, "bytes": 4194304}
{"mock_phase": "before_read", "rank": 6, "copies": 64, "bytes": 4194304}
{"mock_phase": "read_complete", "rank": 6, "ret": 0, "bytes": 4194304}
{"mock_phase": "before_read", "rank": 6, "copies": 64, "bytes": 524288}
{"mock_phase": "read_complete", "rank": 6, "ret": 0, "bytes": 524288}
{"mock_phase": "before_read", "rank": 6, "copies": 64, "bytes": 524288}
{"mock_phase": "read_complete", "rank": 6, "ret": 0, "bytes": 524288}
{"mock_phase": "before_read", "rank": 6, "copies": 64, "bytes": 8192}
{"mock_phase": "read_complete", "rank": 6, "ret": 0, "bytes": 8192}
{"mock_phase": "before_read", "rank": 6, "copies": 64, "bytes": 8192}
{"mock_phase": "read_complete", "rank": 6, "ret": 0, "bytes": 8192}
{"mock_phase": "before_read", "rank": 6, "copies": 64, "bytes": 4194304}
{"mock_phase": "read_complete", "rank": 6, "ret": 0, "bytes": 4194304}
{"mock_phase": "before_read", "rank": 6, "copies": 64, "bytes": 4194304}
{"mock_phase": "read_complete", "rank": 6, "ret": 0, "bytes": 4194304}
{"mock_phase": "before_read", "rank": 6, "copies": 64, "bytes": 524288}
{"mock_phase": "read_complete", "rank": 6, "ret": 0, "bytes": 524288}
{"mock_phase": "before_read", "rank": 6, "copies": 64, "bytes": 524288}
{"mock_phase": "read_complete", "rank": 6, "ret": 0, "bytes": 524288}
{"mock_phase": "before_read", "rank": 6, "copies": 64, "bytes": 8192}
{"mock_phase": "read_complete", "rank": 6, "ret": 0, "bytes": 8192}
{"mock_phase": "before_read", "rank": 6, "copies": 64, "bytes": 8192}
{"mock_phase": "read_complete", "rank": 6, "ret": 0, "bytes": 8192}
{"mock_phase": "before_read", "rank": 6, "copies": 64, "bytes": 8388608}
{"mock_phase": "read_complete", "rank": 6, "ret": 0, "bytes": 8388608}
{"mock_phase": "before_read", "rank": 6, "copies": 64, "bytes": 8388608}
{"mock_phase": "read_complete", "rank": 6, "ret": 0, "bytes": 8388608}
{"mock_phase": "before_read", "rank": 6, "copies": 64, "bytes": 1048576}
{"mock_phase": "read_complete", "rank": 6, "ret": 0, "bytes": 1048576}
{"mock_phase": "before_read", "rank": 6, "copies": 64, "bytes": 1048576}
{"mock_phase": "read_complete", "rank": 6, "ret": 0, "bytes": 1048576}
{"mock_phase": "before_read", "rank": 6, "copies": 64, "bytes": 16384}
{"mock_phase": "read_complete", "rank": 6, "ret": 0, "bytes": 16384}
{"mock_phase": "before_read", "rank": 6, "copies": 64, "bytes": 16384}
{"mock_phase": "read_complete", "rank": 6, "ret": 0, "bytes": 16384}
{"mock_phase": "before_read", "rank": 6, "copies": 43, "bytes": 5636096}
{"mock_phase": "read_complete", "rank": 6, "ret": 0, "bytes": 5636096}
{"mock_phase": "planned", "request_id": "cmpl-8f6151b998018469-0-90338f32", "rank": 7, "pages": 1579, "bytes": 52903936}
{"mock_phase": "before_read", "rank": 7, "copies": 64, "bytes": 4194304}
{"mock_phase": "read_complete", "rank": 7, "ret": 0, "bytes": 4194304}
{"mock_phase": "before_read", "rank": 7, "copies": 64, "bytes": 4194304}
{"mock_phase": "read_complete", "rank": 7, "ret": 0, "bytes": 4194304}
{"mock_phase": "before_read", "rank": 7, "copies": 64, "bytes": 524288}
{"mock_phase": "read_complete", "rank": 7, "ret": 0, "bytes": 524288}
{"mock_phase": "before_read", "rank": 7, "copies": 64, "bytes": 524288}
{"mock_phase": "read_complete", "rank": 7, "ret": 0, "bytes": 524288}
{"mock_phase": "before_read", "rank": 7, "copies": 64, "bytes": 8192}
{"mock_phase": "read_complete", "rank": 7, "ret": 0, "bytes": 8192}
{"mock_phase": "before_read", "rank": 7, "copies": 64, "bytes": 8192}
{"mock_phase": "read_complete", "rank": 7, "ret": 0, "bytes": 8192}
{"mock_phase": "before_read", "rank": 7, "copies": 64, "bytes": 4194304}
{"mock_phase": "read_complete", "rank": 7, "ret": 0, "bytes": 4194304}
{"mock_phase": "before_read", "rank": 7, "copies": 64, "bytes": 4194304}
{"mock_phase": "read_complete", "rank": 7, "ret": 0, "bytes": 4194304}
{"mock_phase": "before_read", "rank": 7, "copies": 64, "bytes": 524288}
{"mock_phase": "read_complete", "rank": 7, "ret": 0, "bytes": 524288}
{"mock_phase": "before_read", "rank": 7, "copies": 64, "bytes": 524288}
{"mock_phase": "read_complete", "rank": 7, "ret": 0, "bytes": 524288}
{"mock_phase": "before_read", "rank": 7, "copies": 64, "bytes": 8192}
{"mock_phase": "read_complete", "rank": 7, "ret": 0, "bytes": 8192}
{"mock_phase": "before_read", "rank": 7, "copies": 64, "bytes": 8192}
{"mock_phase": "read_complete", "rank": 7, "ret": 0, "bytes": 8192}
{"mock_phase": "before_read", "rank": 7, "copies": 64, "bytes": 4194304}
{"mock_phase": "read_complete", "rank": 7, "ret": 0, "bytes": 4194304}
{"mock_phase": "before_read", "rank": 7, "copies": 64, "bytes": 4194304}
{"mock_phase": "read_complete", "rank": 7, "ret": 0, "bytes": 4194304}
{"mock_phase": "before_read", "rank": 7, "copies": 64, "bytes": 524288}
{"mock_phase": "read_complete", "rank": 7, "ret": 0, "bytes": 524288}
{"mock_phase": "before_read", "rank": 7, "copies": 64, "bytes": 524288}
{"mock_phase": "read_complete", "rank": 7, "ret": 0, "bytes": 524288}
{"mock_phase": "before_read", "rank": 7, "copies": 64, "bytes": 8192}
{"mock_phase": "read_complete", "rank": 7, "ret": 0, "bytes": 8192}
{"mock_phase": "before_read", "rank": 7, "copies": 64, "bytes": 8192}
{"mock_phase": "read_complete", "rank": 7, "ret": 0, "bytes": 8192}
{"mock_phase": "before_read", "rank": 7, "copies": 64, "bytes": 8388608}
{"mock_phase": "read_complete", "rank": 7, "ret": 0, "bytes": 8388608}
{"mock_phase": "before_read", "rank": 7, "copies": 64, "bytes": 8388608}
{"mock_phase": "read_complete", "rank": 7, "ret": 0, "bytes": 8388608}
{"mock_phase": "before_read", "rank": 7, "copies": 64, "bytes": 1048576}
{"mock_phase": "read_complete", "rank": 7, "ret": 0, "bytes": 1048576}
{"mock_phase": "before_read", "rank": 7, "copies": 64, "bytes": 1048576}
{"mock_phase": "read_complete", "rank": 7, "ret": 0, "bytes": 1048576}
{"mock_phase": "before_read", "rank": 7, "copies": 64, "bytes": 16384}
{"mock_phase": "read_complete", "rank": 7, "ret": 0, "bytes": 16384}
{"mock_phase": "before_read", "rank": 7, "copies": 64, "bytes": 16384}
{"mock_phase": "read_complete", "rank": 7, "ret": 0, "bytes": 16384}
{"mock_phase": "before_read", "rank": 7, "copies": 43, "bytes": 5636096}
{"mock_phase": "read_complete", "rank": 7, "ret": 0, "bytes": 5636096}
{"ok": true, "request_id": "cmpl-8f6151b998018469-0-90338f32", "ranks": [{"rank": 0, "bytes": 52903936, "read_s": 0.014200110919773579, "hash_s": 0.07088428130373359, "nonzero_groups": [0, 1, 2, 3, 4, 5, 6]}, {"rank": 1, "bytes": 52903936, "read_s": 0.012355399783700705, "hash_s": 0.07041806913912296, "nonzero_groups": [0, 1, 2, 3, 4, 5, 6]}, {"rank": 2, "bytes": 52903936, "read_s": 0.012484069913625717, "hash_s": 0.07006624946370721, "nonzero_groups": [0, 1, 2, 3, 4, 5, 6]}, {"rank": 3, "bytes": 52903936, "read_s": 0.01245729997754097, "hash_s": 0.070444046985358, "nonzero_groups": [0, 1, 2, 3, 4, 5, 6]}, {"rank": 4, "bytes": 52903936, "read_s": 0.012574511114507914, "hash_s": 0.07028297195211053, "nonzero_groups": [0, 1, 2, 3, 4, 5, 6]}, {"rank": 5, "bytes": 52903936, "read_s": 0.012264908757060766, "hash_s": 0.07048291014507413, "nonzero_groups": [0, 1, 2, 3, 4, 5, 6]}, {"rank": 6, "bytes": 52903936, "read_s": 0.013726800680160522, "hash_s": 0.07592823915183544, "nonzero_groups": [0, 1, 2, 3, 4, 5, 6]}, {"rank": 7, "bytes": 52903936, "read_s": 0.012591259554028511, "hash_s": 0.07457978930324316, "nonzero_groups": [0, 1, 2, 3, 4, 5, 6]}], "bytes": 423231488, "consume_s": 0.7321810098364949, "ack_s": 0.002696049865335226, "total_s": 0.7348773698322475, "hold_ms": 0}
127.0.0.1 - - [09/Oct/2026 07:22:26] "POST /consume HTTP/1.1" 200 -
{"mock_phase": "planned", "request_id": "cmpl-a0edb53ef959de0f-0-a336e4a5", "rank": 0, "pages": 1579, "bytes": 52903936}
{"mock_phase": "before_read", "rank": 0, "copies": 64, "bytes": 4194304}
{"mock_phase": "read_complete", "rank": 0, "ret": 0, "bytes": 4194304}
{"mock_phase": "before_read", "rank": 0, "copies": 64, "bytes": 4194304}
{"mock_phase": "read_complete", "rank": 0, "ret": 0, "bytes": 4194304}
{"mock_phase": "before_read", "rank": 0, "copies": 64, "bytes": 524288}
{"mock_phase": "read_complete", "rank": 0, "ret": 0, "bytes": 524288}
{"mock_phase": "before_read", "rank": 0, "copies": 64, "bytes": 524288}
{"mock_phase": "read_complete", "rank": 0, "ret": 0, "bytes": 524288}
{"mock_phase": "before_read", "rank": 0, "copies": 64, "bytes": 8192}
{"mock_phase": "read_complete", "rank": 0, "ret": 0, "bytes": 8192}
{"mock_phase": "before_read", "rank": 0, "copies": 64, "bytes": 8192}
{"mock_phase": "read_complete", "rank": 0, "ret": 0, "bytes": 8192}
{"mock_phase": "before_read", "rank": 0, "copies": 64, "bytes": 4194304}
{"mock_phase": "read_complete", "rank": 0, "ret": 0, "bytes": 4194304}
{"mock_phase": "before_read", "rank": 0, "copies": 64, "bytes": 4194304}
{"mock_phase": "read_complete", "rank": 0, "ret": 0, "bytes": 4194304}
{"mock_phase": "before_read", "rank": 0, "copies": 64, "bytes": 524288}
{"mock_phase": "read_complete", "rank": 0, "ret": 0, "bytes": 524288}
{"mock_phase": "before_read", "rank": 0, "copies": 64, "bytes": 524288}
{"mock_phase": "read_complete", "rank": 0, "ret": 0, "bytes": 524288}
{"mock_phase": "before_read", "rank": 0, "copies": 64, "bytes": 8192}
{"mock_phase": "read_complete", "rank": 0, "ret": 0, "bytes": 8192}
{"mock_phase": "before_read", "rank": 0, "copies": 64, "bytes": 8192}
{"mock_phase": "read_complete", "rank": 0, "ret": 0, "bytes": 8192}
{"mock_phase": "before_read", "rank": 0, "copies": 64, "bytes": 4194304}
{"mock_phase": "read_complete", "rank": 0, "ret": 0, "bytes": 4194304}
{"mock_phase": "before_read", "rank": 0, "copies": 64, "bytes": 4194304}
{"mock_phase": "read_complete", "rank": 0, "ret": 0, "bytes": 4194304}
{"mock_phase": "before_read", "rank": 0, "copies": 64, "bytes": 524288}
{"mock_phase": "read_complete", "rank": 0, "ret": 0, "bytes": 524288}
{"mock_phase": "before_read", "rank": 0, "copies": 64, "bytes": 524288}
{"mock_phase": "read_complete", "rank": 0, "ret": 0, "bytes": 524288}
{"mock_phase": "before_read", "rank": 0, "copies": 64, "bytes": 8192}
{"mock_phase": "read_complete", "rank": 0, "ret": 0, "bytes": 8192}
{"mock_phase": "before_read", "rank": 0, "copies": 64, "bytes": 8192}
{"mock_phase": "read_complete", "rank": 0, "ret": 0, "bytes": 8192}
{"mock_phase": "before_read", "rank": 0, "copies": 64, "bytes": 8388608}
{"mock_phase": "read_complete", "rank": 0, "ret": 0, "bytes": 8388608}
{"mock_phase": "before_read", "rank": 0, "copies": 64, "bytes": 8388608}
{"mock_phase": "read_complete", "rank": 0, "ret": 0, "bytes": 8388608}
{"mock_phase": "before_read", "rank": 0, "copies": 64, "bytes": 1048576}
{"mock_phase": "read_complete", "rank": 0, "ret": 0, "bytes": 1048576}
{"mock_phase": "before_read", "rank": 0, "copies": 64, "bytes": 1048576}
{"mock_phase": "read_complete", "rank": 0, "ret": 0, "bytes": 1048576}
{"mock_phase": "before_read", "rank": 0, "copies": 64, "bytes": 16384}
{"mock_phase": "read_complete", "rank": 0, "ret": 0, "bytes": 16384}
{"mock_phase": "before_read", "rank": 0, "copies": 64, "bytes": 16384}
{"mock_phase": "read_complete", "rank": 0, "ret": 0, "bytes": 16384}
{"mock_phase": "before_read", "rank": 0, "copies": 43, "bytes": 5636096}
{"mock_phase": "read_complete", "rank": 0, "ret": 0, "bytes": 5636096}
{"mock_phase": "planned", "request_id": "cmpl-a0edb53ef959de0f-0-a336e4a5", "rank": 1, "pages": 1579, "bytes": 52903936}
{"mock_phase": "before_read", "rank": 1, "copies": 64, "bytes": 4194304}
{"mock_phase": "read_complete", "rank": 1, "ret": 0, "bytes": 4194304}
{"mock_phase": "before_read", "rank": 1, "copies": 64, "bytes": 4194304}
{"mock_phase": "read_complete", "rank": 1, "ret": 0, "bytes": 4194304}
{"mock_phase": "before_read", "rank": 1, "copies": 64, "bytes": 524288}
{"mock_phase": "read_complete", "rank": 1, "ret": 0, "bytes": 524288}
{"mock_phase": "before_read", "rank": 1, "copies": 64, "bytes": 524288}
{"mock_phase": "read_complete", "rank": 1, "ret": 0, "bytes": 524288}
{"mock_phase": "before_read", "rank": 1, "copies": 64, "bytes": 8192}
{"mock_phase": "read_complete", "rank": 1, "ret": 0, "bytes": 8192}
{"mock_phase": "before_read", "rank": 1, "copies": 64, "bytes": 8192}
{"mock_phase": "read_complete", "rank": 1, "ret": 0, "bytes": 8192}
{"mock_phase": "before_read", "rank": 1, "copies": 64, "bytes": 4194304}
{"mock_phase": "read_complete", "rank": 1, "ret": 0, "bytes": 4194304}
{"mock_phase": "before_read", "rank": 1, "copies": 64, "bytes": 4194304}
{"mock_phase": "read_complete", "rank": 1, "ret": 0, "bytes": 4194304}
{"mock_phase": "before_read", "rank": 1, "copies": 64, "bytes": 524288}
{"mock_phase": "read_complete", "rank": 1, "ret": 0, "bytes": 524288}
{"mock_phase": "before_read", "rank": 1, "copies": 64, "bytes": 524288}
{"mock_phase": "read_complete", "rank": 1, "ret": 0, "bytes": 524288}
{"mock_phase": "before_read", "rank": 1, "copies": 64, "bytes": 8192}
{"mock_phase": "read_complete", "rank": 1, "ret": 0, "bytes": 8192}
{"mock_phase": "before_read", "rank": 1, "copies": 64, "bytes": 8192}
{"mock_phase": "read_complete", "rank": 1, "ret": 0, "bytes": 8192}
{"mock_phase": "before_read", "rank": 1, "copies": 64, "bytes": 4194304}
{"mock_phase": "read_complete", "rank": 1, "ret": 0, "bytes": 4194304}
{"mock_phase": "before_read", "rank": 1, "copies": 64, "bytes": 4194304}
{"mock_phase": "read_complete", "rank": 1, "ret": 0, "bytes": 4194304}
{"mock_phase": "before_read", "rank": 1, "copies": 64, "bytes": 524288}
{"mock_phase": "read_complete", "rank": 1, "ret": 0, "bytes": 524288}
{"mock_phase": "before_read", "rank": 1, "copies": 64, "bytes": 524288}
{"mock_phase": "read_complete", "rank": 1, "ret": 0, "bytes": 524288}
{"mock_phase": "before_read", "rank": 1, "copies": 64, "bytes": 8192}
{"mock_phase": "read_complete", "rank": 1, "ret": 0, "bytes": 8192}
{"mock_phase": "before_read", "rank": 1, "copies": 64, "bytes": 8192}
{"mock_phase": "read_complete", "rank": 1, "ret": 0, "bytes": 8192}
{"mock_phase": "before_read", "rank": 1, "copies": 64, "bytes": 8388608}
{"mock_phase": "read_complete", "rank": 1, "ret": 0, "bytes": 8388608}
{"mock_phase": "before_read", "rank": 1, "copies": 64, "bytes": 8388608}
{"mock_phase": "read_complete", "rank": 1, "ret": 0, "bytes": 8388608}
{"mock_phase": "before_read", "rank": 1, "copies": 64, "bytes": 1048576}
{"mock_phase": "read_complete", "rank": 1, "ret": 0, "bytes": 1048576}
{"mock_phase": "before_read", "rank": 1, "copies": 64, "bytes": 1048576}
{"mock_phase": "read_complete", "rank": 1, "ret": 0, "bytes": 1048576}
{"mock_phase": "before_read", "rank": 1, "copies": 64, "bytes": 16384}
{"mock_phase": "read_complete", "rank": 1, "ret": 0, "bytes": 16384}
{"mock_phase": "before_read", "rank": 1, "copies": 64, "bytes": 16384}
{"mock_phase": "read_complete", "rank": 1, "ret": 0, "bytes": 16384}
{"mock_phase": "before_read", "rank": 1, "copies": 43, "bytes": 5636096}
{"mock_phase": "read_complete", "rank": 1, "ret": 0, "bytes": 5636096}
{"mock_phase": "planned", "request_id": "cmpl-a0edb53ef959de0f-0-a336e4a5", "rank": 2, "pages": 1579, "bytes": 52903936}
{"mock_phase": "before_read", "rank": 2, "copies": 64, "bytes": 4194304}
{"mock_phase": "read_complete", "rank": 2, "ret": 0, "bytes": 4194304}
{"mock_phase": "before_read", "rank": 2, "copies": 64, "bytes": 4194304}
{"mock_phase": "read_complete", "rank": 2, "ret": 0, "bytes": 4194304}
{"mock_phase": "before_read", "rank": 2, "copies": 64, "bytes": 524288}
{"mock_phase": "read_complete", "rank": 2, "ret": 0, "bytes": 524288}
{"mock_phase": "before_read", "rank": 2, "copies": 64, "bytes": 524288}
{"mock_phase": "read_complete", "rank": 2, "ret": 0, "bytes": 524288}
{"mock_phase": "before_read", "rank": 2, "copies": 64, "bytes": 8192}
{"mock_phase": "read_complete", "rank": 2, "ret": 0, "bytes": 8192}
{"mock_phase": "before_read", "rank": 2, "copies": 64, "bytes": 8192}
{"mock_phase": "read_complete", "rank": 2, "ret": 0, "bytes": 8192}
{"mock_phase": "before_read", "rank": 2, "copies": 64, "bytes": 4194304}
{"mock_phase": "read_complete", "rank": 2, "ret": 0, "bytes": 4194304}
{"mock_phase": "before_read", "rank": 2, "copies": 64, "bytes": 4194304}
{"mock_phase": "read_complete", "rank": 2, "ret": 0, "bytes": 4194304}
{"mock_phase": "before_read", "rank": 2, "copies": 64, "bytes": 524288}
{"mock_phase": "read_complete", "rank": 2, "ret": 0, "bytes": 524288}
{"mock_phase": "before_read", "rank": 2, "copies": 64, "bytes": 524288}
{"mock_phase": "read_complete", "rank": 2, "ret": 0, "bytes": 524288}
{"mock_phase": "before_read", "rank": 2, "copies": 64, "bytes": 8192}
{"mock_phase": "read_complete", "rank": 2, "ret": 0, "bytes": 8192}
{"mock_phase": "before_read", "rank": 2, "copies": 64, "bytes": 8192}
{"mock_phase": "read_complete", "rank": 2, "ret": 0, "bytes": 8192}
{"mock_phase": "before_read", "rank": 2, "copies": 64, "bytes": 4194304}
{"mock_phase": "read_complete", "rank": 2, "ret": 0, "bytes": 4194304}
{"mock_phase": "before_read", "rank": 2, "copies": 64, "bytes": 4194304}
{"mock_phase": "read_complete", "rank": 2, "ret": 0, "bytes": 4194304}
{"mock_phase": "before_read", "rank": 2, "copies": 64, "bytes": 524288}
{"mock_phase": "read_complete", "rank": 2, "ret": 0, "bytes": 524288}
{"mock_phase": "before_read", "rank": 2, "copies": 64, "bytes": 524288}
{"mock_phase": "read_complete", "rank": 2, "ret": 0, "bytes": 524288}
{"mock_phase": "before_read", "rank": 2, "copies": 64, "bytes": 8192}
{"mock_phase": "read_complete", "rank": 2, "ret": 0, "bytes": 8192}
{"mock_phase": "before_read", "rank": 2, "copies": 64, "bytes": 8192}
{"mock_phase": "read_complete", "rank": 2, "ret": 0, "bytes": 8192}
{"mock_phase": "before_read", "rank": 2, "copies": 64, "bytes": 8388608}
{"mock_phase": "read_complete", "rank": 2, "ret": 0, "bytes": 8388608}
{"mock_phase": "before_read", "rank": 2, "copies": 64, "bytes": 8388608}
{"mock_phase": "read_complete", "rank": 2, "ret": 0, "bytes": 8388608}
{"mock_phase": "before_read", "rank": 2, "copies": 64, "bytes": 1048576}
{"mock_phase": "read_complete", "rank": 2, "ret": 0, "bytes": 1048576}
{"mock_phase": "before_read", "rank": 2, "copies": 64, "bytes": 1048576}
{"mock_phase": "read_complete", "rank": 2, "ret": 0, "bytes": 1048576}
{"mock_phase": "before_read", "rank": 2, "copies": 64, "bytes": 16384}
{"mock_phase": "read_complete", "rank": 2, "ret": 0, "bytes": 16384}
{"mock_phase": "before_read", "rank": 2, "copies": 64, "bytes": 16384}
{"mock_phase": "read_complete", "rank": 2, "ret": 0, "bytes": 16384}
{"mock_phase": "before_read", "rank": 2, "copies": 43, "bytes": 5636096}
{"mock_phase": "read_complete", "rank": 2, "ret": 0, "bytes": 5636096}
{"mock_phase": "planned", "request_id": "cmpl-a0edb53ef959de0f-0-a336e4a5", "rank": 3, "pages": 1579, "bytes": 52903936}
{"mock_phase": "before_read", "rank": 3, "copies": 64, "bytes": 4194304}
{"mock_phase": "read_complete", "rank": 3, "ret": 0, "bytes": 4194304}
{"mock_phase": "before_read", "rank": 3, "copies": 64, "bytes": 4194304}
{"mock_phase": "read_complete", "rank": 3, "ret": 0, "bytes": 4194304}
{"mock_phase": "before_read", "rank": 3, "copies": 64, "bytes": 524288}
{"mock_phase": "read_complete", "rank": 3, "ret": 0, "bytes": 524288}
{"mock_phase": "before_read", "rank": 3, "copies": 64, "bytes": 524288}
{"mock_phase": "read_complete", "rank": 3, "ret": 0, "bytes": 524288}
{"mock_phase": "before_read", "rank": 3, "copies": 64, "bytes": 8192}
{"mock_phase": "read_complete", "rank": 3, "ret": 0, "bytes": 8192}
{"mock_phase": "before_read", "rank": 3, "copies": 64, "bytes": 8192}
{"mock_phase": "read_complete", "rank": 3, "ret": 0, "bytes": 8192}
{"mock_phase": "before_read", "rank": 3, "copies": 64, "bytes": 4194304}
{"mock_phase": "read_complete", "rank": 3, "ret": 0, "bytes": 4194304}
{"mock_phase": "before_read", "rank": 3, "copies": 64, "bytes": 4194304}
{"mock_phase": "read_complete", "rank": 3, "ret": 0, "bytes": 4194304}
{"mock_phase": "before_read", "rank": 3, "copies": 64, "bytes": 524288}
{"mock_phase": "read_complete", "rank": 3, "ret": 0, "bytes": 524288}
{"mock_phase": "before_read", "rank": 3, "copies": 64, "bytes": 524288}
{"mock_phase": "read_complete", "rank": 3, "ret": 0, "bytes": 524288}
{"mock_phase": "before_read", "rank": 3, "copies": 64, "bytes": 8192}
{"mock_phase": "read_complete", "rank": 3, "ret": 0, "bytes": 8192}
{"mock_phase": "before_read", "rank": 3, "copies": 64, "bytes": 8192}
{"mock_phase": "read_complete", "rank": 3, "ret": 0, "bytes": 8192}
{"mock_phase": "before_read", "rank": 3, "copies": 64, "bytes": 4194304}
{"mock_phase": "read_complete", "rank": 3, "ret": 0, "bytes": 4194304}
{"mock_phase": "before_read", "rank": 3, "copies": 64, "bytes": 4194304}
{"mock_phase": "read_complete", "rank": 3, "ret": 0, "bytes": 4194304}
{"mock_phase": "before_read", "rank": 3, "copies": 64, "bytes": 524288}
{"mock_phase": "read_complete", "rank": 3, "ret": 0, "bytes": 524288}
{"mock_phase": "before_read", "rank": 3, "copies": 64, "bytes": 524288}
{"mock_phase": "read_complete", "rank": 3, "ret": 0, "bytes": 524288}
{"mock_phase": "before_read", "rank": 3, "copies": 64, "bytes": 8192}
{"mock_phase": "read_complete", "rank": 3, "ret": 0, "bytes": 8192}
{"mock_phase": "before_read", "rank": 3, "copies": 64, "bytes": 8192}
{"mock_phase": "read_complete", "rank": 3, "ret": 0, "bytes": 8192}
{"mock_phase": "before_read", "rank": 3, "copies": 64, "bytes": 8388608}
{"mock_phase": "read_complete", "rank": 3, "ret": 0, "bytes": 8388608}
{"mock_phase": "before_read", "rank": 3, "copies": 64, "bytes": 8388608}
{"mock_phase": "read_complete", "rank": 3, "ret": 0, "bytes": 8388608}
{"mock_phase": "before_read", "rank": 3, "copies": 64, "bytes": 1048576}
{"mock_phase": "read_complete", "rank": 3, "ret": 0, "bytes": 1048576}
{"mock_phase": "before_read", "rank": 3, "copies": 64, "bytes": 1048576}
{"mock_phase": "read_complete", "rank": 3, "ret": 0, "bytes": 1048576}
{"mock_phase": "before_read", "rank": 3, "copies": 64, "bytes": 16384}
{"mock_phase": "read_complete", "rank": 3, "ret": 0, "bytes": 16384}
{"mock_phase": "before_read", "rank": 3, "copies": 64, "bytes": 16384}
{"mock_phase": "read_complete", "rank": 3, "ret": 0, "bytes": 16384}
{"mock_phase": "before_read", "rank": 3, "copies": 43, "bytes": 5636096}
{"mock_phase": "read_complete", "rank": 3, "ret": 0, "bytes": 5636096}
{"mock_phase": "planned", "request_id": "cmpl-a0edb53ef959de0f-0-a336e4a5", "rank": 4, "pages": 1579, "bytes": 52903936}
{"mock_phase": "before_read", "rank": 4, "copies": 64, "bytes": 4194304}
{"mock_phase": "read_complete", "rank": 4, "ret": 0, "bytes": 4194304}
{"mock_phase": "before_read", "rank": 4, "copies": 64, "bytes": 4194304}
{"mock_phase": "read_complete", "rank": 4, "ret": 0, "bytes": 4194304}
{"mock_phase": "before_read", "rank": 4, "copies": 64, "bytes": 524288}
{"mock_phase": "read_complete", "rank": 4, "ret": 0, "bytes": 524288}
{"mock_phase": "before_read", "rank": 4, "copies": 64, "bytes": 524288}
{"mock_phase": "read_complete", "rank": 4, "ret": 0, "bytes": 524288}
{"mock_phase": "before_read", "rank": 4, "copies": 64, "bytes": 8192}
{"mock_phase": "read_complete", "rank": 4, "ret": 0, "bytes": 8192}
{"mock_phase": "before_read", "rank": 4, "copies": 64, "bytes": 8192}
{"mock_phase": "read_complete", "rank": 4, "ret": 0, "bytes": 8192}
{"mock_phase": "before_read", "rank": 4, "copies": 64, "bytes": 4194304}
{"mock_phase": "read_complete", "rank": 4, "ret": 0, "bytes": 4194304}
{"mock_phase": "before_read", "rank": 4, "copies": 64, "bytes": 4194304}
{"mock_phase": "read_complete", "rank": 4, "ret": 0, "bytes": 4194304}
{"mock_phase": "before_read", "rank": 4, "copies": 64, "bytes": 524288}
{"mock_phase": "read_complete", "rank": 4, "ret": 0, "bytes": 524288}
{"mock_phase": "before_read", "rank": 4, "copies": 64, "bytes": 524288}
{"mock_phase": "read_complete", "rank": 4, "ret": 0, "bytes": 524288}
{"mock_phase": "before_read", "rank": 4, "copies": 64, "bytes": 8192}
{"mock_phase": "read_complete", "rank": 4, "ret": 0, "bytes": 8192}
{"mock_phase": "before_read", "rank": 4, "copies": 64, "bytes": 8192}
{"mock_phase": "read_complete", "rank": 4, "ret": 0, "bytes": 8192}
{"mock_phase": "before_read", "rank": 4, "copies": 64, "bytes": 4194304}
{"mock_phase": "read_complete", "rank": 4, "ret": 0, "bytes": 4194304}
{"mock_phase": "before_read", "rank": 4, "copies": 64, "bytes": 4194304}
{"mock_phase": "read_complete", "rank": 4, "ret": 0, "bytes": 4194304}
{"mock_phase": "before_read", "rank": 4, "copies": 64, "bytes": 524288}
{"mock_phase": "read_complete", "rank": 4, "ret": 0, "bytes": 524288}
{"mock_phase": "before_read", "rank": 4, "copies": 64, "bytes": 524288}
{"mock_phase": "read_complete", "rank": 4, "ret": 0, "bytes": 524288}
{"mock_phase": "before_read", "rank": 4, "copies": 64, "bytes": 8192}
{"mock_phase": "read_complete", "rank": 4, "ret": 0, "bytes": 8192}
{"mock_phase": "before_read", "rank": 4, "copies": 64, "bytes": 8192}
{"mock_phase": "read_complete", "rank": 4, "ret": 0, "bytes": 8192}
{"mock_phase": "before_read", "rank": 4, "copies": 64, "bytes": 8388608}
{"mock_phase": "read_complete", "rank": 4, "ret": 0, "bytes": 8388608}
{"mock_phase": "before_read", "rank": 4, "copies": 64, "bytes": 8388608}
{"mock_phase": "read_complete", "rank": 4, "ret": 0, "bytes": 8388608}
{"mock_phase": "before_read", "rank": 4, "copies": 64, "bytes": 1048576}
{"mock_phase": "read_complete", "rank": 4, "ret": 0, "bytes": 1048576}
{"mock_phase": "before_read", "rank": 4, "copies": 64, "bytes": 1048576}
{"mock_phase": "read_complete", "rank": 4, "ret": 0, "bytes": 1048576}
{"mock_phase": "before_read", "rank": 4, "copies": 64, "bytes": 16384}
{"mock_phase": "read_complete", "rank": 4, "ret": 0, "bytes": 16384}
{"mock_phase": "before_read", "rank": 4, "copies": 64, "bytes": 16384}
{"mock_phase": "read_complete", "rank": 4, "ret": 0, "bytes": 16384}
{"mock_phase": "before_read", "rank": 4, "copies": 43, "bytes": 5636096}
{"mock_phase": "read_complete", "rank": 4, "ret": 0, "bytes": 5636096}
{"mock_phase": "planned", "request_id": "cmpl-a0edb53ef959de0f-0-a336e4a5", "rank": 5, "pages": 1579, "bytes": 52903936}
{"mock_phase": "before_read", "rank": 5, "copies": 64, "bytes": 4194304}
{"mock_phase": "read_complete", "rank": 5, "ret": 0, "bytes": 4194304}
{"mock_phase": "before_read", "rank": 5, "copies": 64, "bytes": 4194304}
{"mock_phase": "read_complete", "rank": 5, "ret": 0, "bytes": 4194304}
{"mock_phase": "before_read", "rank": 5, "copies": 64, "bytes": 524288}
{"mock_phase": "read_complete", "rank": 5, "ret": 0, "bytes": 524288}
{"mock_phase": "before_read", "rank": 5, "copies": 64, "bytes": 524288}
{"mock_phase": "read_complete", "rank": 5, "ret": 0, "bytes": 524288}
{"mock_phase": "before_read", "rank": 5, "copies": 64, "bytes": 8192}
{"mock_phase": "read_complete", "rank": 5, "ret": 0, "bytes": 8192}
{"mock_phase": "before_read", "rank": 5, "copies": 64, "bytes": 8192}
{"mock_phase": "read_complete", "rank": 5, "ret": 0, "bytes": 8192}
{"mock_phase": "before_read", "rank": 5, "copies": 64, "bytes": 4194304}
{"mock_phase": "read_complete", "rank": 5, "ret": 0, "bytes": 4194304}
{"mock_phase": "before_read", "rank": 5, "copies": 64, "bytes": 4194304}
{"mock_phase": "read_complete", "rank": 5, "ret": 0, "bytes": 4194304}
{"mock_phase": "before_read", "rank": 5, "copies": 64, "bytes": 524288}
{"mock_phase": "read_complete", "rank": 5, "ret": 0, "bytes": 524288}
{"mock_phase": "before_read", "rank": 5, "copies": 64, "bytes": 524288}
{"mock_phase": "read_complete", "rank": 5, "ret": 0, "bytes": 524288}
{"mock_phase": "before_read", "rank": 5, "copies": 64, "bytes": 8192}
{"mock_phase": "read_complete", "rank": 5, "ret": 0, "bytes": 8192}
{"mock_phase": "before_read", "rank": 5, "copies": 64, "bytes": 8192}
{"mock_phase": "read_complete", "rank": 5, "ret": 0, "bytes": 8192}
{"mock_phase": "before_read", "rank": 5, "copies": 64, "bytes": 4194304}
{"mock_phase": "read_complete", "rank": 5, "ret": 0, "bytes": 4194304}
{"mock_phase": "before_read", "rank": 5, "copies": 64, "bytes": 4194304}
{"mock_phase": "read_complete", "rank": 5, "ret": 0, "bytes": 4194304}
{"mock_phase": "before_read", "rank": 5, "copies": 64, "bytes": 524288}
{"mock_phase": "read_complete", "rank": 5, "ret": 0, "bytes": 524288}
{"mock_phase": "before_read", "rank": 5, "copies": 64, "bytes": 524288}
{"mock_phase": "read_complete", "rank": 5, "ret": 0, "bytes": 524288}
{"mock_phase": "before_read", "rank": 5, "copies": 64, "bytes": 8192}
{"mock_phase": "read_complete", "rank": 5, "ret": 0, "bytes": 8192}
{"mock_phase": "before_read", "rank": 5, "copies": 64, "bytes": 8192}
{"mock_phase": "read_complete", "rank": 5, "ret": 0, "bytes": 8192}
{"mock_phase": "before_read", "rank": 5, "copies": 64, "bytes": 8388608}
{"mock_phase": "read_complete", "rank": 5, "ret": 0, "bytes": 8388608}
{"mock_phase": "before_read", "rank": 5, "copies": 64, "bytes": 8388608}
{"mock_phase": "read_complete", "rank": 5, "ret": 0, "bytes": 8388608}
{"mock_phase": "before_read", "rank": 5, "copies": 64, "bytes": 1048576}
{"mock_phase": "read_complete", "rank": 5, "ret": 0, "bytes": 1048576}
{"mock_phase": "before_read", "rank": 5, "copies": 64, "bytes": 1048576}
{"mock_phase": "read_complete", "rank": 5, "ret": 0, "bytes": 1048576}
{"mock_phase": "before_read", "rank": 5, "copies": 64, "bytes": 16384}
{"mock_phase": "read_complete", "rank": 5, "ret": 0, "bytes": 16384}
{"mock_phase": "before_read", "rank": 5, "copies": 64, "bytes": 16384}
{"mock_phase": "read_complete", "rank": 5, "ret": 0, "bytes": 16384}
{"mock_phase": "before_read", "rank": 5, "copies": 43, "bytes": 5636096}
{"mock_phase": "read_complete", "rank": 5, "ret": 0, "bytes": 5636096}
{"mock_phase": "planned", "request_id": "cmpl-a0edb53ef959de0f-0-a336e4a5", "rank": 6, "pages": 1579, "bytes": 52903936}
{"mock_phase": "before_read", "rank": 6, "copies": 64, "bytes": 4194304}
{"mock_phase": "read_complete", "rank": 6, "ret": 0, "bytes": 4194304}
{"mock_phase": "before_read", "rank": 6, "copies": 64, "bytes": 4194304}
{"mock_phase": "read_complete", "rank": 6, "ret": 0, "bytes": 4194304}
{"mock_phase": "before_read", "rank": 6, "copies": 64, "bytes": 524288}
{"mock_phase": "read_complete", "rank": 6, "ret": 0, "bytes": 524288}
{"mock_phase": "before_read", "rank": 6, "copies": 64, "bytes": 524288}
{"mock_phase": "read_complete", "rank": 6, "ret": 0, "bytes": 524288}
{"mock_phase": "before_read", "rank": 6, "copies": 64, "bytes": 8192}
{"mock_phase": "read_complete", "rank": 6, "ret": 0, "bytes": 8192}
{"mock_phase": "before_read", "rank": 6, "copies": 64, "bytes": 8192}
{"mock_phase": "read_complete", "rank": 6, "ret": 0, "bytes": 8192}
{"mock_phase": "before_read", "rank": 6, "copies": 64, "bytes": 4194304}
{"mock_phase": "read_complete", "rank": 6, "ret": 0, "bytes": 4194304}
{"mock_phase": "before_read", "rank": 6, "copies": 64, "bytes": 4194304}
{"mock_phase": "read_complete", "rank": 6, "ret": 0, "bytes": 4194304}
{"mock_phase": "before_read", "rank": 6, "copies": 64, "bytes": 524288}
{"mock_phase": "read_complete", "rank": 6, "ret": 0, "bytes": 524288}
{"mock_phase": "before_read", "rank": 6, "copies": 64, "bytes": 524288}
{"mock_phase": "read_complete", "rank": 6, "ret": 0, "bytes": 524288}
{"mock_phase": "before_read", "rank": 6, "copies": 64, "bytes": 8192}
{"mock_phase": "read_complete", "rank": 6, "ret": 0, "bytes": 8192}
{"mock_phase": "before_read", "rank": 6, "copies": 64, "bytes": 8192}
{"mock_phase": "read_complete", "rank": 6, "ret": 0, "bytes": 8192}
{"mock_phase": "before_read", "rank": 6, "copies": 64, "bytes": 4194304}
{"mock_phase": "read_complete", "rank": 6, "ret": 0, "bytes": 4194304}
{"mock_phase": "before_read", "rank": 6, "copies": 64, "bytes": 4194304}
{"mock_phase": "read_complete", "rank": 6, "ret": 0, "bytes": 4194304}
{"mock_phase": "before_read", "rank": 6, "copies": 64, "bytes": 524288}
{"mock_phase": "read_complete", "rank": 6, "ret": 0, "bytes": 524288}
{"mock_phase": "before_read", "rank": 6, "copies": 64, "bytes": 524288}
{"mock_phase": "read_complete", "rank": 6, "ret": 0, "bytes": 524288}
{"mock_phase": "before_read", "rank": 6, "copies": 64, "bytes": 8192}
{"mock_phase": "read_complete", "rank": 6, "ret": 0, "bytes": 8192}
{"mock_phase": "before_read", "rank": 6, "copies": 64, "bytes": 8192}
{"mock_phase": "read_complete", "rank": 6, "ret": 0, "bytes": 8192}
{"mock_phase": "before_read", "rank": 6, "copies": 64, "bytes": 8388608}
{"mock_phase": "read_complete", "rank": 6, "ret": 0, "bytes": 8388608}
{"mock_phase": "before_read", "rank": 6, "copies": 64, "bytes": 8388608}
{"mock_phase": "read_complete", "rank": 6, "ret": 0, "bytes": 8388608}
{"mock_phase": "before_read", "rank": 6, "copies": 64, "bytes": 1048576}
{"mock_phase": "read_complete", "rank": 6, "ret": 0, "bytes": 1048576}
{"mock_phase": "before_read", "rank": 6, "copies": 64, "bytes": 1048576}
{"mock_phase": "read_complete", "rank": 6, "ret": 0, "bytes": 1048576}
{"mock_phase": "before_read", "rank": 6, "copies": 64, "bytes": 16384}
{"mock_phase": "read_complete", "rank": 6, "ret": 0, "bytes": 16384}
{"mock_phase": "before_read", "rank": 6, "copies": 64, "bytes": 16384}
{"mock_phase": "read_complete", "rank": 6, "ret": 0, "bytes": 16384}
{"mock_phase": "before_read", "rank": 6, "copies": 43, "bytes": 5636096}
{"mock_phase": "read_complete", "rank": 6, "ret": 0, "bytes": 5636096}
{"mock_phase": "planned", "request_id": "cmpl-a0edb53ef959de0f-0-a336e4a5", "rank": 7, "pages": 1579, "bytes": 52903936}
{"mock_phase": "before_read", "rank": 7, "copies": 64, "bytes": 4194304}
{"mock_phase": "read_complete", "rank": 7, "ret": 0, "bytes": 4194304}
{"mock_phase": "before_read", "rank": 7, "copies": 64, "bytes": 4194304}
{"mock_phase": "read_complete", "rank": 7, "ret": 0, "bytes": 4194304}
{"mock_phase": "before_read", "rank": 7, "copies": 64, "bytes": 524288}
{"mock_phase": "read_complete", "rank": 7, "ret": 0, "bytes": 524288}
{"mock_phase": "before_read", "rank": 7, "copies": 64, "bytes": 524288}
{"mock_phase": "read_complete", "rank": 7, "ret": 0, "bytes": 524288}
{"mock_phase": "before_read", "rank": 7, "copies": 64, "bytes": 8192}
{"mock_phase": "read_complete", "rank": 7, "ret": 0, "bytes": 8192}
{"mock_phase": "before_read", "rank": 7, "copies": 64, "bytes": 8192}
{"mock_phase": "read_complete", "rank": 7, "ret": 0, "bytes": 8192}
{"mock_phase": "before_read", "rank": 7, "copies": 64, "bytes": 4194304}
{"mock_phase": "read_complete", "rank": 7, "ret": 0, "bytes": 4194304}
{"mock_phase": "before_read", "rank": 7, "copies": 64, "bytes": 4194304}
{"mock_phase": "read_complete", "rank": 7, "ret": 0, "bytes": 4194304}
{"mock_phase": "before_read", "rank": 7, "copies": 64, "bytes": 524288}
{"mock_phase": "read_complete", "rank": 7, "ret": 0, "bytes": 524288}
{"mock_phase": "before_read", "rank": 7, "copies": 64, "bytes": 524288}
{"mock_phase": "read_complete", "rank": 7, "ret": 0, "bytes": 524288}
{"mock_phase": "before_read", "rank": 7, "copies": 64, "bytes": 8192}
{"mock_phase": "read_complete", "rank": 7, "ret": 0, "bytes": 8192}
{"mock_phase": "before_read", "rank": 7, "copies": 64, "bytes": 8192}
{"mock_phase": "read_complete", "rank": 7, "ret": 0, "bytes": 8192}
{"mock_phase": "before_read", "rank": 7, "copies": 64, "bytes": 4194304}
{"mock_phase": "read_complete", "rank": 7, "ret": 0, "bytes": 4194304}
{"mock_phase": "before_read", "rank": 7, "copies": 64, "bytes": 4194304}
{"mock_phase": "read_complete", "rank": 7, "ret": 0, "bytes": 4194304}
{"mock_phase": "before_read", "rank": 7, "copies": 64, "bytes": 524288}
{"mock_phase": "read_complete", "rank": 7, "ret": 0, "bytes": 524288}
{"mock_phase": "before_read", "rank": 7, "copies": 64, "bytes": 524288}
{"mock_phase": "read_complete", "rank": 7, "ret": 0, "bytes": 524288}
{"mock_phase": "before_read", "rank": 7, "copies": 64, "bytes": 8192}
{"mock_phase": "read_complete", "rank": 7, "ret": 0, "bytes": 8192}
{"mock_phase": "before_read", "rank": 7, "copies": 64, "bytes": 8192}
{"mock_phase": "read_complete", "rank": 7, "ret": 0, "bytes": 8192}
{"mock_phase": "before_read", "rank": 7, "copies": 64, "bytes": 8388608}
{"mock_phase": "read_complete", "rank": 7, "ret": 0, "bytes": 8388608}
{"mock_phase": "before_read", "rank": 7, "copies": 64, "bytes": 8388608}
{"mock_phase": "read_complete", "rank": 7, "ret": 0, "bytes": 8388608}
{"mock_phase": "before_read", "rank": 7, "copies": 64, "bytes": 1048576}
{"mock_phase": "read_complete", "rank": 7, "ret": 0, "bytes": 1048576}
{"mock_phase": "before_read", "rank": 7, "copies": 64, "bytes": 1048576}
{"mock_phase": "read_complete", "rank": 7, "ret": 0, "bytes": 1048576}
{"mock_phase": "before_read", "rank": 7, "copies": 64, "bytes": 16384}
{"mock_phase": "read_complete", "rank": 7, "ret": 0, "bytes": 16384}
{"mock_phase": "before_read", "rank": 7, "copies": 64, "bytes": 16384}
{"mock_phase": "read_complete", "rank": 7, "ret": 0, "bytes": 16384}
{"mock_phase": "before_read", "rank": 7, "copies": 43, "bytes": 5636096}
{"mock_phase": "read_complete", "rank": 7, "ret": 0, "bytes": 5636096}
{"ok": true, "request_id": "cmpl-a0edb53ef959de0f-0-a336e4a5", "ranks": [{"rank": 0, "bytes": 52903936, "read_s": 0.012332140933722258, "hash_s": 0.07053917972370982, "nonzero_groups": [0, 1, 2, 3, 4, 5, 6]}, {"rank": 1, "bytes": 52903936, "read_s": 0.011908179149031639, "hash_s": 0.07020929781720042, "nonzero_groups": [0, 1, 2, 3, 4, 5, 6]}, {"rank": 2, "bytes": 52903936, "read_s": 0.011838039383292198, "hash_s": 0.06950128171592951, "nonzero_groups": [0, 1, 2, 3, 4, 5, 6]}, {"rank": 3, "bytes": 52903936, "read_s": 0.012072158977389336, "hash_s": 0.07053790986537933, "nonzero_groups": [0, 1, 2, 3, 4, 5, 6]}, {"rank": 4, "bytes": 52903936, "read_s": 0.01223703846335411, "hash_s": 0.0705447900108993, "nonzero_groups": [0, 1, 2, 3, 4, 5, 6]}, {"rank": 5, "bytes": 52903936, "read_s": 0.01206547161564231, "hash_s": 0.07045009126886725, "nonzero_groups": [0, 1, 2, 3, 4, 5, 6]}, {"rank": 6, "bytes": 52903936, "read_s": 0.012125530280172825, "hash_s": 0.07056718040257692, "nonzero_groups": [0, 1, 2, 3, 4, 5, 6]}, {"rank": 7, "bytes": 52903936, "read_s": 0.012497169896960258, "hash_s": 0.07065718015655875, "nonzero_groups": [0, 1, 2, 3, 4, 5, 6]}], "bytes": 423231488, "consume_s": 0.7055774601176381, "ack_s": 0.0021503600291907787, "total_s": 0.7077279398217797, "hold_ms": 0}
127.0.0.1 - - [09/Oct/2026 07:22:27] "POST /consume HTTP/1.1" 200 -
{"mock_phase": "planned", "request_id": "cmpl-a5428346f58d73d6-0-8e09d86b", "rank": 0, "pages": 1579, "bytes": 52903936}
{"mock_phase": "before_read", "rank": 0, "copies": 64, "bytes": 4194304}
{"mock_phase": "read_complete", "rank": 0, "ret": 0, "bytes": 4194304}
{"mock_phase": "before_read", "rank": 0, "copies": 64, "bytes": 4194304}
{"mock_phase": "read_complete", "rank": 0, "ret": 0, "bytes": 4194304}
{"mock_phase": "before_read", "rank": 0, "copies": 64, "bytes": 524288}
{"mock_phase": "read_complete", "rank": 0, "ret": 0, "bytes": 524288}
{"mock_phase": "before_read", "rank": 0, "copies": 64, "bytes": 524288}
{"mock_phase": "read_complete", "rank": 0, "ret": 0, "bytes": 524288}
{"mock_phase": "before_read", "rank": 0, "copies": 64, "bytes": 8192}
{"mock_phase": "read_complete", "rank": 0, "ret": 0, "bytes": 8192}
{"mock_phase": "before_read", "rank": 0, "copies": 64, "bytes": 8192}
{"mock_phase": "read_complete", "rank": 0, "ret": 0, "bytes": 8192}
{"mock_phase": "before_read", "rank": 0, "copies": 64, "bytes": 4194304}
{"mock_phase": "read_complete", "rank": 0, "ret": 0, "bytes": 4194304}
{"mock_phase": "before_read", "rank": 0, "copies": 64, "bytes": 4194304}
{"mock_phase": "read_complete", "rank": 0, "ret": 0, "bytes": 4194304}
{"mock_phase": "before_read", "rank": 0, "copies": 64, "bytes": 524288}
{"mock_phase": "read_complete", "rank": 0, "ret": 0, "bytes": 524288}
{"mock_phase": "before_read", "rank": 0, "copies": 64, "bytes": 524288}
{"mock_phase": "read_complete", "rank": 0, "ret": 0, "bytes": 524288}
{"mock_phase": "before_read", "rank": 0, "copies": 64, "bytes": 8192}
{"mock_phase": "read_complete", "rank": 0, "ret": 0, "bytes": 8192}
{"mock_phase": "before_read", "rank": 0, "copies": 64, "bytes": 8192}
{"mock_phase": "read_complete", "rank": 0, "ret": 0, "bytes": 8192}
{"mock_phase": "before_read", "rank": 0, "copies": 64, "bytes": 4194304}
{"mock_phase": "read_complete", "rank": 0, "ret": 0, "bytes": 4194304}
{"mock_phase": "before_read", "rank": 0, "copies": 64, "bytes": 4194304}
{"mock_phase": "read_complete", "rank": 0, "ret": 0, "bytes": 4194304}
{"mock_phase": "before_read", "rank": 0, "copies": 64, "bytes": 524288}
{"mock_phase": "read_complete", "rank": 0, "ret": 0, "bytes": 524288}
{"mock_phase": "before_read", "rank": 0, "copies": 64, "bytes": 524288}
{"mock_phase": "read_complete", "rank": 0, "ret": 0, "bytes": 524288}
{"mock_phase": "before_read", "rank": 0, "copies": 64, "bytes": 8192}
{"mock_phase": "read_complete", "rank": 0, "ret": 0, "bytes": 8192}
{"mock_phase": "before_read", "rank": 0, "copies": 64, "bytes": 8192}
{"mock_phase": "read_complete", "rank": 0, "ret": 0, "bytes": 8192}
{"mock_phase": "before_read", "rank": 0, "copies": 64, "bytes": 8388608}
{"mock_phase": "read_complete", "rank": 0, "ret": 0, "bytes": 8388608}
{"mock_phase": "before_read", "rank": 0, "copies": 64, "bytes": 8388608}
{"mock_phase": "read_complete", "rank": 0, "ret": 0, "bytes": 8388608}
{"mock_phase": "before_read", "rank": 0, "copies": 64, "bytes": 1048576}
{"mock_phase": "read_complete", "rank": 0, "ret": 0, "bytes": 1048576}
{"mock_phase": "before_read", "rank": 0, "copies": 64, "bytes": 1048576}
{"mock_phase": "read_complete", "rank": 0, "ret": 0, "bytes": 1048576}
{"mock_phase": "before_read", "rank": 0, "copies": 64, "bytes": 16384}
{"mock_phase": "read_complete", "rank": 0, "ret": 0, "bytes": 16384}
{"mock_phase": "before_read", "rank": 0, "copies": 64, "bytes": 16384}
{"mock_phase": "read_complete", "rank": 0, "ret": 0, "bytes": 16384}
{"mock_phase": "before_read", "rank": 0, "copies": 43, "bytes": 5636096}
{"mock_phase": "read_complete", "rank": 0, "ret": 0, "bytes": 5636096}
{"mock_phase": "planned", "request_id": "cmpl-a5428346f58d73d6-0-8e09d86b", "rank": 1, "pages": 1579, "bytes": 52903936}
{"mock_phase": "before_read", "rank": 1, "copies": 64, "bytes": 4194304}
{"mock_phase": "read_complete", "rank": 1, "ret": 0, "bytes": 4194304}
{"mock_phase": "before_read", "rank": 1, "copies": 64, "bytes": 4194304}
{"mock_phase": "read_complete", "rank": 1, "ret": 0, "bytes": 4194304}
{"mock_phase": "before_read", "rank": 1, "copies": 64, "bytes": 524288}
{"mock_phase": "read_complete", "rank": 1, "ret": 0, "bytes": 524288}
{"mock_phase": "before_read", "rank": 1, "copies": 64, "bytes": 524288}
{"mock_phase": "read_complete", "rank": 1, "ret": 0, "bytes": 524288}
{"mock_phase": "before_read", "rank": 1, "copies": 64, "bytes": 8192}
{"mock_phase": "read_complete", "rank": 1, "ret": 0, "bytes": 8192}
{"mock_phase": "before_read", "rank": 1, "copies": 64, "bytes": 8192}
{"mock_phase": "read_complete", "rank": 1, "ret": 0, "bytes": 8192}
{"mock_phase": "before_read", "rank": 1, "copies": 64, "bytes": 4194304}
{"mock_phase": "read_complete", "rank": 1, "ret": 0, "bytes": 4194304}
{"mock_phase": "before_read", "rank": 1, "copies": 64, "bytes": 4194304}
{"mock_phase": "read_complete", "rank": 1, "ret": 0, "bytes": 4194304}
{"mock_phase": "before_read", "rank": 1, "copies": 64, "bytes": 524288}
{"mock_phase": "read_complete", "rank": 1, "ret": 0, "bytes": 524288}
{"mock_phase": "before_read", "rank": 1, "copies": 64, "bytes": 524288}
{"mock_phase": "read_complete", "rank": 1, "ret": 0, "bytes": 524288}
{"mock_phase": "before_read", "rank": 1, "copies": 64, "bytes": 8192}
{"mock_phase": "read_complete", "rank": 1, "ret": 0, "bytes": 8192}
{"mock_phase": "before_read", "rank": 1, "copies": 64, "bytes": 8192}
{"mock_phase": "read_complete", "rank": 1, "ret": 0, "bytes": 8192}
{"mock_phase": "before_read", "rank": 1, "copies": 64, "bytes": 4194304}
{"mock_phase": "read_complete", "rank": 1, "ret": 0, "bytes": 4194304}
{"mock_phase": "before_read", "rank": 1, "copies": 64, "bytes": 4194304}
{"mock_phase": "read_complete", "rank": 1, "ret": 0, "bytes": 4194304}
{"mock_phase": "before_read", "rank": 1, "copies": 64, "bytes": 524288}
{"mock_phase": "read_complete", "rank": 1, "ret": 0, "bytes": 524288}
{"mock_phase": "before_read", "rank": 1, "copies": 64, "bytes": 524288}
{"mock_phase": "read_complete", "rank": 1, "ret": 0, "bytes": 524288}
{"mock_phase": "before_read", "rank": 1, "copies": 64, "bytes": 8192}
{"mock_phase": "read_complete", "rank": 1, "ret": 0, "bytes": 8192}
{"mock_phase": "before_read", "rank": 1, "copies": 64, "bytes": 8192}
{"mock_phase": "read_complete", "rank": 1, "ret": 0, "bytes": 8192}
{"mock_phase": "before_read", "rank": 1, "copies": 64, "bytes": 8388608}
{"mock_phase": "read_complete", "rank": 1, "ret": 0, "bytes": 8388608}
{"mock_phase": "before_read", "rank": 1, "copies": 64, "bytes": 8388608}
{"mock_phase": "read_complete", "rank": 1, "ret": 0, "bytes": 8388608}
{"mock_phase": "before_read", "rank": 1, "copies": 64, "bytes": 1048576}
{"mock_phase": "read_complete", "rank": 1, "ret": 0, "bytes": 1048576}
{"mock_phase": "before_read", "rank": 1, "copies": 64, "bytes": 1048576}
{"mock_phase": "read_complete", "rank": 1, "ret": 0, "bytes": 1048576}
{"mock_phase": "before_read", "rank": 1, "copies": 64, "bytes": 16384}
{"mock_phase": "read_complete", "rank": 1, "ret": 0, "bytes": 16384}
{"mock_phase": "before_read", "rank": 1, "copies": 64, "bytes": 16384}
{"mock_phase": "read_complete", "rank": 1, "ret": 0, "bytes": 16384}
{"mock_phase": "before_read", "rank": 1, "copies": 43, "bytes": 5636096}
{"mock_phase": "read_complete", "rank": 1, "ret": 0, "bytes": 5636096}
{"mock_phase": "planned", "request_id": "cmpl-a5428346f58d73d6-0-8e09d86b", "rank": 2, "pages": 1579, "bytes": 52903936}
{"mock_phase": "before_read", "rank": 2, "copies": 64, "bytes": 4194304}
{"mock_phase": "read_complete", "rank": 2, "ret": 0, "bytes": 4194304}
{"mock_phase": "before_read", "rank": 2, "copies": 64, "bytes": 4194304}
{"mock_phase": "read_complete", "rank": 2, "ret": 0, "bytes": 4194304}
{"mock_phase": "before_read", "rank": 2, "copies": 64, "bytes": 524288}
{"mock_phase": "read_complete", "rank": 2, "ret": 0, "bytes": 524288}
{"mock_phase": "before_read", "rank": 2, "copies": 64, "bytes": 524288}
{"mock_phase": "read_complete", "rank": 2, "ret": 0, "bytes": 524288}
{"mock_phase": "before_read", "rank": 2, "copies": 64, "bytes": 8192}
{"mock_phase": "read_complete", "rank": 2, "ret": 0, "bytes": 8192}
{"mock_phase": "before_read", "rank": 2, "copies": 64, "bytes": 8192}
{"mock_phase": "read_complete", "rank": 2, "ret": 0, "bytes": 8192}
{"mock_phase": "before_read", "rank": 2, "copies": 64, "bytes": 4194304}
{"mock_phase": "read_complete", "rank": 2, "ret": 0, "bytes": 4194304}
{"mock_phase": "before_read", "rank": 2, "copies": 64, "bytes": 4194304}
{"mock_phase": "read_complete", "rank": 2, "ret": 0, "bytes": 4194304}
{"mock_phase": "before_read", "rank": 2, "copies": 64, "bytes": 524288}
{"mock_phase": "read_complete", "rank": 2, "ret": 0, "bytes": 524288}
{"mock_phase": "before_read", "rank": 2, "copies": 64, "bytes": 524288}
{"mock_phase": "read_complete", "rank": 2, "ret": 0, "bytes": 524288}
{"mock_phase": "before_read", "rank": 2, "copies": 64, "bytes": 8192}
{"mock_phase": "read_complete", "rank": 2, "ret": 0, "bytes": 8192}
{"mock_phase": "before_read", "rank": 2, "copies": 64, "bytes": 8192}
{"mock_phase": "read_complete", "rank": 2, "ret": 0, "bytes": 8192}
{"mock_phase": "before_read", "rank": 2, "copies": 64, "bytes": 4194304}
{"mock_phase": "read_complete", "rank": 2, "ret": 0, "bytes": 4194304}
{"mock_phase": "before_read", "rank": 2, "copies": 64, "bytes": 4194304}
{"mock_phase": "read_complete", "rank": 2, "ret": 0, "bytes": 4194304}
{"mock_phase": "before_read", "rank": 2, "copies": 64, "bytes": 524288}
{"mock_phase": "read_complete", "rank": 2, "ret": 0, "bytes": 524288}
{"mock_phase": "before_read", "rank": 2, "copies": 64, "bytes": 524288}
{"mock_phase": "read_complete", "rank": 2, "ret": 0, "bytes": 524288}
{"mock_phase": "before_read", "rank": 2, "copies": 64, "bytes": 8192}
{"mock_phase": "read_complete", "rank": 2, "ret": 0, "bytes": 8192}
{"mock_phase": "before_read", "rank": 2, "copies": 64, "bytes": 8192}
{"mock_phase": "read_complete", "rank": 2, "ret": 0, "bytes": 8192}
{"mock_phase": "before_read", "rank": 2, "copies": 64, "bytes": 8388608}
{"mock_phase": "read_complete", "rank": 2, "ret": 0, "bytes": 8388608}
{"mock_phase": "before_read", "rank": 2, "copies": 64, "bytes": 8388608}
{"mock_phase": "read_complete", "rank": 2, "ret": 0, "bytes": 8388608}
{"mock_phase": "before_read", "rank": 2, "copies": 64, "bytes": 1048576}
{"mock_phase": "read_complete", "rank": 2, "ret": 0, "bytes": 1048576}
{"mock_phase": "before_read", "rank": 2, "copies": 64, "bytes": 1048576}
{"mock_phase": "read_complete", "rank": 2, "ret": 0, "bytes": 1048576}
{"mock_phase": "before_read", "rank": 2, "copies": 64, "bytes": 16384}
{"mock_phase": "read_complete", "rank": 2, "ret": 0, "bytes": 16384}
{"mock_phase": "before_read", "rank": 2, "copies": 64, "bytes": 16384}
{"mock_phase": "read_complete", "rank": 2, "ret": 0, "bytes": 16384}
{"mock_phase": "before_read", "rank": 2, "copies": 43, "bytes": 5636096}
{"mock_phase": "read_complete", "rank": 2, "ret": 0, "bytes": 5636096}
{"mock_phase": "planned", "request_id": "cmpl-a5428346f58d73d6-0-8e09d86b", "rank": 3, "pages": 1579, "bytes": 52903936}
{"mock_phase": "before_read", "rank": 3, "copies": 64, "bytes": 4194304}
{"mock_phase": "read_complete", "rank": 3, "ret": 0, "bytes": 4194304}
{"mock_phase": "before_read", "rank": 3, "copies": 64, "bytes": 4194304}
{"mock_phase": "read_complete", "rank": 3, "ret": 0, "bytes": 4194304}
{"mock_phase": "before_read", "rank": 3, "copies": 64, "bytes": 524288}
{"mock_phase": "read_complete", "rank": 3, "ret": 0, "bytes": 524288}
{"mock_phase": "before_read", "rank": 3, "copies": 64, "bytes": 524288}
{"mock_phase": "read_complete", "rank": 3, "ret": 0, "bytes": 524288}
{"mock_phase": "before_read", "rank": 3, "copies": 64, "bytes": 8192}
{"mock_phase": "read_complete", "rank": 3, "ret": 0, "bytes": 8192}
{"mock_phase": "before_read", "rank": 3, "copies": 64, "bytes": 8192}
{"mock_phase": "read_complete", "rank": 3, "ret": 0, "bytes": 8192}
{"mock_phase": "before_read", "rank": 3, "copies": 64, "bytes": 4194304}
{"mock_phase": "read_complete", "rank": 3, "ret": 0, "bytes": 4194304}
{"mock_phase": "before_read", "rank": 3, "copies": 64, "bytes": 4194304}
{"mock_phase": "read_complete", "rank": 3, "ret": 0, "bytes": 4194304}
{"mock_phase": "before_read", "rank": 3, "copies": 64, "bytes": 524288}
{"mock_phase": "read_complete", "rank": 3, "ret": 0, "bytes": 524288}
{"mock_phase": "before_read", "rank": 3, "copies": 64, "bytes": 524288}
{"mock_phase": "read_complete", "rank": 3, "ret": 0, "bytes": 524288}
{"mock_phase": "before_read", "rank": 3, "copies": 64, "bytes": 8192}
{"mock_phase": "read_complete", "rank": 3, "ret": 0, "bytes": 8192}
{"mock_phase": "before_read", "rank": 3, "copies": 64, "bytes": 8192}
{"mock_phase": "read_complete", "rank": 3, "ret": 0, "bytes": 8192}
{"mock_phase": "before_read", "rank": 3, "copies": 64, "bytes": 4194304}
{"mock_phase": "read_complete", "rank": 3, "ret": 0, "bytes": 4194304}
{"mock_phase": "before_read", "rank": 3, "copies": 64, "bytes": 4194304}
{"mock_phase": "read_complete", "rank": 3, "ret": 0, "bytes": 4194304}
{"mock_phase": "before_read", "rank": 3, "copies": 64, "bytes": 524288}
{"mock_phase": "read_complete", "rank": 3, "ret": 0, "bytes": 524288}
{"mock_phase": "before_read", "rank": 3, "copies": 64, "bytes": 524288}
{"mock_phase": "read_complete", "rank": 3, "ret": 0, "bytes": 524288}
{"mock_phase": "before_read", "rank": 3, "copies": 64, "bytes": 8192}
{"mock_phase": "read_complete", "rank": 3, "ret": 0, "bytes": 8192}
{"mock_phase": "before_read", "rank": 3, "copies": 64, "bytes": 8192}
{"mock_phase": "read_complete", "rank": 3, "ret": 0, "bytes": 8192}
{"mock_phase": "before_read", "rank": 3, "copies": 64, "bytes": 8388608}
{"mock_phase": "read_complete", "rank": 3, "ret": 0, "bytes": 8388608}
{"mock_phase": "before_read", "rank": 3, "copies": 64, "bytes": 8388608}
{"mock_phase": "read_complete", "rank": 3, "ret": 0, "bytes": 8388608}
{"mock_phase": "before_read", "rank": 3, "copies": 64, "bytes": 1048576}
{"mock_phase": "read_complete", "rank": 3, "ret": 0, "bytes": 1048576}
{"mock_phase": "before_read", "rank": 3, "copies": 64, "bytes": 1048576}
{"mock_phase": "read_complete", "rank": 3, "ret": 0, "bytes": 1048576}
{"mock_phase": "before_read", "rank": 3, "copies": 64, "bytes": 16384}
{"mock_phase": "read_complete", "rank": 3, "ret": 0, "bytes": 16384}
{"mock_phase": "before_read", "rank": 3, "copies": 64, "bytes": 16384}
{"mock_phase": "read_complete", "rank": 3, "ret": 0, "bytes": 16384}
{"mock_phase": "before_read", "rank": 3, "copies": 43, "bytes": 5636096}
{"mock_phase": "read_complete", "rank": 3, "ret": 0, "bytes": 5636096}
{"mock_phase": "planned", "request_id": "cmpl-a5428346f58d73d6-0-8e09d86b", "rank": 4, "pages": 1579, "bytes": 52903936}
{"mock_phase": "before_read", "rank": 4, "copies": 64, "bytes": 4194304}
{"mock_phase": "read_complete", "rank": 4, "ret": 0, "bytes": 4194304}
{"mock_phase": "before_read", "rank": 4, "copies": 64, "bytes": 4194304}
{"mock_phase": "read_complete", "rank": 4, "ret": 0, "bytes": 4194304}
{"mock_phase": "before_read", "rank": 4, "copies": 64, "bytes": 524288}
{"mock_phase": "read_complete", "rank": 4, "ret": 0, "bytes": 524288}
{"mock_phase": "before_read", "rank": 4, "copies": 64, "bytes": 524288}
{"mock_phase": "read_complete", "rank": 4, "ret": 0, "bytes": 524288}
{"mock_phase": "before_read", "rank": 4, "copies": 64, "bytes": 8192}
{"mock_phase": "read_complete", "rank": 4, "ret": 0, "bytes": 8192}
{"mock_phase": "before_read", "rank": 4, "copies": 64, "bytes": 8192}
{"mock_phase": "read_complete", "rank": 4, "ret": 0, "bytes": 8192}
{"mock_phase": "before_read", "rank": 4, "copies": 64, "bytes": 4194304}
{"mock_phase": "read_complete", "rank": 4, "ret": 0, "bytes": 4194304}
{"mock_phase": "before_read", "rank": 4, "copies": 64, "bytes": 4194304}
{"mock_phase": "read_complete", "rank": 4, "ret": 0, "bytes": 4194304}
{"mock_phase": "before_read", "rank": 4, "copies": 64, "bytes": 524288}
{"mock_phase": "read_complete", "rank": 4, "ret": 0, "bytes": 524288}
{"mock_phase": "before_read", "rank": 4, "copies": 64, "bytes": 524288}
{"mock_phase": "read_complete", "rank": 4, "ret": 0, "bytes": 524288}
{"mock_phase": "before_read", "rank": 4, "copies": 64, "bytes": 8192}
{"mock_phase": "read_complete", "rank": 4, "ret": 0, "bytes": 8192}
{"mock_phase": "before_read", "rank": 4, "copies": 64, "bytes": 8192}
{"mock_phase": "read_complete", "rank": 4, "ret": 0, "bytes": 8192}
{"mock_phase": "before_read", "rank": 4, "copies": 64, "bytes": 4194304}
{"mock_phase": "read_complete", "rank": 4, "ret": 0, "bytes": 4194304}
{"mock_phase": "before_read", "rank": 4, "copies": 64, "bytes": 4194304}
{"mock_phase": "read_complete", "rank": 4, "ret": 0, "bytes": 4194304}
{"mock_phase": "before_read", "rank": 4, "copies": 64, "bytes": 524288}
{"mock_phase": "read_complete", "rank": 4, "ret": 0, "bytes": 524288}
{"mock_phase": "before_read", "rank": 4, "copies": 64, "bytes": 524288}
{"mock_phase": "read_complete", "rank": 4, "ret": 0, "bytes": 524288}
{"mock_phase": "before_read", "rank": 4, "copies": 64, "bytes": 8192}
{"mock_phase": "read_complete", "rank": 4, "ret": 0, "bytes": 8192}
{"mock_phase": "before_read", "rank": 4, "copies": 64, "bytes": 8192}
{"mock_phase": "read_complete", "rank": 4, "ret": 0, "bytes": 8192}
{"mock_phase": "before_read", "rank": 4, "copies": 64, "bytes": 8388608}
{"mock_phase": "read_complete", "rank": 4, "ret": 0, "bytes": 8388608}
{"mock_phase": "before_read", "rank": 4, "copies": 64, "bytes": 8388608}
{"mock_phase": "read_complete", "rank": 4, "ret": 0, "bytes": 8388608}
{"mock_phase": "before_read", "rank": 4, "copies": 64, "bytes": 1048576}
{"mock_phase": "read_complete", "rank": 4, "ret": 0, "bytes": 1048576}
{"mock_phase": "before_read", "rank": 4, "copies": 64, "bytes": 1048576}
{"mock_phase": "read_complete", "rank": 4, "ret": 0, "bytes": 1048576}
{"mock_phase": "before_read", "rank": 4, "copies": 64, "bytes": 16384}
{"mock_phase": "read_complete", "rank": 4, "ret": 0, "bytes": 16384}
{"mock_phase": "before_read", "rank": 4, "copies": 64, "bytes": 16384}
{"mock_phase": "read_complete", "rank": 4, "ret": 0, "bytes": 16384}
{"mock_phase": "before_read", "rank": 4, "copies": 43, "bytes": 5636096}
{"mock_phase": "read_complete", "rank": 4, "ret": 0, "bytes": 5636096}
{"mock_phase": "planned", "request_id": "cmpl-a5428346f58d73d6-0-8e09d86b", "rank": 5, "pages": 1579, "bytes": 52903936}
{"mock_phase": "before_read", "rank": 5, "copies": 64, "bytes": 4194304}
{"mock_phase": "read_complete", "rank": 5, "ret": 0, "bytes": 4194304}
{"mock_phase": "before_read", "rank": 5, "copies": 64, "bytes": 4194304}
{"mock_phase": "read_complete", "rank": 5, "ret": 0, "bytes": 4194304}
{"mock_phase": "before_read", "rank": 5, "copies": 64, "bytes": 524288}
{"mock_phase": "read_complete", "rank": 5, "ret": 0, "bytes": 524288}
{"mock_phase": "before_read", "rank": 5, "copies": 64, "bytes": 524288}
{"mock_phase": "read_complete", "rank": 5, "ret": 0, "bytes": 524288}
{"mock_phase": "before_read", "rank": 5, "copies": 64, "bytes": 8192}
{"mock_phase": "read_complete", "rank": 5, "ret": 0, "bytes": 8192}
{"mock_phase": "before_read", "rank": 5, "copies": 64, "bytes": 8192}
{"mock_phase": "read_complete", "rank": 5, "ret": 0, "bytes": 8192}
{"mock_phase": "before_read", "rank": 5, "copies": 64, "bytes": 4194304}
{"mock_phase": "read_complete", "rank": 5, "ret": 0, "bytes": 4194304}
{"mock_phase": "before_read", "rank": 5, "copies": 64, "bytes": 4194304}
{"mock_phase": "read_complete", "rank": 5, "ret": 0, "bytes": 4194304}
{"mock_phase": "before_read", "rank": 5, "copies": 64, "bytes": 524288}
{"mock_phase": "read_complete", "rank": 5, "ret": 0, "bytes": 524288}
{"mock_phase": "before_read", "rank": 5, "copies": 64, "bytes": 524288}
{"mock_phase": "read_complete", "rank": 5, "ret": 0, "bytes": 524288}
{"mock_phase": "before_read", "rank": 5, "copies": 64, "bytes": 8192}
{"mock_phase": "read_complete", "rank": 5, "ret": 0, "bytes": 8192}
{"mock_phase": "before_read", "rank": 5, "copies": 64, "bytes": 8192}
{"mock_phase": "read_complete", "rank": 5, "ret": 0, "bytes": 8192}
{"mock_phase": "before_read", "rank": 5, "copies": 64, "bytes": 4194304}
{"mock_phase": "read_complete", "rank": 5, "ret": 0, "bytes": 4194304}
{"mock_phase": "before_read", "rank": 5, "copies": 64, "bytes": 4194304}
{"mock_phase": "read_complete", "rank": 5, "ret": 0, "bytes": 4194304}
{"mock_phase": "before_read", "rank": 5, "copies": 64, "bytes": 524288}
{"mock_phase": "read_complete", "rank": 5, "ret": 0, "bytes": 524288}
{"mock_phase": "before_read", "rank": 5, "copies": 64, "bytes": 524288}
{"mock_phase": "read_complete", "rank": 5, "ret": 0, "bytes": 524288}
{"mock_phase": "before_read", "rank": 5, "copies": 64, "bytes": 8192}
{"mock_phase": "read_complete", "rank": 5, "ret": 0, "bytes": 8192}
{"mock_phase": "before_read", "rank": 5, "copies": 64, "bytes": 8192}
{"mock_phase": "read_complete", "rank": 5, "ret": 0, "bytes": 8192}
{"mock_phase": "before_read", "rank": 5, "copies": 64, "bytes": 8388608}
{"mock_phase": "read_complete", "rank": 5, "ret": 0, "bytes": 8388608}
{"mock_phase": "before_read", "rank": 5, "copies": 64, "bytes": 8388608}
{"mock_phase": "read_complete", "rank": 5, "ret": 0, "bytes": 8388608}
{"mock_phase": "before_read", "rank": 5, "copies": 64, "bytes": 1048576}
{"mock_phase": "read_complete", "rank": 5, "ret": 0, "bytes": 1048576}
{"mock_phase": "before_read", "rank": 5, "copies": 64, "bytes": 1048576}
{"mock_phase": "read_complete", "rank": 5, "ret": 0, "bytes": 1048576}
{"mock_phase": "before_read", "rank": 5, "copies": 64, "bytes": 16384}
{"mock_phase": "read_complete", "rank": 5, "ret": 0, "bytes": 16384}
{"mock_phase": "before_read", "rank": 5, "copies": 64, "bytes": 16384}
{"mock_phase": "read_complete", "rank": 5, "ret": 0, "bytes": 16384}
{"mock_phase": "before_read", "rank": 5, "copies": 43, "bytes": 5636096}
{"mock_phase": "read_complete", "rank": 5, "ret": 0, "bytes": 5636096}
{"mock_phase": "planned", "request_id": "cmpl-a5428346f58d73d6-0-8e09d86b", "rank": 6, "pages": 1579, "bytes": 52903936}
{"mock_phase": "before_read", "rank": 6, "copies": 64, "bytes": 4194304}
{"mock_phase": "read_complete", "rank": 6, "ret": 0, "bytes": 4194304}
{"mock_phase": "before_read", "rank": 6, "copies": 64, "bytes": 4194304}
{"mock_phase": "read_complete", "rank": 6, "ret": 0, "bytes": 4194304}
{"mock_phase": "before_read", "rank": 6, "copies": 64, "bytes": 524288}
{"mock_phase": "read_complete", "rank": 6, "ret": 0, "bytes": 524288}
{"mock_phase": "before_read", "rank": 6, "copies": 64, "bytes": 524288}
{"mock_phase": "read_complete", "rank": 6, "ret": 0, "bytes": 524288}
{"mock_phase": "before_read", "rank": 6, "copies": 64, "bytes": 8192}
{"mock_phase": "read_complete", "rank": 6, "ret": 0, "bytes": 8192}
{"mock_phase": "before_read", "rank": 6, "copies": 64, "bytes": 8192}
{"mock_phase": "read_complete", "rank": 6, "ret": 0, "bytes": 8192}
{"mock_phase": "before_read", "rank": 6, "copies": 64, "bytes": 4194304}
{"mock_phase": "read_complete", "rank": 6, "ret": 0, "bytes": 4194304}
{"mock_phase": "before_read", "rank": 6, "copies": 64, "bytes": 4194304}
{"mock_phase": "read_complete", "rank": 6, "ret": 0, "bytes": 4194304}
{"mock_phase": "before_read", "rank": 6, "copies": 64, "bytes": 524288}
{"mock_phase": "read_complete", "rank": 6, "ret": 0, "bytes": 524288}
{"mock_phase": "before_read", "rank": 6, "copies": 64, "bytes": 524288}
{"mock_phase": "read_complete", "rank": 6, "ret": 0, "bytes": 524288}
{"mock_phase": "before_read", "rank": 6, "copies": 64, "bytes": 8192}
{"mock_phase": "read_complete", "rank": 6, "ret": 0, "bytes": 8192}
{"mock_phase": "before_read", "rank": 6, "copies": 64, "bytes": 8192}
{"mock_phase": "read_complete", "rank": 6, "ret": 0, "bytes": 8192}
{"mock_phase": "before_read", "rank": 6, "copies": 64, "bytes": 4194304}
{"mock_phase": "read_complete", "rank": 6, "ret": 0, "bytes": 4194304}
{"mock_phase": "before_read", "rank": 6, "copies": 64, "bytes": 4194304}
{"mock_phase": "read_complete", "rank": 6, "ret": 0, "bytes": 4194304}
{"mock_phase": "before_read", "rank": 6, "copies": 64, "bytes": 524288}
{"mock_phase": "read_complete", "rank": 6, "ret": 0, "bytes": 524288}
{"mock_phase": "before_read", "rank": 6, "copies": 64, "bytes": 524288}
{"mock_phase": "read_complete", "rank": 6, "ret": 0, "bytes": 524288}
{"mock_phase": "before_read", "rank": 6, "copies": 64, "bytes": 8192}
{"mock_phase": "read_complete", "rank": 6, "ret": 0, "bytes": 8192}
{"mock_phase": "before_read", "rank": 6, "copies": 64, "bytes": 8192}
{"mock_phase": "read_complete", "rank": 6, "ret": 0, "bytes": 8192}
{"mock_phase": "before_read", "rank": 6, "copies": 64, "bytes": 8388608}
{"mock_phase": "read_complete", "rank": 6, "ret": 0, "bytes": 8388608}
{"mock_phase": "before_read", "rank": 6, "copies": 64, "bytes": 8388608}
{"mock_phase": "read_complete", "rank": 6, "ret": 0, "bytes": 8388608}
{"mock_phase": "before_read", "rank": 6, "copies": 64, "bytes": 1048576}
{"mock_phase": "read_complete", "rank": 6, "ret": 0, "bytes": 1048576}
{"mock_phase": "before_read", "rank": 6, "copies": 64, "bytes": 1048576}
{"mock_phase": "read_complete", "rank": 6, "ret": 0, "bytes": 1048576}
{"mock_phase": "before_read", "rank": 6, "copies": 64, "bytes": 16384}
{"mock_phase": "read_complete", "rank": 6, "ret": 0, "bytes": 16384}
{"mock_phase": "before_read", "rank": 6, "copies": 64, "bytes": 16384}
{"mock_phase": "read_complete", "rank": 6, "ret": 0, "bytes": 16384}
{"mock_phase": "before_read", "rank": 6, "copies": 43, "bytes": 5636096}
{"mock_phase": "read_complete", "rank": 6, "ret": 0, "bytes": 5636096}
{"mock_phase": "planned", "request_id": "cmpl-a5428346f58d73d6-0-8e09d86b", "rank": 7, "pages": 1579, "bytes": 52903936}
{"mock_phase": "before_read", "rank": 7, "copies": 64, "bytes": 4194304}
{"mock_phase": "read_complete", "rank": 7, "ret": 0, "bytes": 4194304}
{"mock_phase": "before_read", "rank": 7, "copies": 64, "bytes": 4194304}
{"mock_phase": "read_complete", "rank": 7, "ret": 0, "bytes": 4194304}
{"mock_phase": "before_read", "rank": 7, "copies": 64, "bytes": 524288}
{"mock_phase": "read_complete", "rank": 7, "ret": 0, "bytes": 524288}
{"mock_phase": "before_read", "rank": 7, "copies": 64, "bytes": 524288}
{"mock_phase": "read_complete", "rank": 7, "ret": 0, "bytes": 524288}
{"mock_phase": "before_read", "rank": 7, "copies": 64, "bytes": 8192}
{"mock_phase": "read_complete", "rank": 7, "ret": 0, "bytes": 8192}
{"mock_phase": "before_read", "rank": 7, "copies": 64, "bytes": 8192}
{"mock_phase": "read_complete", "rank": 7, "ret": 0, "bytes": 8192}
{"mock_phase": "before_read", "rank": 7, "copies": 64, "bytes": 4194304}
{"mock_phase": "read_complete", "rank": 7, "ret": 0, "bytes": 4194304}
{"mock_phase": "before_read", "rank": 7, "copies": 64, "bytes": 4194304}
{"mock_phase": "read_complete", "rank": 7, "ret": 0, "bytes": 4194304}
{"mock_phase": "before_read", "rank": 7, "copies": 64, "bytes": 524288}
{"mock_phase": "read_complete", "rank": 7, "ret": 0, "bytes": 524288}
{"mock_phase": "before_read", "rank": 7, "copies": 64, "bytes": 524288}
{"mock_phase": "read_complete", "rank": 7, "ret": 0, "bytes": 524288}
{"mock_phase": "before_read", "rank": 7, "copies": 64, "bytes": 8192}
{"mock_phase": "read_complete", "rank": 7, "ret": 0, "bytes": 8192}
{"mock_phase": "before_read", "rank": 7, "copies": 64, "bytes": 8192}
{"mock_phase": "read_complete", "rank": 7, "ret": 0, "bytes": 8192}
{"mock_phase": "before_read", "rank": 7, "copies": 64, "bytes": 4194304}
{"mock_phase": "read_complete", "rank": 7, "ret": 0, "bytes": 4194304}
{"mock_phase": "before_read", "rank": 7, "copies": 64, "bytes": 4194304}
{"mock_phase": "read_complete", "rank": 7, "ret": 0, "bytes": 4194304}
{"mock_phase": "before_read", "rank": 7, "copies": 64, "bytes": 524288}
{"mock_phase": "read_complete", "rank": 7, "ret": 0, "bytes": 524288}
{"mock_phase": "before_read", "rank": 7, "copies": 64, "bytes": 524288}
{"mock_phase": "read_complete", "rank": 7, "ret": 0, "bytes": 524288}
{"mock_phase": "before_read", "rank": 7, "copies": 64, "bytes": 8192}
{"mock_phase": "read_complete", "rank": 7, "ret": 0, "bytes": 8192}
{"mock_phase": "before_read", "rank": 7, "copies": 64, "bytes": 8192}
{"mock_phase": "read_complete", "rank": 7, "ret": 0, "bytes": 8192}
{"mock_phase": "before_read", "rank": 7, "copies": 64, "bytes": 8388608}
{"mock_phase": "read_complete", "rank": 7, "ret": 0, "bytes": 8388608}
{"mock_phase": "before_read", "rank": 7, "copies": 64, "bytes": 8388608}
{"mock_phase": "read_complete", "rank": 7, "ret": 0, "bytes": 8388608}
{"mock_phase": "before_read", "rank": 7, "copies": 64, "bytes": 1048576}
{"mock_phase": "read_complete", "rank": 7, "ret": 0, "bytes": 1048576}
{"mock_phase": "before_read", "rank": 7, "copies": 64, "bytes": 1048576}
{"mock_phase": "read_complete", "rank": 7, "ret": 0, "bytes": 1048576}
{"mock_phase": "before_read", "rank": 7, "copies": 64, "bytes": 16384}
{"mock_phase": "read_complete", "rank": 7, "ret": 0, "bytes": 16384}
{"mock_phase": "before_read", "rank": 7, "copies": 64, "bytes": 16384}
{"mock_phase": "read_complete", "rank": 7, "ret": 0, "bytes": 16384}
{"mock_phase": "before_read", "rank": 7, "copies": 43, "bytes": 5636096}
{"mock_phase": "read_complete", "rank": 7, "ret": 0, "bytes": 5636096}
{"ok": true, "request_id": "cmpl-a5428346f58d73d6-0-8e09d86b", "ranks": [{"rank": 0, "bytes": 52903936, "read_s": 0.01328186970204115, "hash_s": 0.07132929097861052, "nonzero_groups": [0, 1, 2, 3, 4, 5, 6]}, {"rank": 1, "bytes": 52903936, "read_s": 0.012509291525930166, "hash_s": 0.07025540107861161, "nonzero_groups": [0, 1, 2, 3, 4, 5, 6]}, {"rank": 2, "bytes": 52903936, "read_s": 0.01223096065223217, "hash_s": 0.06962989084422588, "nonzero_groups": [0, 1, 2, 3, 4, 5, 6]}, {"rank": 3, "bytes": 52903936, "read_s": 0.012085119727998972, "hash_s": 0.07021106081083417, "nonzero_groups": [0, 1, 2, 3, 4, 5, 6]}, {"rank": 4, "bytes": 52903936, "read_s": 0.012113310396671295, "hash_s": 0.06976276030763984, "nonzero_groups": [0, 1, 2, 3, 4, 5, 6]}, {"rank": 5, "bytes": 52903936, "read_s": 0.012275569140911102, "hash_s": 0.07018421916291118, "nonzero_groups": [0, 1, 2, 3, 4, 5, 6]}, {"rank": 6, "bytes": 52903936, "read_s": 0.012225649319589138, "hash_s": 0.07012569857761264, "nonzero_groups": [0, 1, 2, 3, 4, 5, 6]}, {"rank": 7, "bytes": 52903936, "read_s": 0.0120672807097435, "hash_s": 0.06978075811639428, "nonzero_groups": [0, 1, 2, 3, 4, 5, 6]}], "bytes": 423231488, "consume_s": 0.7069717599079013, "ack_s": 0.002150840125977993, "total_s": 0.7091227900236845, "hold_ms": 0}
127.0.0.1 - - [09/Oct/2026 07:22:29] "POST /consume HTTP/1.1" 200 -
{"mock_phase": "planned", "request_id": "cmpl-84f53740f030a797-0-a9bb661f", "rank": 0, "pages": 1579, "bytes": 52903936}
{"mock_phase": "before_read", "rank": 0, "copies": 64, "bytes": 4194304}
{"mock_phase": "read_complete", "rank": 0, "ret": 0, "bytes": 4194304}
{"mock_phase": "before_read", "rank": 0, "copies": 64, "bytes": 4194304}
{"mock_phase": "read_complete", "rank": 0, "ret": 0, "bytes": 4194304}
{"mock_phase": "before_read", "rank": 0, "copies": 64, "bytes": 524288}
{"mock_phase": "read_complete", "rank": 0, "ret": 0, "bytes": 524288}
{"mock_phase": "before_read", "rank": 0, "copies": 64, "bytes": 524288}
{"mock_phase": "read_complete", "rank": 0, "ret": 0, "bytes": 524288}
{"mock_phase": "before_read", "rank": 0, "copies": 64, "bytes": 8192}
{"mock_phase": "read_complete", "rank": 0, "ret": 0, "bytes": 8192}
{"mock_phase": "before_read", "rank": 0, "copies": 64, "bytes": 8192}
{"mock_phase": "read_complete", "rank": 0, "ret": 0, "bytes": 8192}
{"mock_phase": "before_read", "rank": 0, "copies": 64, "bytes": 4194304}
{"mock_phase": "read_complete", "rank": 0, "ret": 0, "bytes": 4194304}
{"mock_phase": "before_read", "rank": 0, "copies": 64, "bytes": 4194304}
{"mock_phase": "read_complete", "rank": 0, "ret": 0, "bytes": 4194304}
{"mock_phase": "before_read", "rank": 0, "copies": 64, "bytes": 524288}
{"mock_phase": "read_complete", "rank": 0, "ret": 0, "bytes": 524288}
{"mock_phase": "before_read", "rank": 0, "copies": 64, "bytes": 524288}
{"mock_phase": "read_complete", "rank": 0, "ret": 0, "bytes": 524288}
{"mock_phase": "before_read", "rank": 0, "copies": 64, "bytes": 8192}
{"mock_phase": "read_complete", "rank": 0, "ret": 0, "bytes": 8192}
{"mock_phase": "before_read", "rank": 0, "copies": 64, "bytes": 8192}
{"mock_phase": "read_complete", "rank": 0, "ret": 0, "bytes": 8192}
{"mock_phase": "before_read", "rank": 0, "copies": 64, "bytes": 4194304}
{"mock_phase": "read_complete", "rank": 0, "ret": 0, "bytes": 4194304}
{"mock_phase": "before_read", "rank": 0, "copies": 64, "bytes": 4194304}
{"mock_phase": "read_complete", "rank": 0, "ret": 0, "bytes": 4194304}
{"mock_phase": "before_read", "rank": 0, "copies": 64, "bytes": 524288}
{"mock_phase": "read_complete", "rank": 0, "ret": 0, "bytes": 524288}
{"mock_phase": "before_read", "rank": 0, "copies": 64, "bytes": 524288}
{"mock_phase": "read_complete", "rank": 0, "ret": 0, "bytes": 524288}
{"mock_phase": "before_read", "rank": 0, "copies": 64, "bytes": 8192}
{"mock_phase": "read_complete", "rank": 0, "ret": 0, "bytes": 8192}
{"mock_phase": "before_read", "rank": 0, "copies": 64, "bytes": 8192}
{"mock_phase": "read_complete", "rank": 0, "ret": 0, "bytes": 8192}
{"mock_phase": "before_read", "rank": 0, "copies": 64, "bytes": 8388608}
{"mock_phase": "read_complete", "rank": 0, "ret": 0, "bytes": 8388608}
{"mock_phase": "before_read", "rank": 0, "copies": 64, "bytes": 8388608}
{"mock_phase": "read_complete", "rank": 0, "ret": 0, "bytes": 8388608}
{"mock_phase": "before_read", "rank": 0, "copies": 64, "bytes": 1048576}
{"mock_phase": "read_complete", "rank": 0, "ret": 0, "bytes": 1048576}
{"mock_phase": "before_read", "rank": 0, "copies": 64, "bytes": 1048576}
{"mock_phase": "read_complete", "rank": 0, "ret": 0, "bytes": 1048576}
{"mock_phase": "before_read", "rank": 0, "copies": 64, "bytes": 16384}
{"mock_phase": "read_complete", "rank": 0, "ret": 0, "bytes": 16384}
{"mock_phase": "before_read", "rank": 0, "copies": 64, "bytes": 16384}
{"mock_phase": "read_complete", "rank": 0, "ret": 0, "bytes": 16384}
{"mock_phase": "before_read", "rank": 0, "copies": 43, "bytes": 5636096}
{"mock_phase": "read_complete", "rank": 0, "ret": 0, "bytes": 5636096}
{"mock_phase": "planned", "request_id": "cmpl-84f53740f030a797-0-a9bb661f", "rank": 1, "pages": 1579, "bytes": 52903936}
{"mock_phase": "before_read", "rank": 1, "copies": 64, "bytes": 4194304}
{"mock_phase": "read_complete", "rank": 1, "ret": 0, "bytes": 4194304}
{"mock_phase": "before_read", "rank": 1, "copies": 64, "bytes": 4194304}
{"mock_phase": "read_complete", "rank": 1, "ret": 0, "bytes": 4194304}
{"mock_phase": "before_read", "rank": 1, "copies": 64, "bytes": 524288}
{"mock_phase": "read_complete", "rank": 1, "ret": 0, "bytes": 524288}
{"mock_phase": "before_read", "rank": 1, "copies": 64, "bytes": 524288}
{"mock_phase": "read_complete", "rank": 1, "ret": 0, "bytes": 524288}
{"mock_phase": "before_read", "rank": 1, "copies": 64, "bytes": 8192}
{"mock_phase": "read_complete", "rank": 1, "ret": 0, "bytes": 8192}
{"mock_phase": "before_read", "rank": 1, "copies": 64, "bytes": 8192}
{"mock_phase": "read_complete", "rank": 1, "ret": 0, "bytes": 8192}
{"mock_phase": "before_read", "rank": 1, "copies": 64, "bytes": 4194304}
{"mock_phase": "read_complete", "rank": 1, "ret": 0, "bytes": 4194304}
{"mock_phase": "before_read", "rank": 1, "copies": 64, "bytes": 4194304}
{"mock_phase": "read_complete", "rank": 1, "ret": 0, "bytes": 4194304}
{"mock_phase": "before_read", "rank": 1, "copies": 64, "bytes": 524288}
{"mock_phase": "read_complete", "rank": 1, "ret": 0, "bytes": 524288}
{"mock_phase": "before_read", "rank": 1, "copies": 64, "bytes": 524288}
{"mock_phase": "read_complete", "rank": 1, "ret": 0, "bytes": 524288}
{"mock_phase": "before_read", "rank": 1, "copies": 64, "bytes": 8192}
{"mock_phase": "read_complete", "rank": 1, "ret": 0, "bytes": 8192}
{"mock_phase": "before_read", "rank": 1, "copies": 64, "bytes": 8192}
{"mock_phase": "read_complete", "rank": 1, "ret": 0, "bytes": 8192}
{"mock_phase": "before_read", "rank": 1, "copies": 64, "bytes": 4194304}
{"mock_phase": "read_complete", "rank": 1, "ret": 0, "bytes": 4194304}
{"mock_phase": "before_read", "rank": 1, "copies": 64, "bytes": 4194304}
{"mock_phase": "read_complete", "rank": 1, "ret": 0, "bytes": 4194304}
{"mock_phase": "before_read", "rank": 1, "copies": 64, "bytes": 524288}
{"mock_phase": "read_complete", "rank": 1, "ret": 0, "bytes": 524288}
{"mock_phase": "before_read", "rank": 1, "copies": 64, "bytes": 524288}
{"mock_phase": "read_complete", "rank": 1, "ret": 0, "bytes": 524288}
{"mock_phase": "before_read", "rank": 1, "copies": 64, "bytes": 8192}
{"mock_phase": "read_complete", "rank": 1, "ret": 0, "bytes": 8192}
{"mock_phase": "before_read", "rank": 1, "copies": 64, "bytes": 8192}
{"mock_phase": "read_complete", "rank": 1, "ret": 0, "bytes": 8192}
{"mock_phase": "before_read", "rank": 1, "copies": 64, "bytes": 8388608}
{"mock_phase": "read_complete", "rank": 1, "ret": 0, "bytes": 8388608}
{"mock_phase": "before_read", "rank": 1, "copies": 64, "bytes": 8388608}
{"mock_phase": "read_complete", "rank": 1, "ret": 0, "bytes": 8388608}
{"mock_phase": "before_read", "rank": 1, "copies": 64, "bytes": 1048576}
{"mock_phase": "read_complete", "rank": 1, "ret": 0, "bytes": 1048576}
{"mock_phase": "before_read", "rank": 1, "copies": 64, "bytes": 1048576}
{"mock_phase": "read_complete", "rank": 1, "ret": 0, "bytes": 1048576}
{"mock_phase": "before_read", "rank": 1, "copies": 64, "bytes": 16384}
{"mock_phase": "read_complete", "rank": 1, "ret": 0, "bytes": 16384}
{"mock_phase": "before_read", "rank": 1, "copies": 64, "bytes": 16384}
{"mock_phase": "read_complete", "rank": 1, "ret": 0, "bytes": 16384}
{"mock_phase": "before_read", "rank": 1, "copies": 43, "bytes": 5636096}
{"mock_phase": "read_complete", "rank": 1, "ret": 0, "bytes": 5636096}
{"mock_phase": "planned", "request_id": "cmpl-84f53740f030a797-0-a9bb661f", "rank": 2, "pages": 1579, "bytes": 52903936}
{"mock_phase": "before_read", "rank": 2, "copies": 64, "bytes": 4194304}
{"mock_phase": "read_complete", "rank": 2, "ret": 0, "bytes": 4194304}
{"mock_phase": "before_read", "rank": 2, "copies": 64, "bytes": 4194304}
{"mock_phase": "read_complete", "rank": 2, "ret": 0, "bytes": 4194304}
{"mock_phase": "before_read", "rank": 2, "copies": 64, "bytes": 524288}
{"mock_phase": "read_complete", "rank": 2, "ret": 0, "bytes": 524288}
{"mock_phase": "before_read", "rank": 2, "copies": 64, "bytes": 524288}
{"mock_phase": "read_complete", "rank": 2, "ret": 0, "bytes": 524288}
{"mock_phase": "before_read", "rank": 2, "copies": 64, "bytes": 8192}
{"mock_phase": "read_complete", "rank": 2, "ret": 0, "bytes": 8192}
{"mock_phase": "before_read", "rank": 2, "copies": 64, "bytes": 8192}
{"mock_phase": "read_complete", "rank": 2, "ret": 0, "bytes": 8192}
{"mock_phase": "before_read", "rank": 2, "copies": 64, "bytes": 4194304}
{"mock_phase": "read_complete", "rank": 2, "ret": 0, "bytes": 4194304}
{"mock_phase": "before_read", "rank": 2, "copies": 64, "bytes": 4194304}
{"mock_phase": "read_complete", "rank": 2, "ret": 0, "bytes": 4194304}
{"mock_phase": "before_read", "rank": 2, "copies": 64, "bytes": 524288}
{"mock_phase": "read_complete", "rank": 2, "ret": 0, "bytes": 524288}
{"mock_phase": "before_read", "rank": 2, "copies": 64, "bytes": 524288}
{"mock_phase": "read_complete", "rank": 2, "ret": 0, "bytes": 524288}
{"mock_phase": "before_read", "rank": 2, "copies": 64, "bytes": 8192}
{"mock_phase": "read_complete", "rank": 2, "ret": 0, "bytes": 8192}
{"mock_phase": "before_read", "rank": 2, "copies": 64, "bytes": 8192}
{"mock_phase": "read_complete", "rank": 2, "ret": 0, "bytes": 8192}
{"mock_phase": "before_read", "rank": 2, "copies": 64, "bytes": 4194304}
{"mock_phase": "read_complete", "rank": 2, "ret": 0, "bytes": 4194304}
{"mock_phase": "before_read", "rank": 2, "copies": 64, "bytes": 4194304}
{"mock_phase": "read_complete", "rank": 2, "ret": 0, "bytes": 4194304}
{"mock_phase": "before_read", "rank": 2, "copies": 64, "bytes": 524288}
{"mock_phase": "read_complete", "rank": 2, "ret": 0, "bytes": 524288}
{"mock_phase": "before_read", "rank": 2, "copies": 64, "bytes": 524288}
{"mock_phase": "read_complete", "rank": 2, "ret": 0, "bytes": 524288}
{"mock_phase": "before_read", "rank": 2, "copies": 64, "bytes": 8192}
{"mock_phase": "read_complete", "rank": 2, "ret": 0, "bytes": 8192}
{"mock_phase": "before_read", "rank": 2, "copies": 64, "bytes": 8192}
{"mock_phase": "read_complete", "rank": 2, "ret": 0, "bytes": 8192}
{"mock_phase": "before_read", "rank": 2, "copies": 64, "bytes": 8388608}
{"mock_phase": "read_complete", "rank": 2, "ret": 0, "bytes": 8388608}
{"mock_phase": "before_read", "rank": 2, "copies": 64, "bytes": 8388608}
{"mock_phase": "read_complete", "rank": 2, "ret": 0, "bytes": 8388608}
{"mock_phase": "before_read", "rank": 2, "copies": 64, "bytes": 1048576}
{"mock_phase": "read_complete", "rank": 2, "ret": 0, "bytes": 1048576}
{"mock_phase": "before_read", "rank": 2, "copies": 64, "bytes": 1048576}
{"mock_phase": "read_complete", "rank": 2, "ret": 0, "bytes": 1048576}
{"mock_phase": "before_read", "rank": 2, "copies": 64, "bytes": 16384}
{"mock_phase": "read_complete", "rank": 2, "ret": 0, "bytes": 16384}
{"mock_phase": "before_read", "rank": 2, "copies": 64, "bytes": 16384}
{"mock_phase": "read_complete", "rank": 2, "ret": 0, "bytes": 16384}
{"mock_phase": "before_read", "rank": 2, "copies": 43, "bytes": 5636096}
{"mock_phase": "read_complete", "rank": 2, "ret": 0, "bytes": 5636096}
{"mock_phase": "planned", "request_id": "cmpl-84f53740f030a797-0-a9bb661f", "rank": 3, "pages": 1579, "bytes": 52903936}
{"mock_phase": "before_read", "rank": 3, "copies": 64, "bytes": 4194304}
{"mock_phase": "read_complete", "rank": 3, "ret": 0, "bytes": 4194304}
{"mock_phase": "before_read", "rank": 3, "copies": 64, "bytes": 4194304}
{"mock_phase": "read_complete", "rank": 3, "ret": 0, "bytes": 4194304}
{"mock_phase": "before_read", "rank": 3, "copies": 64, "bytes": 524288}
{"mock_phase": "read_complete", "rank": 3, "ret": 0, "bytes": 524288}
{"mock_phase": "before_read", "rank": 3, "copies": 64, "bytes": 524288}
{"mock_phase": "read_complete", "rank": 3, "ret": 0, "bytes": 524288}
{"mock_phase": "before_read", "rank": 3, "copies": 64, "bytes": 8192}
{"mock_phase": "read_complete", "rank": 3, "ret": 0, "bytes": 8192}
{"mock_phase": "before_read", "rank": 3, "copies": 64, "bytes": 8192}
{"mock_phase": "read_complete", "rank": 3, "ret": 0, "bytes": 8192}
{"mock_phase": "before_read", "rank": 3, "copies": 64, "bytes": 4194304}
{"mock_phase": "read_complete", "rank": 3, "ret": 0, "bytes": 4194304}
{"mock_phase": "before_read", "rank": 3, "copies": 64, "bytes": 4194304}
{"mock_phase": "read_complete", "rank": 3, "ret": 0, "bytes": 4194304}
{"mock_phase": "before_read", "rank": 3, "copies": 64, "bytes": 524288}
{"mock_phase": "read_complete", "rank": 3, "ret": 0, "bytes": 524288}
{"mock_phase": "before_read", "rank": 3, "copies": 64, "bytes": 524288}
{"mock_phase": "read_complete", "rank": 3, "ret": 0, "bytes": 524288}
{"mock_phase": "before_read", "rank": 3, "copies": 64, "bytes": 8192}
{"mock_phase": "read_complete", "rank": 3, "ret": 0, "bytes": 8192}
{"mock_phase": "before_read", "rank": 3, "copies": 64, "bytes": 8192}
{"mock_phase": "read_complete", "rank": 3, "ret": 0, "bytes": 8192}
{"mock_phase": "before_read", "rank": 3, "copies": 64, "bytes": 4194304}
{"mock_phase": "read_complete", "rank": 3, "ret": 0, "bytes": 4194304}
{"mock_phase": "before_read", "rank": 3, "copies": 64, "bytes": 4194304}
{"mock_phase": "read_complete", "rank": 3, "ret": 0, "bytes": 4194304}
{"mock_phase": "before_read", "rank": 3, "copies": 64, "bytes": 524288}
{"mock_phase": "read_complete", "rank": 3, "ret": 0, "bytes": 524288}
{"mock_phase": "before_read", "rank": 3, "copies": 64, "bytes": 524288}
{"mock_phase": "read_complete", "rank": 3, "ret": 0, "bytes": 524288}
{"mock_phase": "before_read", "rank": 3, "copies": 64, "bytes": 8192}
{"mock_phase": "read_complete", "rank": 3, "ret": 0, "bytes": 8192}
{"mock_phase": "before_read", "rank": 3, "copies": 64, "bytes": 8192}
{"mock_phase": "read_complete", "rank": 3, "ret": 0, "bytes": 8192}
{"mock_phase": "before_read", "rank": 3, "copies": 64, "bytes": 8388608}
{"mock_phase": "read_complete", "rank": 3, "ret": 0, "bytes": 8388608}
{"mock_phase": "before_read", "rank": 3, "copies": 64, "bytes": 8388608}
{"mock_phase": "read_complete", "rank": 3, "ret": 0, "bytes": 8388608}
{"mock_phase": "before_read", "rank": 3, "copies": 64, "bytes": 1048576}
{"mock_phase": "read_complete", "rank": 3, "ret": 0, "bytes": 1048576}
{"mock_phase": "before_read", "rank": 3, "copies": 64, "bytes": 1048576}
{"mock_phase": "read_complete", "rank": 3, "ret": 0, "bytes": 1048576}
{"mock_phase": "before_read", "rank": 3, "copies": 64, "bytes": 16384}
{"mock_phase": "read_complete", "rank": 3, "ret": 0, "bytes": 16384}
{"mock_phase": "before_read", "rank": 3, "copies": 64, "bytes": 16384}
{"mock_phase": "read_complete", "rank": 3, "ret": 0, "bytes": 16384}
{"mock_phase": "before_read", "rank": 3, "copies": 43, "bytes": 5636096}
{"mock_phase": "read_complete", "rank": 3, "ret": 0, "bytes": 5636096}
{"mock_phase": "planned", "request_id": "cmpl-84f53740f030a797-0-a9bb661f", "rank": 4, "pages": 1579, "bytes": 52903936}
{"mock_phase": "before_read", "rank": 4, "copies": 64, "bytes": 4194304}
{"mock_phase": "read_complete", "rank": 4, "ret": 0, "bytes": 4194304}
{"mock_phase": "before_read", "rank": 4, "copies": 64, "bytes": 4194304}
{"mock_phase": "read_complete", "rank": 4, "ret": 0, "bytes": 4194304}
{"mock_phase": "before_read", "rank": 4, "copies": 64, "bytes": 524288}
{"mock_phase": "read_complete", "rank": 4, "ret": 0, "bytes": 524288}
{"mock_phase": "before_read", "rank": 4, "copies": 64, "bytes": 524288}
{"mock_phase": "read_complete", "rank": 4, "ret": 0, "bytes": 524288}
{"mock_phase": "before_read", "rank": 4, "copies": 64, "bytes": 8192}
{"mock_phase": "read_complete", "rank": 4, "ret": 0, "bytes": 8192}
{"mock_phase": "before_read", "rank": 4, "copies": 64, "bytes": 8192}
{"mock_phase": "read_complete", "rank": 4, "ret": 0, "bytes": 8192}
{"mock_phase": "before_read", "rank": 4, "copies": 64, "bytes": 4194304}
{"mock_phase": "read_complete", "rank": 4, "ret": 0, "bytes": 4194304}
{"mock_phase": "before_read", "rank": 4, "copies": 64, "bytes": 4194304}
{"mock_phase": "read_complete", "rank": 4, "ret": 0, "bytes": 4194304}
{"mock_phase": "before_read", "rank": 4, "copies": 64, "bytes": 524288}
{"mock_phase": "read_complete", "rank": 4, "ret": 0, "bytes": 524288}
{"mock_phase": "before_read", "rank": 4, "copies": 64, "bytes": 524288}
{"mock_phase": "read_complete", "rank": 4, "ret": 0, "bytes": 524288}
{"mock_phase": "before_read", "rank": 4, "copies": 64, "bytes": 8192}
{"mock_phase": "read_complete", "rank": 4, "ret": 0, "bytes": 8192}
{"mock_phase": "before_read", "rank": 4, "copies": 64, "bytes": 8192}
{"mock_phase": "read_complete", "rank": 4, "ret": 0, "bytes": 8192}
{"mock_phase": "before_read", "rank": 4, "copies": 64, "bytes": 4194304}
{"mock_phase": "read_complete", "rank": 4, "ret": 0, "bytes": 4194304}
{"mock_phase": "before_read", "rank": 4, "copies": 64, "bytes": 4194304}
{"mock_phase": "read_complete", "rank": 4, "ret": 0, "bytes": 4194304}
{"mock_phase": "before_read", "rank": 4, "copies": 64, "bytes": 524288}
{"mock_phase": "read_complete", "rank": 4, "ret": 0, "bytes": 524288}
{"mock_phase": "before_read", "rank": 4, "copies": 64, "bytes": 524288}
{"mock_phase": "read_complete", "rank": 4, "ret": 0, "bytes": 524288}
{"mock_phase": "before_read", "rank": 4, "copies": 64, "bytes": 8192}
{"mock_phase": "read_complete", "rank": 4, "ret": 0, "bytes": 8192}
{"mock_phase": "before_read", "rank": 4, "copies": 64, "bytes": 8192}
{"mock_phase": "read_complete", "rank": 4, "ret": 0, "bytes": 8192}
{"mock_phase": "before_read", "rank": 4, "copies": 64, "bytes": 8388608}
{"mock_phase": "read_complete", "rank": 4, "ret": 0, "bytes": 8388608}
{"mock_phase": "before_read", "rank": 4, "copies": 64, "bytes": 8388608}
{"mock_phase": "read_complete", "rank": 4, "ret": 0, "bytes": 8388608}
{"mock_phase": "before_read", "rank": 4, "copies": 64, "bytes": 1048576}
{"mock_phase": "read_complete", "rank": 4, "ret": 0, "bytes": 1048576}
{"mock_phase": "before_read", "rank": 4, "copies": 64, "bytes": 1048576}
{"mock_phase": "read_complete", "rank": 4, "ret": 0, "bytes": 1048576}
{"mock_phase": "before_read", "rank": 4, "copies": 64, "bytes": 16384}
{"mock_phase": "read_complete", "rank": 4, "ret": 0, "bytes": 16384}
{"mock_phase": "before_read", "rank": 4, "copies": 64, "bytes": 16384}
{"mock_phase": "read_complete", "rank": 4, "ret": 0, "bytes": 16384}
{"mock_phase": "before_read", "rank": 4, "copies": 43, "bytes": 5636096}
{"mock_phase": "read_complete", "rank": 4, "ret": 0, "bytes": 5636096}
{"mock_phase": "planned", "request_id": "cmpl-84f53740f030a797-0-a9bb661f", "rank": 5, "pages": 1579, "bytes": 52903936}
{"mock_phase": "before_read", "rank": 5, "copies": 64, "bytes": 4194304}
{"mock_phase": "read_complete", "rank": 5, "ret": 0, "bytes": 4194304}
{"mock_phase": "before_read", "rank": 5, "copies": 64, "bytes": 4194304}
{"mock_phase": "read_complete", "rank": 5, "ret": 0, "bytes": 4194304}
{"mock_phase": "before_read", "rank": 5, "copies": 64, "bytes": 524288}
{"mock_phase": "read_complete", "rank": 5, "ret": 0, "bytes": 524288}
{"mock_phase": "before_read", "rank": 5, "copies": 64, "bytes": 524288}
{"mock_phase": "read_complete", "rank": 5, "ret": 0, "bytes": 524288}
{"mock_phase": "before_read", "rank": 5, "copies": 64, "bytes": 8192}
{"mock_phase": "read_complete", "rank": 5, "ret": 0, "bytes": 8192}
{"mock_phase": "before_read", "rank": 5, "copies": 64, "bytes": 8192}
{"mock_phase": "read_complete", "rank": 5, "ret": 0, "bytes": 8192}
{"mock_phase": "before_read", "rank": 5, "copies": 64, "bytes": 4194304}
{"mock_phase": "read_complete", "rank": 5, "ret": 0, "bytes": 4194304}
{"mock_phase": "before_read", "rank": 5, "copies": 64, "bytes": 4194304}
{"mock_phase": "read_complete", "rank": 5, "ret": 0, "bytes": 4194304}
{"mock_phase": "before_read", "rank": 5, "copies": 64, "bytes": 524288}
{"mock_phase": "read_complete", "rank": 5, "ret": 0, "bytes": 524288}
{"mock_phase": "before_read", "rank": 5, "copies": 64, "bytes": 524288}
{"mock_phase": "read_complete", "rank": 5, "ret": 0, "bytes": 524288}
{"mock_phase": "before_read", "rank": 5, "copies": 64, "bytes": 8192}
{"mock_phase": "read_complete", "rank": 5, "ret": 0, "bytes": 8192}
{"mock_phase": "before_read", "rank": 5, "copies": 64, "bytes": 8192}
{"mock_phase": "read_complete", "rank": 5, "ret": 0, "bytes": 8192}
{"mock_phase": "before_read", "rank": 5, "copies": 64, "bytes": 4194304}
{"mock_phase": "read_complete", "rank": 5, "ret": 0, "bytes": 4194304}
{"mock_phase": "before_read", "rank": 5, "copies": 64, "bytes": 4194304}
{"mock_phase": "read_complete", "rank": 5, "ret": 0, "bytes": 4194304}
{"mock_phase": "before_read", "rank": 5, "copies": 64, "bytes": 524288}
{"mock_phase": "read_complete", "rank": 5, "ret": 0, "bytes": 524288}
{"mock_phase": "before_read", "rank": 5, "copies": 64, "bytes": 524288}
{"mock_phase": "read_complete", "rank": 5, "ret": 0, "bytes": 524288}
{"mock_phase": "before_read", "rank": 5, "copies": 64, "bytes": 8192}
{"mock_phase": "read_complete", "rank": 5, "ret": 0, "bytes": 8192}
{"mock_phase": "before_read", "rank": 5, "copies": 64, "bytes": 8192}
{"mock_phase": "read_complete", "rank": 5, "ret": 0, "bytes": 8192}
{"mock_phase": "before_read", "rank": 5, "copies": 64, "bytes": 8388608}
{"mock_phase": "read_complete", "rank": 5, "ret": 0, "bytes": 8388608}
{"mock_phase": "before_read", "rank": 5, "copies": 64, "bytes": 8388608}
{"mock_phase": "read_complete", "rank": 5, "ret": 0, "bytes": 8388608}
{"mock_phase": "before_read", "rank": 5, "copies": 64, "bytes": 1048576}
{"mock_phase": "read_complete", "rank": 5, "ret": 0, "bytes": 1048576}
{"mock_phase": "before_read", "rank": 5, "copies": 64, "bytes": 1048576}
{"mock_phase": "read_complete", "rank": 5, "ret": 0, "bytes": 1048576}
{"mock_phase": "before_read", "rank": 5, "copies": 64, "bytes": 16384}
{"mock_phase": "read_complete", "rank": 5, "ret": 0, "bytes": 16384}
{"mock_phase": "before_read", "rank": 5, "copies": 64, "bytes": 16384}
{"mock_phase": "read_complete", "rank": 5, "ret": 0, "bytes": 16384}
{"mock_phase": "before_read", "rank": 5, "copies": 43, "bytes": 5636096}
{"mock_phase": "read_complete", "rank": 5, "ret": 0, "bytes": 5636096}
{"mock_phase": "planned", "request_id": "cmpl-84f53740f030a797-0-a9bb661f", "rank": 6, "pages": 1579, "bytes": 52903936}
{"mock_phase": "before_read", "rank": 6, "copies": 64, "bytes": 4194304}
{"mock_phase": "read_complete", "rank": 6, "ret": 0, "bytes": 4194304}
{"mock_phase": "before_read", "rank": 6, "copies": 64, "bytes": 4194304}
{"mock_phase": "read_complete", "rank": 6, "ret": 0, "bytes": 4194304}
{"mock_phase": "before_read", "rank": 6, "copies": 64, "bytes": 524288}
{"mock_phase": "read_complete", "rank": 6, "ret": 0, "bytes": 524288}
{"mock_phase": "before_read", "rank": 6, "copies": 64, "bytes": 524288}
{"mock_phase": "read_complete", "rank": 6, "ret": 0, "bytes": 524288}
{"mock_phase": "before_read", "rank": 6, "copies": 64, "bytes": 8192}
{"mock_phase": "read_complete", "rank": 6, "ret": 0, "bytes": 8192}
{"mock_phase": "before_read", "rank": 6, "copies": 64, "bytes": 8192}
{"mock_phase": "read_complete", "rank": 6, "ret": 0, "bytes": 8192}
{"mock_phase": "before_read", "rank": 6, "copies": 64, "bytes": 4194304}
{"mock_phase": "read_complete", "rank": 6, "ret": 0, "bytes": 4194304}
{"mock_phase": "before_read", "rank": 6, "copies": 64, "bytes": 4194304}
{"mock_phase": "read_complete", "rank": 6, "ret": 0, "bytes": 4194304}
{"mock_phase": "before_read", "rank": 6, "copies": 64, "bytes": 524288}
{"mock_phase": "read_complete", "rank": 6, "ret": 0, "bytes": 524288}
{"mock_phase": "before_read", "rank": 6, "copies": 64, "bytes": 524288}
{"mock_phase": "read_complete", "rank": 6, "ret": 0, "bytes": 524288}
{"mock_phase": "before_read", "rank": 6, "copies": 64, "bytes": 8192}
{"mock_phase": "read_complete", "rank": 6, "ret": 0, "bytes": 8192}
{"mock_phase": "before_read", "rank": 6, "copies": 64, "bytes": 8192}
{"mock_phase": "read_complete", "rank": 6, "ret": 0, "bytes": 8192}
{"mock_phase": "before_read", "rank": 6, "copies": 64, "bytes": 4194304}
{"mock_phase": "read_complete", "rank": 6, "ret": 0, "bytes": 4194304}
{"mock_phase": "before_read", "rank": 6, "copies": 64, "bytes": 4194304}
{"mock_phase": "read_complete", "rank": 6, "ret": 0, "bytes": 4194304}
{"mock_phase": "before_read", "rank": 6, "copies": 64, "bytes": 524288}
{"mock_phase": "read_complete", "rank": 6, "ret": 0, "bytes": 524288}
{"mock_phase": "before_read", "rank": 6, "copies": 64, "bytes": 524288}
{"mock_phase": "read_complete", "rank": 6, "ret": 0, "bytes": 524288}
{"mock_phase": "before_read", "rank": 6, "copies": 64, "bytes": 8192}
{"mock_phase": "read_complete", "rank": 6, "ret": 0, "bytes": 8192}
{"mock_phase": "before_read", "rank": 6, "copies": 64, "bytes": 8192}
{"mock_phase": "read_complete", "rank": 6, "ret": 0, "bytes": 8192}
{"mock_phase": "before_read", "rank": 6, "copies": 64, "bytes": 8388608}
{"mock_phase": "read_complete", "rank": 6, "ret": 0, "bytes": 8388608}
{"mock_phase": "before_read", "rank": 6, "copies": 64, "bytes": 8388608}
{"mock_phase": "read_complete", "rank": 6, "ret": 0, "bytes": 8388608}
{"mock_phase": "before_read", "rank": 6, "copies": 64, "bytes": 1048576}
{"mock_phase": "read_complete", "rank": 6, "ret": 0, "bytes": 1048576}
{"mock_phase": "before_read", "rank": 6, "copies": 64, "bytes": 1048576}
{"mock_phase": "read_complete", "rank": 6, "ret": 0, "bytes": 1048576}
{"mock_phase": "before_read", "rank": 6, "copies": 64, "bytes": 16384}
{"mock_phase": "read_complete", "rank": 6, "ret": 0, "bytes": 16384}
{"mock_phase": "before_read", "rank": 6, "copies": 64, "bytes": 16384}
{"mock_phase": "read_complete", "rank": 6, "ret": 0, "bytes": 16384}
{"mock_phase": "before_read", "rank": 6, "copies": 43, "bytes": 5636096}
{"mock_phase": "read_complete", "rank": 6, "ret": 0, "bytes": 5636096}
{"mock_phase": "planned", "request_id": "cmpl-84f53740f030a797-0-a9bb661f", "rank": 7, "pages": 1579, "bytes": 52903936}
{"mock_phase": "before_read", "rank": 7, "copies": 64, "bytes": 4194304}
{"mock_phase": "read_complete", "rank": 7, "ret": 0, "bytes": 4194304}
{"mock_phase": "before_read", "rank": 7, "copies": 64, "bytes": 4194304}
{"mock_phase": "read_complete", "rank": 7, "ret": 0, "bytes": 4194304}
{"mock_phase": "before_read", "rank": 7, "copies": 64, "bytes": 524288}
{"mock_phase": "read_complete", "rank": 7, "ret": 0, "bytes": 524288}
{"mock_phase": "before_read", "rank": 7, "copies": 64, "bytes": 524288}
{"mock_phase": "read_complete", "rank": 7, "ret": 0, "bytes": 524288}
{"mock_phase": "before_read", "rank": 7, "copies": 64, "bytes": 8192}
{"mock_phase": "read_complete", "rank": 7, "ret": 0, "bytes": 8192}
{"mock_phase": "before_read", "rank": 7, "copies": 64, "bytes": 8192}
{"mock_phase": "read_complete", "rank": 7, "ret": 0, "bytes": 8192}
{"mock_phase": "before_read", "rank": 7, "copies": 64, "bytes": 4194304}
{"mock_phase": "read_complete", "rank": 7, "ret": 0, "bytes": 4194304}
{"mock_phase": "before_read", "rank": 7, "copies": 64, "bytes": 4194304}
{"mock_phase": "read_complete", "rank": 7, "ret": 0, "bytes": 4194304}
{"mock_phase": "before_read", "rank": 7, "copies": 64, "bytes": 524288}
{"mock_phase": "read_complete", "rank": 7, "ret": 0, "bytes": 524288}
{"mock_phase": "before_read", "rank": 7, "copies": 64, "bytes": 524288}
{"mock_phase": "read_complete", "rank": 7, "ret": 0, "bytes": 524288}
{"mock_phase": "before_read", "rank": 7, "copies": 64, "bytes": 8192}
{"mock_phase": "read_complete", "rank": 7, "ret": 0, "bytes": 8192}
{"mock_phase": "before_read", "rank": 7, "copies": 64, "bytes": 8192}
{"mock_phase": "read_complete", "rank": 7, "ret": 0, "bytes": 8192}
{"mock_phase": "before_read", "rank": 7, "copies": 64, "bytes": 4194304}
{"mock_phase": "read_complete", "rank": 7, "ret": 0, "bytes": 4194304}
{"mock_phase": "before_read", "rank": 7, "copies": 64, "bytes": 4194304}
{"mock_phase": "read_complete", "rank": 7, "ret": 0, "bytes": 4194304}
{"mock_phase": "before_read", "rank": 7, "copies": 64, "bytes": 524288}
{"mock_phase": "read_complete", "rank": 7, "ret": 0, "bytes": 524288}
{"mock_phase": "before_read", "rank": 7, "copies": 64, "bytes": 524288}
{"mock_phase": "read_complete", "rank": 7, "ret": 0, "bytes": 524288}
{"mock_phase": "before_read", "rank": 7, "copies": 64, "bytes": 8192}
{"mock_phase": "read_complete", "rank": 7, "ret": 0, "bytes": 8192}
{"mock_phase": "before_read", "rank": 7, "copies": 64, "bytes": 8192}
{"mock_phase": "read_complete", "rank": 7, "ret": 0, "bytes": 8192}
{"mock_phase": "before_read", "rank": 7, "copies": 64, "bytes": 8388608}
{"mock_phase": "read_complete", "rank": 7, "ret": 0, "bytes": 8388608}
{"mock_phase": "before_read", "rank": 7, "copies": 64, "bytes": 8388608}
{"mock_phase": "read_complete", "rank": 7, "ret": 0, "bytes": 8388608}
{"mock_phase": "before_read", "rank": 7, "copies": 64, "bytes": 1048576}
{"mock_phase": "read_complete", "rank": 7, "ret": 0, "bytes": 1048576}
{"mock_phase": "before_read", "rank": 7, "copies": 64, "bytes": 1048576}
{"mock_phase": "read_complete", "rank": 7, "ret": 0, "bytes": 1048576}
{"mock_phase": "before_read", "rank": 7, "copies": 64, "bytes": 16384}
{"mock_phase": "read_complete", "rank": 7, "ret": 0, "bytes": 16384}
{"mock_phase": "before_read", "rank": 7, "copies": 64, "bytes": 16384}
{"mock_phase": "read_complete", "rank": 7, "ret": 0, "bytes": 16384}
{"mock_phase": "before_read", "rank": 7, "copies": 43, "bytes": 5636096}
{"mock_phase": "read_complete", "rank": 7, "ret": 0, "bytes": 5636096}
{"ok": true, "request_id": "cmpl-84f53740f030a797-0-a9bb661f", "ranks": [{"rank": 0, "bytes": 52903936, "read_s": 0.013027509674429893, "hash_s": 0.07045950135216117, "nonzero_groups": [0, 1, 2, 3, 4, 5, 6]}, {"rank": 1, "bytes": 52903936, "read_s": 0.01182350143790245, "hash_s": 0.07014804054051638, "nonzero_groups": [0, 1, 2, 3, 4, 5, 6]}, {"rank": 2, "bytes": 52903936, "read_s": 0.012095979880541563, "hash_s": 0.07022225111722946, "nonzero_groups": [0, 1, 2, 3, 4, 5, 6]}, {"rank": 3, "bytes": 52903936, "read_s": 0.011933400761336088, "hash_s": 0.07017130078747869, "nonzero_groups": [0, 1, 2, 3, 4, 5, 6]}, {"rank": 4, "bytes": 52903936, "read_s": 0.01219336036592722, "hash_s": 0.07038372103124857, "nonzero_groups": [0, 1, 2, 3, 4, 5, 6]}, {"rank": 5, "bytes": 52903936, "read_s": 0.0119296801276505, "hash_s": 0.07041022926568985, "nonzero_groups": [0, 1, 2, 3, 4, 5, 6]}, {"rank": 6, "bytes": 52903936, "read_s": 0.011729359161108732, "hash_s": 0.07023320952430367, "nonzero_groups": [0, 1, 2, 3, 4, 5, 6]}, {"rank": 7, "bytes": 52903936, "read_s": 0.01172592956572771, "hash_s": 0.07024073926731944, "nonzero_groups": [0, 1, 2, 3, 4, 5, 6]}], "bytes": 423231488, "consume_s": 0.704416919965297, "ack_s": 0.004946979694068432, "total_s": 0.7093640798702836, "hold_ms": 0}
127.0.0.1 - - [09/Oct/2026 07:22:31] "POST /consume HTTP/1.1" 200 -
{"mock_phase": "planned", "request_id": "cmpl-a432a5a8cbe7e687-0-bae78375", "rank": 0, "pages": 1579, "bytes": 52903936}
{"mock_phase": "before_read", "rank": 0, "copies": 64, "bytes": 4194304}
{"mock_phase": "read_complete", "rank": 0, "ret": 0, "bytes": 4194304}
{"mock_phase": "before_read", "rank": 0, "copies": 64, "bytes": 4194304}
{"mock_phase": "read_complete", "rank": 0, "ret": 0, "bytes": 4194304}
{"mock_phase": "before_read", "rank": 0, "copies": 64, "bytes": 524288}
{"mock_phase": "read_complete", "rank": 0, "ret": 0, "bytes": 524288}
{"mock_phase": "before_read", "rank": 0, "copies": 64, "bytes": 524288}
{"mock_phase": "read_complete", "rank": 0, "ret": 0, "bytes": 524288}
{"mock_phase": "before_read", "rank": 0, "copies": 64, "bytes": 8192}
{"mock_phase": "read_complete", "rank": 0, "ret": 0, "bytes": 8192}
{"mock_phase": "before_read", "rank": 0, "copies": 64, "bytes": 8192}
{"mock_phase": "read_complete", "rank": 0, "ret": 0, "bytes": 8192}
{"mock_phase": "before_read", "rank": 0, "copies": 64, "bytes": 4194304}
{"mock_phase": "read_complete", "rank": 0, "ret": 0, "bytes": 4194304}
{"mock_phase": "before_read", "rank": 0, "copies": 64, "bytes": 4194304}
{"mock_phase": "read_complete", "rank": 0, "ret": 0, "bytes": 4194304}
{"mock_phase": "before_read", "rank": 0, "copies": 64, "bytes": 524288}
{"mock_phase": "read_complete", "rank": 0, "ret": 0, "bytes": 524288}
{"mock_phase": "before_read", "rank": 0, "copies": 64, "bytes": 524288}
{"mock_phase": "read_complete", "rank": 0, "ret": 0, "bytes": 524288}
{"mock_phase": "before_read", "rank": 0, "copies": 64, "bytes": 8192}
{"mock_phase": "read_complete", "rank": 0, "ret": 0, "bytes": 8192}
{"mock_phase": "before_read", "rank": 0, "copies": 64, "bytes": 8192}
{"mock_phase": "read_complete", "rank": 0, "ret": 0, "bytes": 8192}
{"mock_phase": "before_read", "rank": 0, "copies": 64, "bytes": 4194304}
{"mock_phase": "read_complete", "rank": 0, "ret": 0, "bytes": 4194304}
{"mock_phase": "before_read", "rank": 0, "copies": 64, "bytes": 4194304}
{"mock_phase": "read_complete", "rank": 0, "ret": 0, "bytes": 4194304}
{"mock_phase": "before_read", "rank": 0, "copies": 64, "bytes": 524288}
{"mock_phase": "read_complete", "rank": 0, "ret": 0, "bytes": 524288}
{"mock_phase": "before_read", "rank": 0, "copies": 64, "bytes": 524288}
{"mock_phase": "read_complete", "rank": 0, "ret": 0, "bytes": 524288}
{"mock_phase": "before_read", "rank": 0, "copies": 64, "bytes": 8192}
{"mock_phase": "read_complete", "rank": 0, "ret": 0, "bytes": 8192}
{"mock_phase": "before_read", "rank": 0, "copies": 64, "bytes": 8192}
{"mock_phase": "read_complete", "rank": 0, "ret": 0, "bytes": 8192}
{"mock_phase": "before_read", "rank": 0, "copies": 64, "bytes": 8388608}
{"mock_phase": "read_complete", "rank": 0, "ret": 0, "bytes": 8388608}
{"mock_phase": "before_read", "rank": 0, "copies": 64, "bytes": 8388608}
{"mock_phase": "read_complete", "rank": 0, "ret": 0, "bytes": 8388608}
{"mock_phase": "before_read", "rank": 0, "copies": 64, "bytes": 1048576}
{"mock_phase": "read_complete", "rank": 0, "ret": 0, "bytes": 1048576}
{"mock_phase": "before_read", "rank": 0, "copies": 64, "bytes": 1048576}
{"mock_phase": "read_complete", "rank": 0, "ret": 0, "bytes": 1048576}
{"mock_phase": "before_read", "rank": 0, "copies": 64, "bytes": 16384}
{"mock_phase": "read_complete", "rank": 0, "ret": 0, "bytes": 16384}
{"mock_phase": "before_read", "rank": 0, "copies": 64, "bytes": 16384}
{"mock_phase": "read_complete", "rank": 0, "ret": 0, "bytes": 16384}
{"mock_phase": "before_read", "rank": 0, "copies": 43, "bytes": 5636096}
{"mock_phase": "read_complete", "rank": 0, "ret": 0, "bytes": 5636096}
{"mock_phase": "planned", "request_id": "cmpl-a432a5a8cbe7e687-0-bae78375", "rank": 1, "pages": 1579, "bytes": 52903936}
{"mock_phase": "before_read", "rank": 1, "copies": 64, "bytes": 4194304}
{"mock_phase": "read_complete", "rank": 1, "ret": 0, "bytes": 4194304}
{"mock_phase": "before_read", "rank": 1, "copies": 64, "bytes": 4194304}
{"mock_phase": "read_complete", "rank": 1, "ret": 0, "bytes": 4194304}
{"mock_phase": "before_read", "rank": 1, "copies": 64, "bytes": 524288}
{"mock_phase": "read_complete", "rank": 1, "ret": 0, "bytes": 524288}
{"mock_phase": "before_read", "rank": 1, "copies": 64, "bytes": 524288}
{"mock_phase": "read_complete", "rank": 1, "ret": 0, "bytes": 524288}
{"mock_phase": "before_read", "rank": 1, "copies": 64, "bytes": 8192}
{"mock_phase": "read_complete", "rank": 1, "ret": 0, "bytes": 8192}
{"mock_phase": "before_read", "rank": 1, "copies": 64, "bytes": 8192}
{"mock_phase": "read_complete", "rank": 1, "ret": 0, "bytes": 8192}
{"mock_phase": "before_read", "rank": 1, "copies": 64, "bytes": 4194304}
{"mock_phase": "read_complete", "rank": 1, "ret": 0, "bytes": 4194304}
{"mock_phase": "before_read", "rank": 1, "copies": 64, "bytes": 4194304}
{"mock_phase": "read_complete", "rank": 1, "ret": 0, "bytes": 4194304}
{"mock_phase": "before_read", "rank": 1, "copies": 64, "bytes": 524288}
{"mock_phase": "read_complete", "rank": 1, "ret": 0, "bytes": 524288}
{"mock_phase": "before_read", "rank": 1, "copies": 64, "bytes": 524288}
{"mock_phase": "read_complete", "rank": 1, "ret": 0, "bytes": 524288}
{"mock_phase": "before_read", "rank": 1, "copies": 64, "bytes": 8192}
{"mock_phase": "read_complete", "rank": 1, "ret": 0, "bytes": 8192}
{"mock_phase": "before_read", "rank": 1, "copies": 64, "bytes": 8192}
{"mock_phase": "read_complete", "rank": 1, "ret": 0, "bytes": 8192}
{"mock_phase": "before_read", "rank": 1, "copies": 64, "bytes": 4194304}
{"mock_phase": "read_complete", "rank": 1, "ret": 0, "bytes": 4194304}
{"mock_phase": "before_read", "rank": 1, "copies": 64, "bytes": 4194304}
{"mock_phase": "read_complete", "rank": 1, "ret": 0, "bytes": 4194304}
{"mock_phase": "before_read", "rank": 1, "copies": 64, "bytes": 524288}
{"mock_phase": "read_complete", "rank": 1, "ret": 0, "bytes": 524288}
{"mock_phase": "before_read", "rank": 1, "copies": 64, "bytes": 524288}
{"mock_phase": "read_complete", "rank": 1, "ret": 0, "bytes": 524288}
{"mock_phase": "before_read", "rank": 1, "copies": 64, "bytes": 8192}
{"mock_phase": "read_complete", "rank": 1, "ret": 0, "bytes": 8192}
{"mock_phase": "before_read", "rank": 1, "copies": 64, "bytes": 8192}
{"mock_phase": "read_complete", "rank": 1, "ret": 0, "bytes": 8192}
{"mock_phase": "before_read", "rank": 1, "copies": 64, "bytes": 8388608}
{"mock_phase": "read_complete", "rank": 1, "ret": 0, "bytes": 8388608}
{"mock_phase": "before_read", "rank": 1, "copies": 64, "bytes": 8388608}
{"mock_phase": "read_complete", "rank": 1, "ret": 0, "bytes": 8388608}
{"mock_phase": "before_read", "rank": 1, "copies": 64, "bytes": 1048576}
{"mock_phase": "read_complete", "rank": 1, "ret": 0, "bytes": 1048576}
{"mock_phase": "before_read", "rank": 1, "copies": 64, "bytes": 1048576}
{"mock_phase": "read_complete", "rank": 1, "ret": 0, "bytes": 1048576}
{"mock_phase": "before_read", "rank": 1, "copies": 64, "bytes": 16384}
{"mock_phase": "read_complete", "rank": 1, "ret": 0, "bytes": 16384}
{"mock_phase": "before_read", "rank": 1, "copies": 64, "bytes": 16384}
{"mock_phase": "read_complete", "rank": 1, "ret": 0, "bytes": 16384}
{"mock_phase": "before_read", "rank": 1, "copies": 43, "bytes": 5636096}
{"mock_phase": "read_complete", "rank": 1, "ret": 0, "bytes": 5636096}
{"mock_phase": "planned", "request_id": "cmpl-a432a5a8cbe7e687-0-bae78375", "rank": 2, "pages": 1579, "bytes": 52903936}
{"mock_phase": "before_read", "rank": 2, "copies": 64, "bytes": 4194304}
{"mock_phase": "read_complete", "rank": 2, "ret": 0, "bytes": 4194304}
{"mock_phase": "before_read", "rank": 2, "copies": 64, "bytes": 4194304}
{"mock_phase": "read_complete", "rank": 2, "ret": 0, "bytes": 4194304}
{"mock_phase": "before_read", "rank": 2, "copies": 64, "bytes": 524288}
{"mock_phase": "read_complete", "rank": 2, "ret": 0, "bytes": 524288}
{"mock_phase": "before_read", "rank": 2, "copies": 64, "bytes": 524288}
{"mock_phase": "read_complete", "rank": 2, "ret": 0, "bytes": 524288}
{"mock_phase": "before_read", "rank": 2, "copies": 64, "bytes": 8192}
{"mock_phase": "read_complete", "rank": 2, "ret": 0, "bytes": 8192}
{"mock_phase": "before_read", "rank": 2, "copies": 64, "bytes": 8192}
{"mock_phase": "read_complete", "rank": 2, "ret": 0, "bytes": 8192}
{"mock_phase": "before_read", "rank": 2, "copies": 64, "bytes": 4194304}
{"mock_phase": "read_complete", "rank": 2, "ret": 0, "bytes": 4194304}
{"mock_phase": "before_read", "rank": 2, "copies": 64, "bytes": 4194304}
{"mock_phase": "read_complete", "rank": 2, "ret": 0, "bytes": 4194304}
{"mock_phase": "before_read", "rank": 2, "copies": 64, "bytes": 524288}
{"mock_phase": "read_complete", "rank": 2, "ret": 0, "bytes": 524288}
{"mock_phase": "before_read", "rank": 2, "copies": 64, "bytes": 524288}
{"mock_phase": "read_complete", "rank": 2, "ret": 0, "bytes": 524288}
{"mock_phase": "before_read", "rank": 2, "copies": 64, "bytes": 8192}
{"mock_phase": "read_complete", "rank": 2, "ret": 0, "bytes": 8192}
{"mock_phase": "before_read", "rank": 2, "copies": 64, "bytes": 8192}
{"mock_phase": "read_complete", "rank": 2, "ret": 0, "bytes": 8192}
{"mock_phase": "before_read", "rank": 2, "copies": 64, "bytes": 4194304}
{"mock_phase": "read_complete", "rank": 2, "ret": 0, "bytes": 4194304}
{"mock_phase": "before_read", "rank": 2, "copies": 64, "bytes": 4194304}
{"mock_phase": "read_complete", "rank": 2, "ret": 0, "bytes": 4194304}
{"mock_phase": "before_read", "rank": 2, "copies": 64, "bytes": 524288}
{"mock_phase": "read_complete", "rank": 2, "ret": 0, "bytes": 524288}
{"mock_phase": "before_read", "rank": 2, "copies": 64, "bytes": 524288}
{"mock_phase": "read_complete", "rank": 2, "ret": 0, "bytes": 524288}
{"mock_phase": "before_read", "rank": 2, "copies": 64, "bytes": 8192}
{"mock_phase": "read_complete", "rank": 2, "ret": 0, "bytes": 8192}
{"mock_phase": "before_read", "rank": 2, "copies": 64, "bytes": 8192}
{"mock_phase": "read_complete", "rank": 2, "ret": 0, "bytes": 8192}
{"mock_phase": "before_read", "rank": 2, "copies": 64, "bytes": 8388608}
{"mock_phase": "read_complete", "rank": 2, "ret": 0, "bytes": 8388608}
{"mock_phase": "before_read", "rank": 2, "copies": 64, "bytes": 8388608}
{"mock_phase": "read_complete", "rank": 2, "ret": 0, "bytes": 8388608}
{"mock_phase": "before_read", "rank": 2, "copies": 64, "bytes": 1048576}
{"mock_phase": "read_complete", "rank": 2, "ret": 0, "bytes": 1048576}
{"mock_phase": "before_read", "rank": 2, "copies": 64, "bytes": 1048576}
{"mock_phase": "read_complete", "rank": 2, "ret": 0, "bytes": 1048576}
{"mock_phase": "before_read", "rank": 2, "copies": 64, "bytes": 16384}
{"mock_phase": "read_complete", "rank": 2, "ret": 0, "bytes": 16384}
{"mock_phase": "before_read", "rank": 2, "copies": 64, "bytes": 16384}
{"mock_phase": "read_complete", "rank": 2, "ret": 0, "bytes": 16384}
{"mock_phase": "before_read", "rank": 2, "copies": 43, "bytes": 5636096}
{"mock_phase": "read_complete", "rank": 2, "ret": 0, "bytes": 5636096}
{"mock_phase": "planned", "request_id": "cmpl-a432a5a8cbe7e687-0-bae78375", "rank": 3, "pages": 1579, "bytes": 52903936}
{"mock_phase": "before_read", "rank": 3, "copies": 64, "bytes": 4194304}
{"mock_phase": "read_complete", "rank": 3, "ret": 0, "bytes": 4194304}
{"mock_phase": "before_read", "rank": 3, "copies": 64, "bytes": 4194304}
{"mock_phase": "read_complete", "rank": 3, "ret": 0, "bytes": 4194304}
{"mock_phase": "before_read", "rank": 3, "copies": 64, "bytes": 524288}
{"mock_phase": "read_complete", "rank": 3, "ret": 0, "bytes": 524288}
{"mock_phase": "before_read", "rank": 3, "copies": 64, "bytes": 524288}
{"mock_phase": "read_complete", "rank": 3, "ret": 0, "bytes": 524288}
{"mock_phase": "before_read", "rank": 3, "copies": 64, "bytes": 8192}
{"mock_phase": "read_complete", "rank": 3, "ret": 0, "bytes": 8192}
{"mock_phase": "before_read", "rank": 3, "copies": 64, "bytes": 8192}
{"mock_phase": "read_complete", "rank": 3, "ret": 0, "bytes": 8192}
{"mock_phase": "before_read", "rank": 3, "copies": 64, "bytes": 4194304}
{"mock_phase": "read_complete", "rank": 3, "ret": 0, "bytes": 4194304}
{"mock_phase": "before_read", "rank": 3, "copies": 64, "bytes": 4194304}
{"mock_phase": "read_complete", "rank": 3, "ret": 0, "bytes": 4194304}
{"mock_phase": "before_read", "rank": 3, "copies": 64, "bytes": 524288}
{"mock_phase": "read_complete", "rank": 3, "ret": 0, "bytes": 524288}
{"mock_phase": "before_read", "rank": 3, "copies": 64, "bytes": 524288}
{"mock_phase": "read_complete", "rank": 3, "ret": 0, "bytes": 524288}
{"mock_phase": "before_read", "rank": 3, "copies": 64, "bytes": 8192}
{"mock_phase": "read_complete", "rank": 3, "ret": 0, "bytes": 8192}
{"mock_phase": "before_read", "rank": 3, "copies": 64, "bytes": 8192}
{"mock_phase": "read_complete", "rank": 3, "ret": 0, "bytes": 8192}
{"mock_phase": "before_read", "rank": 3, "copies": 64, "bytes": 4194304}
{"mock_phase": "read_complete", "rank": 3, "ret": 0, "bytes": 4194304}
{"mock_phase": "before_read", "rank": 3, "copies": 64, "bytes": 4194304}
{"mock_phase": "read_complete", "rank": 3, "ret": 0, "bytes": 4194304}
{"mock_phase": "before_read", "rank": 3, "copies": 64, "bytes": 524288}
{"mock_phase": "read_complete", "rank": 3, "ret": 0, "bytes": 524288}
{"mock_phase": "before_read", "rank": 3, "copies": 64, "bytes": 524288}
{"mock_phase": "read_complete", "rank": 3, "ret": 0, "bytes": 524288}
{"mock_phase": "before_read", "rank": 3, "copies": 64, "bytes": 8192}
{"mock_phase": "read_complete", "rank": 3, "ret": 0, "bytes": 8192}
{"mock_phase": "before_read", "rank": 3, "copies": 64, "bytes": 8192}
{"mock_phase": "read_complete", "rank": 3, "ret": 0, "bytes": 8192}
{"mock_phase": "before_read", "rank": 3, "copies": 64, "bytes": 8388608}
{"mock_phase": "read_complete", "rank": 3, "ret": 0, "bytes": 8388608}
{"mock_phase": "before_read", "rank": 3, "copies": 64, "bytes": 8388608}
{"mock_phase": "read_complete", "rank": 3, "ret": 0, "bytes": 8388608}
{"mock_phase": "before_read", "rank": 3, "copies": 64, "bytes": 1048576}
{"mock_phase": "read_complete", "rank": 3, "ret": 0, "bytes": 1048576}
{"mock_phase": "before_read", "rank": 3, "copies": 64, "bytes": 1048576}
{"mock_phase": "read_complete", "rank": 3, "ret": 0, "bytes": 1048576}
{"mock_phase": "before_read", "rank": 3, "copies": 64, "bytes": 16384}
{"mock_phase": "read_complete", "rank": 3, "ret": 0, "bytes": 16384}
{"mock_phase": "before_read", "rank": 3, "copies": 64, "bytes": 16384}
{"mock_phase": "read_complete", "rank": 3, "ret": 0, "bytes": 16384}
{"mock_phase": "before_read", "rank": 3, "copies": 43, "bytes": 5636096}
{"mock_phase": "read_complete", "rank": 3, "ret": 0, "bytes": 5636096}
{"mock_phase": "planned", "request_id": "cmpl-a432a5a8cbe7e687-0-bae78375", "rank": 4, "pages": 1579, "bytes": 52903936}
{"mock_phase": "before_read", "rank": 4, "copies": 64, "bytes": 4194304}
{"mock_phase": "read_complete", "rank": 4, "ret": 0, "bytes": 4194304}
{"mock_phase": "before_read", "rank": 4, "copies": 64, "bytes": 4194304}
{"mock_phase": "read_complete", "rank": 4, "ret": 0, "bytes": 4194304}
{"mock_phase": "before_read", "rank": 4, "copies": 64, "bytes": 524288}
{"mock_phase": "read_complete", "rank": 4, "ret": 0, "bytes": 524288}
{"mock_phase": "before_read", "rank": 4, "copies": 64, "bytes": 524288}
{"mock_phase": "read_complete", "rank": 4, "ret": 0, "bytes": 524288}
{"mock_phase": "before_read", "rank": 4, "copies": 64, "bytes": 8192}
{"mock_phase": "read_complete", "rank": 4, "ret": 0, "bytes": 8192}
{"mock_phase": "before_read", "rank": 4, "copies": 64, "bytes": 8192}
{"mock_phase": "read_complete", "rank": 4, "ret": 0, "bytes": 8192}
{"mock_phase": "before_read", "rank": 4, "copies": 64, "bytes": 4194304}
{"mock_phase": "read_complete", "rank": 4, "ret": 0, "bytes": 4194304}
{"mock_phase": "before_read", "rank": 4, "copies": 64, "bytes": 4194304}
{"mock_phase": "read_complete", "rank": 4, "ret": 0, "bytes": 4194304}
{"mock_phase": "before_read", "rank": 4, "copies": 64, "bytes": 524288}
{"mock_phase": "read_complete", "rank": 4, "ret": 0, "bytes": 524288}
{"mock_phase": "before_read", "rank": 4, "copies": 64, "bytes": 524288}
{"mock_phase": "read_complete", "rank": 4, "ret": 0, "bytes": 524288}
{"mock_phase": "before_read", "rank": 4, "copies": 64, "bytes": 8192}
{"mock_phase": "read_complete", "rank": 4, "ret": 0, "bytes": 8192}
{"mock_phase": "before_read", "rank": 4, "copies": 64, "bytes": 8192}
{"mock_phase": "read_complete", "rank": 4, "ret": 0, "bytes": 8192}
{"mock_phase": "before_read", "rank": 4, "copies": 64, "bytes": 4194304}
{"mock_phase": "read_complete", "rank": 4, "ret": 0, "bytes": 4194304}
{"mock_phase": "before_read", "rank": 4, "copies": 64, "bytes": 4194304}
{"mock_phase": "read_complete", "rank": 4, "ret": 0, "bytes": 4194304}
{"mock_phase": "before_read", "rank": 4, "copies": 64, "bytes": 524288}
{"mock_phase": "read_complete", "rank": 4, "ret": 0, "bytes": 524288}
{"mock_phase": "before_read", "rank": 4, "copies": 64, "bytes": 524288}
{"mock_phase": "read_complete", "rank": 4, "ret": 0, "bytes": 524288}
{"mock_phase": "before_read", "rank": 4, "copies": 64, "bytes": 8192}
{"mock_phase": "read_complete", "rank": 4, "ret": 0, "bytes": 8192}
{"mock_phase": "before_read", "rank": 4, "copies": 64, "bytes": 8192}
{"mock_phase": "read_complete", "rank": 4, "ret": 0, "bytes": 8192}
{"mock_phase": "before_read", "rank": 4, "copies": 64, "bytes": 8388608}
{"mock_phase": "read_complete", "rank": 4, "ret": 0, "bytes": 8388608}
{"mock_phase": "before_read", "rank": 4, "copies": 64, "bytes": 8388608}
{"mock_phase": "read_complete", "rank": 4, "ret": 0, "bytes": 8388608}
{"mock_phase": "before_read", "rank": 4, "copies": 64, "bytes": 1048576}
{"mock_phase": "read_complete", "rank": 4, "ret": 0, "bytes": 1048576}
{"mock_phase": "before_read", "rank": 4, "copies": 64, "bytes": 1048576}
{"mock_phase": "read_complete", "rank": 4, "ret": 0, "bytes": 1048576}
{"mock_phase": "before_read", "rank": 4, "copies": 64, "bytes": 16384}
{"mock_phase": "read_complete", "rank": 4, "ret": 0, "bytes": 16384}
{"mock_phase": "before_read", "rank": 4, "copies": 64, "bytes": 16384}
{"mock_phase": "read_complete", "rank": 4, "ret": 0, "bytes": 16384}
{"mock_phase": "before_read", "rank": 4, "copies": 43, "bytes": 5636096}
{"mock_phase": "read_complete", "rank": 4, "ret": 0, "bytes": 5636096}
{"mock_phase": "planned", "request_id": "cmpl-a432a5a8cbe7e687-0-bae78375", "rank": 5, "pages": 1579, "bytes": 52903936}
{"mock_phase": "before_read", "rank": 5, "copies": 64, "bytes": 4194304}
{"mock_phase": "read_complete", "rank": 5, "ret": 0, "bytes": 4194304}
{"mock_phase": "before_read", "rank": 5, "copies": 64, "bytes": 4194304}
{"mock_phase": "read_complete", "rank": 5, "ret": 0, "bytes": 4194304}
{"mock_phase": "before_read", "rank": 5, "copies": 64, "bytes": 524288}
{"mock_phase": "read_complete", "rank": 5, "ret": 0, "bytes": 524288}
{"mock_phase": "before_read", "rank": 5, "copies": 64, "bytes": 524288}
{"mock_phase": "read_complete", "rank": 5, "ret": 0, "bytes": 524288}
{"mock_phase": "before_read", "rank": 5, "copies": 64, "bytes": 8192}
{"mock_phase": "read_complete", "rank": 5, "ret": 0, "bytes": 8192}
{"mock_phase": "before_read", "rank": 5, "copies": 64, "bytes": 8192}
{"mock_phase": "read_complete", "rank": 5, "ret": 0, "bytes": 8192}
{"mock_phase": "before_read", "rank": 5, "copies": 64, "bytes": 4194304}
{"mock_phase": "read_complete", "rank": 5, "ret": 0, "bytes": 4194304}
{"mock_phase": "before_read", "rank": 5, "copies": 64, "bytes": 4194304}
{"mock_phase": "read_complete", "rank": 5, "ret": 0, "bytes": 4194304}
{"mock_phase": "before_read", "rank": 5, "copies": 64, "bytes": 524288}
{"mock_phase": "read_complete", "rank": 5, "ret": 0, "bytes": 524288}
{"mock_phase": "before_read", "rank": 5, "copies": 64, "bytes": 524288}
{"mock_phase": "read_complete", "rank": 5, "ret": 0, "bytes": 524288}
{"mock_phase": "before_read", "rank": 5, "copies": 64, "bytes": 8192}
{"mock_phase": "read_complete", "rank": 5, "ret": 0, "bytes": 8192}
{"mock_phase": "before_read", "rank": 5, "copies": 64, "bytes": 8192}
{"mock_phase": "read_complete", "rank": 5, "ret": 0, "bytes": 8192}
{"mock_phase": "before_read", "rank": 5, "copies": 64, "bytes": 4194304}
{"mock_phase": "read_complete", "rank": 5, "ret": 0, "bytes": 4194304}
{"mock_phase": "before_read", "rank": 5, "copies": 64, "bytes": 4194304}
{"mock_phase": "read_complete", "rank": 5, "ret": 0, "bytes": 4194304}
{"mock_phase": "before_read", "rank": 5, "copies": 64, "bytes": 524288}
{"mock_phase": "read_complete", "rank": 5, "ret": 0, "bytes": 524288}
{"mock_phase": "before_read", "rank": 5, "copies": 64, "bytes": 524288}
{"mock_phase": "read_complete", "rank": 5, "ret": 0, "bytes": 524288}
{"mock_phase": "before_read", "rank": 5, "copies": 64, "bytes": 8192}
{"mock_phase": "read_complete", "rank": 5, "ret": 0, "bytes": 8192}
{"mock_phase": "before_read", "rank": 5, "copies": 64, "bytes": 8192}
{"mock_phase": "read_complete", "rank": 5, "ret": 0, "bytes": 8192}
{"mock_phase": "before_read", "rank": 5, "copies": 64, "bytes": 8388608}
{"mock_phase": "read_complete", "rank": 5, "ret": 0, "bytes": 8388608}
{"mock_phase": "before_read", "rank": 5, "copies": 64, "bytes": 8388608}
{"mock_phase": "read_complete", "rank": 5, "ret": 0, "bytes": 8388608}
{"mock_phase": "before_read", "rank": 5, "copies": 64, "bytes": 1048576}
{"mock_phase": "read_complete", "rank": 5, "ret": 0, "bytes": 1048576}
{"mock_phase": "before_read", "rank": 5, "copies": 64, "bytes": 1048576}
{"mock_phase": "read_complete", "rank": 5, "ret": 0, "bytes": 1048576}
{"mock_phase": "before_read", "rank": 5, "copies": 64, "bytes": 16384}
{"mock_phase": "read_complete", "rank": 5, "ret": 0, "bytes": 16384}
{"mock_phase": "before_read", "rank": 5, "copies": 64, "bytes": 16384}
{"mock_phase": "read_complete", "rank": 5, "ret": 0, "bytes": 16384}
{"mock_phase": "before_read", "rank": 5, "copies": 43, "bytes": 5636096}
{"mock_phase": "read_complete", "rank": 5, "ret": 0, "bytes": 5636096}
{"mock_phase": "planned", "request_id": "cmpl-a432a5a8cbe7e687-0-bae78375", "rank": 6, "pages": 1579, "bytes": 52903936}
{"mock_phase": "before_read", "rank": 6, "copies": 64, "bytes": 4194304}
{"mock_phase": "read_complete", "rank": 6, "ret": 0, "bytes": 4194304}
{"mock_phase": "before_read", "rank": 6, "copies": 64, "bytes": 4194304}
{"mock_phase": "read_complete", "rank": 6, "ret": 0, "bytes": 4194304}
{"mock_phase": "before_read", "rank": 6, "copies": 64, "bytes": 524288}
{"mock_phase": "read_complete", "rank": 6, "ret": 0, "bytes": 524288}
{"mock_phase": "before_read", "rank": 6, "copies": 64, "bytes": 524288}
{"mock_phase": "read_complete", "rank": 6, "ret": 0, "bytes": 524288}
{"mock_phase": "before_read", "rank": 6, "copies": 64, "bytes": 8192}
{"mock_phase": "read_complete", "rank": 6, "ret": 0, "bytes": 8192}
{"mock_phase": "before_read", "rank": 6, "copies": 64, "bytes": 8192}
{"mock_phase": "read_complete", "rank": 6, "ret": 0, "bytes": 8192}
{"mock_phase": "before_read", "rank": 6, "copies": 64, "bytes": 4194304}
{"mock_phase": "read_complete", "rank": 6, "ret": 0, "bytes": 4194304}
{"mock_phase": "before_read", "rank": 6, "copies": 64, "bytes": 4194304}
{"mock_phase": "read_complete", "rank": 6, "ret": 0, "bytes": 4194304}
{"mock_phase": "before_read", "rank": 6, "copies": 64, "bytes": 524288}
{"mock_phase": "read_complete", "rank": 6, "ret": 0, "bytes": 524288}
{"mock_phase": "before_read", "rank": 6, "copies": 64, "bytes": 524288}
{"mock_phase": "read_complete", "rank": 6, "ret": 0, "bytes": 524288}
{"mock_phase": "before_read", "rank": 6, "copies": 64, "bytes": 8192}
{"mock_phase": "read_complete", "rank": 6, "ret": 0, "bytes": 8192}
{"mock_phase": "before_read", "rank": 6, "copies": 64, "bytes": 8192}
{"mock_phase": "read_complete", "rank": 6, "ret": 0, "bytes": 8192}
{"mock_phase": "before_read", "rank": 6, "copies": 64, "bytes": 4194304}
{"mock_phase": "read_complete", "rank": 6, "ret": 0, "bytes": 4194304}
{"mock_phase": "before_read", "rank": 6, "copies": 64, "bytes": 4194304}
{"mock_phase": "read_complete", "rank": 6, "ret": 0, "bytes": 4194304}
{"mock_phase": "before_read", "rank": 6, "copies": 64, "bytes": 524288}
{"mock_phase": "read_complete", "rank": 6, "ret": 0, "bytes": 524288}
{"mock_phase": "before_read", "rank": 6, "copies": 64, "bytes": 524288}
{"mock_phase": "read_complete", "rank": 6, "ret": 0, "bytes": 524288}
{"mock_phase": "before_read", "rank": 6, "copies": 64, "bytes": 8192}
{"mock_phase": "read_complete", "rank": 6, "ret": 0, "bytes": 8192}
{"mock_phase": "before_read", "rank": 6, "copies": 64, "bytes": 8192}
{"mock_phase": "read_complete", "rank": 6, "ret": 0, "bytes": 8192}
{"mock_phase": "before_read", "rank": 6, "copies": 64, "bytes": 8388608}
{"mock_phase": "read_complete", "rank": 6, "ret": 0, "bytes": 8388608}
{"mock_phase": "before_read", "rank": 6, "copies": 64, "bytes": 8388608}
{"mock_phase": "read_complete", "rank": 6, "ret": 0, "bytes": 8388608}
{"mock_phase": "before_read", "rank": 6, "copies": 64, "bytes": 1048576}
{"mock_phase": "read_complete", "rank": 6, "ret": 0, "bytes": 1048576}
{"mock_phase": "before_read", "rank": 6, "copies": 64, "bytes": 1048576}
{"mock_phase": "read_complete", "rank": 6, "ret": 0, "bytes": 1048576}
{"mock_phase": "before_read", "rank": 6, "copies": 64, "bytes": 16384}
{"mock_phase": "read_complete", "rank": 6, "ret": 0, "bytes": 16384}
{"mock_phase": "before_read", "rank": 6, "copies": 64, "bytes": 16384}
{"mock_phase": "read_complete", "rank": 6, "ret": 0, "bytes": 16384}
{"mock_phase": "before_read", "rank": 6, "copies": 43, "bytes": 5636096}
{"mock_phase": "read_complete", "rank": 6, "ret": 0, "bytes": 5636096}
{"mock_phase": "planned", "request_id": "cmpl-a432a5a8cbe7e687-0-bae78375", "rank": 7, "pages": 1579, "bytes": 52903936}
{"mock_phase": "before_read", "rank": 7, "copies": 64, "bytes": 4194304}
{"mock_phase": "read_complete", "rank": 7, "ret": 0, "bytes": 4194304}
{"mock_phase": "before_read", "rank": 7, "copies": 64, "bytes": 4194304}
{"mock_phase": "read_complete", "rank": 7, "ret": 0, "bytes": 4194304}
{"mock_phase": "before_read", "rank": 7, "copies": 64, "bytes": 524288}
{"mock_phase": "read_complete", "rank": 7, "ret": 0, "bytes": 524288}
{"mock_phase": "before_read", "rank": 7, "copies": 64, "bytes": 524288}
{"mock_phase": "read_complete", "rank": 7, "ret": 0, "bytes": 524288}
{"mock_phase": "before_read", "rank": 7, "copies": 64, "bytes": 8192}
{"mock_phase": "read_complete", "rank": 7, "ret": 0, "bytes": 8192}
{"mock_phase": "before_read", "rank": 7, "copies": 64, "bytes": 8192}
{"mock_phase": "read_complete", "rank": 7, "ret": 0, "bytes": 8192}
{"mock_phase": "before_read", "rank": 7, "copies": 64, "bytes": 4194304}
{"mock_phase": "read_complete", "rank": 7, "ret": 0, "bytes": 4194304}
{"mock_phase": "before_read", "rank": 7, "copies": 64, "bytes": 4194304}
{"mock_phase": "read_complete", "rank": 7, "ret": 0, "bytes": 4194304}
{"mock_phase": "before_read", "rank": 7, "copies": 64, "bytes": 524288}
{"mock_phase": "read_complete", "rank": 7, "ret": 0, "bytes": 524288}
{"mock_phase": "before_read", "rank": 7, "copies": 64, "bytes": 524288}
{"mock_phase": "read_complete", "rank": 7, "ret": 0, "bytes": 524288}
{"mock_phase": "before_read", "rank": 7, "copies": 64, "bytes": 8192}
{"mock_phase": "read_complete", "rank": 7, "ret": 0, "bytes": 8192}
{"mock_phase": "before_read", "rank": 7, "copies": 64, "bytes": 8192}
{"mock_phase": "read_complete", "rank": 7, "ret": 0, "bytes": 8192}
{"mock_phase": "before_read", "rank": 7, "copies": 64, "bytes": 4194304}
{"mock_phase": "read_complete", "rank": 7, "ret": 0, "bytes": 4194304}
{"mock_phase": "before_read", "rank": 7, "copies": 64, "bytes": 4194304}
{"mock_phase": "read_complete", "rank": 7, "ret": 0, "bytes": 4194304}
{"mock_phase": "before_read", "rank": 7, "copies": 64, "bytes": 524288}
{"mock_phase": "read_complete", "rank": 7, "ret": 0, "bytes": 524288}
{"mock_phase": "before_read", "rank": 7, "copies": 64, "bytes": 524288}
{"mock_phase": "read_complete", "rank": 7, "ret": 0, "bytes": 524288}
{"mock_phase": "before_read", "rank": 7, "copies": 64, "bytes": 8192}
{"mock_phase": "read_complete", "rank": 7, "ret": 0, "bytes": 8192}
{"mock_phase": "before_read", "rank": 7, "copies": 64, "bytes": 8192}
{"mock_phase": "read_complete", "rank": 7, "ret": 0, "bytes": 8192}
{"mock_phase": "before_read", "rank": 7, "copies": 64, "bytes": 8388608}
{"mock_phase": "read_complete", "rank": 7, "ret": 0, "bytes": 8388608}
{"mock_phase": "before_read", "rank": 7, "copies": 64, "bytes": 8388608}
{"mock_phase": "read_complete", "rank": 7, "ret": 0, "bytes": 8388608}
{"mock_phase": "before_read", "rank": 7, "copies": 64, "bytes": 1048576}
{"mock_phase": "read_complete", "rank": 7, "ret": 0, "bytes": 1048576}
{"mock_phase": "before_read", "rank": 7, "copies": 64, "bytes": 1048576}
{"mock_phase": "read_complete", "rank": 7, "ret": 0, "bytes": 1048576}
{"mock_phase": "before_read", "rank": 7, "copies": 64, "bytes": 16384}
{"mock_phase": "read_complete", "rank": 7, "ret": 0, "bytes": 16384}
{"mock_phase": "before_read", "rank": 7, "copies": 64, "bytes": 16384}
{"mock_phase": "read_complete", "rank": 7, "ret": 0, "bytes": 16384}
{"mock_phase": "before_read", "rank": 7, "copies": 43, "bytes": 5636096}
{"mock_phase": "read_complete", "rank": 7, "ret": 0, "bytes": 5636096}
{"ok": true, "request_id": "cmpl-a432a5a8cbe7e687-0-bae78375", "ranks": [{"rank": 0, "bytes": 52903936, "read_s": 0.013163868337869644, "hash_s": 0.07092315098270774, "nonzero_groups": [0, 1, 2, 3, 4, 5, 6]}, {"rank": 1, "bytes": 52903936, "read_s": 0.012337699998170137, "hash_s": 0.07096942001953721, "nonzero_groups": [0, 1, 2, 3, 4, 5, 6]}, {"rank": 2, "bytes": 52903936, "read_s": 0.012089969590306282, "hash_s": 0.07009727926924825, "nonzero_groups": [0, 1, 2, 3, 4, 5, 6]}, {"rank": 3, "bytes": 52903936, "read_s": 0.011854899115860462, "hash_s": 0.0699585503898561, "nonzero_groups": [0, 1, 2, 3, 4, 5, 6]}, {"rank": 4, "bytes": 52903936, "read_s": 0.011723579838871956, "hash_s": 0.07077186135575175, "nonzero_groups": [0, 1, 2, 3, 4, 5, 6]}, {"rank": 5, "bytes": 52903936, "read_s": 0.011991170700639486, "hash_s": 0.07062822068110108, "nonzero_groups": [0, 1, 2, 3, 4, 5, 6]}, {"rank": 6, "bytes": 52903936, "read_s": 0.011880479287356138, "hash_s": 0.07115710992366076, "nonzero_groups": [0, 1, 2, 3, 4, 5, 6]}, {"rank": 7, "bytes": 52903936, "read_s": 0.011767290532588959, "hash_s": 0.07050380017608404, "nonzero_groups": [0, 1, 2, 3, 4, 5, 6]}], "bytes": 423231488, "consume_s": 0.7080685500986874, "ack_s": 0.003753470256924629, "total_s": 0.7118221502751112, "hold_ms": 0}
127.0.0.1 - - [09/Oct/2026 07:22:33] "POST /consume HTTP/1.1" 200 -
{"mock_phase": "planned", "request_id": "cmpl-8eeb233a61dcab7c-0-bcdedef9", "rank": 0, "pages": 1579, "bytes": 52903936}
{"mock_phase": "before_read", "rank": 0, "copies": 64, "bytes": 4194304}
{"mock_phase": "read_complete", "rank": 0, "ret": 0, "bytes": 4194304}
{"mock_phase": "before_read", "rank": 0, "copies": 64, "bytes": 4194304}
{"mock_phase": "read_complete", "rank": 0, "ret": 0, "bytes": 4194304}
{"mock_phase": "before_read", "rank": 0, "copies": 64, "bytes": 524288}
{"mock_phase": "read_complete", "rank": 0, "ret": 0, "bytes": 524288}
{"mock_phase": "before_read", "rank": 0, "copies": 64, "bytes": 524288}
{"mock_phase": "read_complete", "rank": 0, "ret": 0, "bytes": 524288}
{"mock_phase": "before_read", "rank": 0, "copies": 64, "bytes": 8192}
{"mock_phase": "read_complete", "rank": 0, "ret": 0, "bytes": 8192}
{"mock_phase": "before_read", "rank": 0, "copies": 64, "bytes": 8192}
{"mock_phase": "read_complete", "rank": 0, "ret": 0, "bytes": 8192}
{"mock_phase": "before_read", "rank": 0, "copies": 64, "bytes": 4194304}
{"mock_phase": "read_complete", "rank": 0, "ret": 0, "bytes": 4194304}
{"mock_phase": "before_read", "rank": 0, "copies": 64, "bytes": 4194304}
{"mock_phase": "read_complete", "rank": 0, "ret": 0, "bytes": 4194304}
{"mock_phase": "before_read", "rank": 0, "copies": 64, "bytes": 524288}
{"mock_phase": "read_complete", "rank": 0, "ret": 0, "bytes": 524288}
{"mock_phase": "before_read", "rank": 0, "copies": 64, "bytes": 524288}
{"mock_phase": "read_complete", "rank": 0, "ret": 0, "bytes": 524288}
{"mock_phase": "before_read", "rank": 0, "copies": 64, "bytes": 8192}
{"mock_phase": "read_complete", "rank": 0, "ret": 0, "bytes": 8192}
{"mock_phase": "before_read", "rank": 0, "copies": 64, "bytes": 8192}
{"mock_phase": "read_complete", "rank": 0, "ret": 0, "bytes": 8192}
{"mock_phase": "before_read", "rank": 0, "copies": 64, "bytes": 4194304}
{"mock_phase": "read_complete", "rank": 0, "ret": 0, "bytes": 4194304}
{"mock_phase": "before_read", "rank": 0, "copies": 64, "bytes": 4194304}
{"mock_phase": "read_complete", "rank": 0, "ret": 0, "bytes": 4194304}
{"mock_phase": "before_read", "rank": 0, "copies": 64, "bytes": 524288}
{"mock_phase": "read_complete", "rank": 0, "ret": 0, "bytes": 524288}
{"mock_phase": "before_read", "rank": 0, "copies": 64, "bytes": 524288}
{"mock_phase": "read_complete", "rank": 0, "ret": 0, "bytes": 524288}
{"mock_phase": "before_read", "rank": 0, "copies": 64, "bytes": 8192}
{"mock_phase": "read_complete", "rank": 0, "ret": 0, "bytes": 8192}
{"mock_phase": "before_read", "rank": 0, "copies": 64, "bytes": 8192}
{"mock_phase": "read_complete", "rank": 0, "ret": 0, "bytes": 8192}
{"mock_phase": "before_read", "rank": 0, "copies": 64, "bytes": 8388608}
{"mock_phase": "read_complete", "rank": 0, "ret": 0, "bytes": 8388608}
{"mock_phase": "before_read", "rank": 0, "copies": 64, "bytes": 8388608}
{"mock_phase": "read_complete", "rank": 0, "ret": 0, "bytes": 8388608}
{"mock_phase": "before_read", "rank": 0, "copies": 64, "bytes": 1048576}
{"mock_phase": "read_complete", "rank": 0, "ret": 0, "bytes": 1048576}
{"mock_phase": "before_read", "rank": 0, "copies": 64, "bytes": 1048576}
{"mock_phase": "read_complete", "rank": 0, "ret": 0, "bytes": 1048576}
{"mock_phase": "before_read", "rank": 0, "copies": 64, "bytes": 16384}
{"mock_phase": "read_complete", "rank": 0, "ret": 0, "bytes": 16384}
{"mock_phase": "before_read", "rank": 0, "copies": 64, "bytes": 16384}
{"mock_phase": "read_complete", "rank": 0, "ret": 0, "bytes": 16384}
{"mock_phase": "before_read", "rank": 0, "copies": 43, "bytes": 5636096}
{"mock_phase": "read_complete", "rank": 0, "ret": 0, "bytes": 5636096}
{"mock_phase": "planned", "request_id": "cmpl-8eeb233a61dcab7c-0-bcdedef9", "rank": 1, "pages": 1579, "bytes": 52903936}
{"mock_phase": "before_read", "rank": 1, "copies": 64, "bytes": 4194304}
{"mock_phase": "read_complete", "rank": 1, "ret": 0, "bytes": 4194304}
{"mock_phase": "before_read", "rank": 1, "copies": 64, "bytes": 4194304}
{"mock_phase": "read_complete", "rank": 1, "ret": 0, "bytes": 4194304}
{"mock_phase": "before_read", "rank": 1, "copies": 64, "bytes": 524288}
{"mock_phase": "read_complete", "rank": 1, "ret": 0, "bytes": 524288}
{"mock_phase": "before_read", "rank": 1, "copies": 64, "bytes": 524288}
{"mock_phase": "read_complete", "rank": 1, "ret": 0, "bytes": 524288}
{"mock_phase": "before_read", "rank": 1, "copies": 64, "bytes": 8192}
{"mock_phase": "read_complete", "rank": 1, "ret": 0, "bytes": 8192}
{"mock_phase": "before_read", "rank": 1, "copies": 64, "bytes": 8192}
{"mock_phase": "read_complete", "rank": 1, "ret": 0, "bytes": 8192}
{"mock_phase": "before_read", "rank": 1, "copies": 64, "bytes": 4194304}
{"mock_phase": "read_complete", "rank": 1, "ret": 0, "bytes": 4194304}
{"mock_phase": "before_read", "rank": 1, "copies": 64, "bytes": 4194304}
{"mock_phase": "read_complete", "rank": 1, "ret": 0, "bytes": 4194304}
{"mock_phase": "before_read", "rank": 1, "copies": 64, "bytes": 524288}
{"mock_phase": "read_complete", "rank": 1, "ret": 0, "bytes": 524288}
{"mock_phase": "before_read", "rank": 1, "copies": 64, "bytes": 524288}
{"mock_phase": "read_complete", "rank": 1, "ret": 0, "bytes": 524288}
{"mock_phase": "before_read", "rank": 1, "copies": 64, "bytes": 8192}
{"mock_phase": "read_complete", "rank": 1, "ret": 0, "bytes": 8192}
{"mock_phase": "before_read", "rank": 1, "copies": 64, "bytes": 8192}
{"mock_phase": "read_complete", "rank": 1, "ret": 0, "bytes": 8192}
{"mock_phase": "before_read", "rank": 1, "copies": 64, "bytes": 4194304}
{"mock_phase": "read_complete", "rank": 1, "ret": 0, "bytes": 4194304}
{"mock_phase": "before_read", "rank": 1, "copies": 64, "bytes": 4194304}
{"mock_phase": "read_complete", "rank": 1, "ret": 0, "bytes": 4194304}
{"mock_phase": "before_read", "rank": 1, "copies": 64, "bytes": 524288}
{"mock_phase": "read_complete", "rank": 1, "ret": 0, "bytes": 524288}
{"mock_phase": "before_read", "rank": 1, "copies": 64, "bytes": 524288}
{"mock_phase": "read_complete", "rank": 1, "ret": 0, "bytes": 524288}
{"mock_phase": "before_read", "rank": 1, "copies": 64, "bytes": 8192}
{"mock_phase": "read_complete", "rank": 1, "ret": 0, "bytes": 8192}
{"mock_phase": "before_read", "rank": 1, "copies": 64, "bytes": 8192}
{"mock_phase": "read_complete", "rank": 1, "ret": 0, "bytes": 8192}
{"mock_phase": "before_read", "rank": 1, "copies": 64, "bytes": 8388608}
{"mock_phase": "read_complete", "rank": 1, "ret": 0, "bytes": 8388608}
{"mock_phase": "before_read", "rank": 1, "copies": 64, "bytes": 8388608}
{"mock_phase": "read_complete", "rank": 1, "ret": 0, "bytes": 8388608}
{"mock_phase": "before_read", "rank": 1, "copies": 64, "bytes": 1048576}
{"mock_phase": "read_complete", "rank": 1, "ret": 0, "bytes": 1048576}
{"mock_phase": "before_read", "rank": 1, "copies": 64, "bytes": 1048576}
{"mock_phase": "read_complete", "rank": 1, "ret": 0, "bytes": 1048576}
{"mock_phase": "before_read", "rank": 1, "copies": 64, "bytes": 16384}
{"mock_phase": "read_complete", "rank": 1, "ret": 0, "bytes": 16384}
{"mock_phase": "before_read", "rank": 1, "copies": 64, "bytes": 16384}
{"mock_phase": "read_complete", "rank": 1, "ret": 0, "bytes": 16384}
{"mock_phase": "before_read", "rank": 1, "copies": 43, "bytes": 5636096}
{"mock_phase": "read_complete", "rank": 1, "ret": 0, "bytes": 5636096}
{"mock_phase": "planned", "request_id": "cmpl-8eeb233a61dcab7c-0-bcdedef9", "rank": 2, "pages": 1579, "bytes": 52903936}
{"mock_phase": "before_read", "rank": 2, "copies": 64, "bytes": 4194304}
{"mock_phase": "read_complete", "rank": 2, "ret": 0, "bytes": 4194304}
{"mock_phase": "before_read", "rank": 2, "copies": 64, "bytes": 4194304}
{"mock_phase": "read_complete", "rank": 2, "ret": 0, "bytes": 4194304}
{"mock_phase": "before_read", "rank": 2, "copies": 64, "bytes": 524288}
{"mock_phase": "read_complete", "rank": 2, "ret": 0, "bytes": 524288}
{"mock_phase": "before_read", "rank": 2, "copies": 64, "bytes": 524288}
{"mock_phase": "read_complete", "rank": 2, "ret": 0, "bytes": 524288}
{"mock_phase": "before_read", "rank": 2, "copies": 64, "bytes": 8192}
{"mock_phase": "read_complete", "rank": 2, "ret": 0, "bytes": 8192}
{"mock_phase": "before_read", "rank": 2, "copies": 64, "bytes": 8192}
{"mock_phase": "read_complete", "rank": 2, "ret": 0, "bytes": 8192}
{"mock_phase": "before_read", "rank": 2, "copies": 64, "bytes": 4194304}
{"mock_phase": "read_complete", "rank": 2, "ret": 0, "bytes": 4194304}
{"mock_phase": "before_read", "rank": 2, "copies": 64, "bytes": 4194304}
{"mock_phase": "read_complete", "rank": 2, "ret": 0, "bytes": 4194304}
{"mock_phase": "before_read", "rank": 2, "copies": 64, "bytes": 524288}
{"mock_phase": "read_complete", "rank": 2, "ret": 0, "bytes": 524288}
{"mock_phase": "before_read", "rank": 2, "copies": 64, "bytes": 524288}
{"mock_phase": "read_complete", "rank": 2, "ret": 0, "bytes": 524288}
{"mock_phase": "before_read", "rank": 2, "copies": 64, "bytes": 8192}
{"mock_phase": "read_complete", "rank": 2, "ret": 0, "bytes": 8192}
{"mock_phase": "before_read", "rank": 2, "copies": 64, "bytes": 8192}
{"mock_phase": "read_complete", "rank": 2, "ret": 0, "bytes": 8192}
{"mock_phase": "before_read", "rank": 2, "copies": 64, "bytes": 4194304}
{"mock_phase": "read_complete", "rank": 2, "ret": 0, "bytes": 4194304}
{"mock_phase": "before_read", "rank": 2, "copies": 64, "bytes": 4194304}
{"mock_phase": "read_complete", "rank": 2, "ret": 0, "bytes": 4194304}
{"mock_phase": "before_read", "rank": 2, "copies": 64, "bytes": 524288}
{"mock_phase": "read_complete", "rank": 2, "ret": 0, "bytes": 524288}
{"mock_phase": "before_read", "rank": 2, "copies": 64, "bytes": 524288}
{"mock_phase": "read_complete", "rank": 2, "ret": 0, "bytes": 524288}
{"mock_phase": "before_read", "rank": 2, "copies": 64, "bytes": 8192}
{"mock_phase": "read_complete", "rank": 2, "ret": 0, "bytes": 8192}
{"mock_phase": "before_read", "rank": 2, "copies": 64, "bytes": 8192}
{"mock_phase": "read_complete", "rank": 2, "ret": 0, "bytes": 8192}
{"mock_phase": "before_read", "rank": 2, "copies": 64, "bytes": 8388608}
{"mock_phase": "read_complete", "rank": 2, "ret": 0, "bytes": 8388608}
{"mock_phase": "before_read", "rank": 2, "copies": 64, "bytes": 8388608}
{"mock_phase": "read_complete", "rank": 2, "ret": 0, "bytes": 8388608}
{"mock_phase": "before_read", "rank": 2, "copies": 64, "bytes": 1048576}
{"mock_phase": "read_complete", "rank": 2, "ret": 0, "bytes": 1048576}
{"mock_phase": "before_read", "rank": 2, "copies": 64, "bytes": 1048576}
{"mock_phase": "read_complete", "rank": 2, "ret": 0, "bytes": 1048576}
{"mock_phase": "before_read", "rank": 2, "copies": 64, "bytes": 16384}
{"mock_phase": "read_complete", "rank": 2, "ret": 0, "bytes": 16384}
{"mock_phase": "before_read", "rank": 2, "copies": 64, "bytes": 16384}
{"mock_phase": "read_complete", "rank": 2, "ret": 0, "bytes": 16384}
{"mock_phase": "before_read", "rank": 2, "copies": 43, "bytes": 5636096}
{"mock_phase": "read_complete", "rank": 2, "ret": 0, "bytes": 5636096}
{"mock_phase": "planned", "request_id": "cmpl-8eeb233a61dcab7c-0-bcdedef9", "rank": 3, "pages": 1579, "bytes": 52903936}
{"mock_phase": "before_read", "rank": 3, "copies": 64, "bytes": 4194304}
{"mock_phase": "read_complete", "rank": 3, "ret": 0, "bytes": 4194304}
{"mock_phase": "before_read", "rank": 3, "copies": 64, "bytes": 4194304}
{"mock_phase": "read_complete", "rank": 3, "ret": 0, "bytes": 4194304}
{"mock_phase": "before_read", "rank": 3, "copies": 64, "bytes": 524288}
{"mock_phase": "read_complete", "rank": 3, "ret": 0, "bytes": 524288}
{"mock_phase": "before_read", "rank": 3, "copies": 64, "bytes": 524288}
{"mock_phase": "read_complete", "rank": 3, "ret": 0, "bytes": 524288}
{"mock_phase": "before_read", "rank": 3, "copies": 64, "bytes": 8192}
{"mock_phase": "read_complete", "rank": 3, "ret": 0, "bytes": 8192}
{"mock_phase": "before_read", "rank": 3, "copies": 64, "bytes": 8192}
{"mock_phase": "read_complete", "rank": 3, "ret": 0, "bytes": 8192}
{"mock_phase": "before_read", "rank": 3, "copies": 64, "bytes": 4194304}
{"mock_phase": "read_complete", "rank": 3, "ret": 0, "bytes": 4194304}
{"mock_phase": "before_read", "rank": 3, "copies": 64, "bytes": 4194304}
{"mock_phase": "read_complete", "rank": 3, "ret": 0, "bytes": 4194304}
{"mock_phase": "before_read", "rank": 3, "copies": 64, "bytes": 524288}
{"mock_phase": "read_complete", "rank": 3, "ret": 0, "bytes": 524288}
{"mock_phase": "before_read", "rank": 3, "copies": 64, "bytes": 524288}
{"mock_phase": "read_complete", "rank": 3, "ret": 0, "bytes": 524288}
{"mock_phase": "before_read", "rank": 3, "copies": 64, "bytes": 8192}
{"mock_phase": "read_complete", "rank": 3, "ret": 0, "bytes": 8192}
{"mock_phase": "before_read", "rank": 3, "copies": 64, "bytes": 8192}
{"mock_phase": "read_complete", "rank": 3, "ret": 0, "bytes": 8192}
{"mock_phase": "before_read", "rank": 3, "copies": 64, "bytes": 4194304}
{"mock_phase": "read_complete", "rank": 3, "ret": 0, "bytes": 4194304}
{"mock_phase": "before_read", "rank": 3, "copies": 64, "bytes": 4194304}
{"mock_phase": "read_complete", "rank": 3, "ret": 0, "bytes": 4194304}
{"mock_phase": "before_read", "rank": 3, "copies": 64, "bytes": 524288}
{"mock_phase": "read_complete", "rank": 3, "ret": 0, "bytes": 524288}
{"mock_phase": "before_read", "rank": 3, "copies": 64, "bytes": 524288}
{"mock_phase": "read_complete", "rank": 3, "ret": 0, "bytes": 524288}
{"mock_phase": "before_read", "rank": 3, "copies": 64, "bytes": 8192}
{"mock_phase": "read_complete", "rank": 3, "ret": 0, "bytes": 8192}
{"mock_phase": "before_read", "rank": 3, "copies": 64, "bytes": 8192}
{"mock_phase": "read_complete", "rank": 3, "ret": 0, "bytes": 8192}
{"mock_phase": "before_read", "rank": 3, "copies": 64, "bytes": 8388608}
{"mock_phase": "read_complete", "rank": 3, "ret": 0, "bytes": 8388608}
{"mock_phase": "before_read", "rank": 3, "copies": 64, "bytes": 8388608}
{"mock_phase": "read_complete", "rank": 3, "ret": 0, "bytes": 8388608}
{"mock_phase": "before_read", "rank": 3, "copies": 64, "bytes": 1048576}
{"mock_phase": "read_complete", "rank": 3, "ret": 0, "bytes": 1048576}
{"mock_phase": "before_read", "rank": 3, "copies": 64, "bytes": 1048576}
{"mock_phase": "read_complete", "rank": 3, "ret": 0, "bytes": 1048576}
{"mock_phase": "before_read", "rank": 3, "copies": 64, "bytes": 16384}
{"mock_phase": "read_complete", "rank": 3, "ret": 0, "bytes": 16384}
{"mock_phase": "before_read", "rank": 3, "copies": 64, "bytes": 16384}
{"mock_phase": "read_complete", "rank": 3, "ret": 0, "bytes": 16384}
{"mock_phase": "before_read", "rank": 3, "copies": 43, "bytes": 5636096}
{"mock_phase": "read_complete", "rank": 3, "ret": 0, "bytes": 5636096}
{"mock_phase": "planned", "request_id": "cmpl-8eeb233a61dcab7c-0-bcdedef9", "rank": 4, "pages": 1579, "bytes": 52903936}
{"mock_phase": "before_read", "rank": 4, "copies": 64, "bytes": 4194304}
{"mock_phase": "read_complete", "rank": 4, "ret": 0, "bytes": 4194304}
{"mock_phase": "before_read", "rank": 4, "copies": 64, "bytes": 4194304}
{"mock_phase": "read_complete", "rank": 4, "ret": 0, "bytes": 4194304}
{"mock_phase": "before_read", "rank": 4, "copies": 64, "bytes": 524288}
{"mock_phase": "read_complete", "rank": 4, "ret": 0, "bytes": 524288}
{"mock_phase": "before_read", "rank": 4, "copies": 64, "bytes": 524288}
{"mock_phase": "read_complete", "rank": 4, "ret": 0, "bytes": 524288}
{"mock_phase": "before_read", "rank": 4, "copies": 64, "bytes": 8192}
{"mock_phase": "read_complete", "rank": 4, "ret": 0, "bytes": 8192}
{"mock_phase": "before_read", "rank": 4, "copies": 64, "bytes": 8192}
{"mock_phase": "read_complete", "rank": 4, "ret": 0, "bytes": 8192}
{"mock_phase": "before_read", "rank": 4, "copies": 64, "bytes": 4194304}
{"mock_phase": "read_complete", "rank": 4, "ret": 0, "bytes": 4194304}
{"mock_phase": "before_read", "rank": 4, "copies": 64, "bytes": 4194304}
{"mock_phase": "read_complete", "rank": 4, "ret": 0, "bytes": 4194304}
{"mock_phase": "before_read", "rank": 4, "copies": 64, "bytes": 524288}
{"mock_phase": "read_complete", "rank": 4, "ret": 0, "bytes": 524288}
{"mock_phase": "before_read", "rank": 4, "copies": 64, "bytes": 524288}
{"mock_phase": "read_complete", "rank": 4, "ret": 0, "bytes": 524288}
{"mock_phase": "before_read", "rank": 4, "copies": 64, "bytes": 8192}
{"mock_phase": "read_complete", "rank": 4, "ret": 0, "bytes": 8192}
{"mock_phase": "before_read", "rank": 4, "copies": 64, "bytes": 8192}
{"mock_phase": "read_complete", "rank": 4, "ret": 0, "bytes": 8192}
{"mock_phase": "before_read", "rank": 4, "copies": 64, "bytes": 4194304}
{"mock_phase": "read_complete", "rank": 4, "ret": 0, "bytes": 4194304}
{"mock_phase": "before_read", "rank": 4, "copies": 64, "bytes": 4194304}
{"mock_phase": "read_complete", "rank": 4, "ret": 0, "bytes": 4194304}
{"mock_phase": "before_read", "rank": 4, "copies": 64, "bytes": 524288}
{"mock_phase": "read_complete", "rank": 4, "ret": 0, "bytes": 524288}
{"mock_phase": "before_read", "rank": 4, "copies": 64, "bytes": 524288}
{"mock_phase": "read_complete", "rank": 4, "ret": 0, "bytes": 524288}
{"mock_phase": "before_read", "rank": 4, "copies": 64, "bytes": 8192}
{"mock_phase": "read_complete", "rank": 4, "ret": 0, "bytes": 8192}
{"mock_phase": "before_read", "rank": 4, "copies": 64, "bytes": 8192}
{"mock_phase": "read_complete", "rank": 4, "ret": 0, "bytes": 8192}
{"mock_phase": "before_read", "rank": 4, "copies": 64, "bytes": 8388608}
{"mock_phase": "read_complete", "rank": 4, "ret": 0, "bytes": 8388608}
{"mock_phase": "before_read", "rank": 4, "copies": 64, "bytes": 8388608}
{"mock_phase": "read_complete", "rank": 4, "ret": 0, "bytes": 8388608}
{"mock_phase": "before_read", "rank": 4, "copies": 64, "bytes": 1048576}
{"mock_phase": "read_complete", "rank": 4, "ret": 0, "bytes": 1048576}
{"mock_phase": "before_read", "rank": 4, "copies": 64, "bytes": 1048576}
{"mock_phase": "read_complete", "rank": 4, "ret": 0, "bytes": 1048576}
{"mock_phase": "before_read", "rank": 4, "copies": 64, "bytes": 16384}
{"mock_phase": "read_complete", "rank": 4, "ret": 0, "bytes": 16384}
{"mock_phase": "before_read", "rank": 4, "copies": 64, "bytes": 16384}
{"mock_phase": "read_complete", "rank": 4, "ret": 0, "bytes": 16384}
{"mock_phase": "before_read", "rank": 4, "copies": 43, "bytes": 5636096}
{"mock_phase": "read_complete", "rank": 4, "ret": 0, "bytes": 5636096}
{"mock_phase": "planned", "request_id": "cmpl-8eeb233a61dcab7c-0-bcdedef9", "rank": 5, "pages": 1579, "bytes": 52903936}
{"mock_phase": "before_read", "rank": 5, "copies": 64, "bytes": 4194304}
{"mock_phase": "read_complete", "rank": 5, "ret": 0, "bytes": 4194304}
{"mock_phase": "before_read", "rank": 5, "copies": 64, "bytes": 4194304}
{"mock_phase": "read_complete", "rank": 5, "ret": 0, "bytes": 4194304}
{"mock_phase": "before_read", "rank": 5, "copies": 64, "bytes": 524288}
{"mock_phase": "read_complete", "rank": 5, "ret": 0, "bytes": 524288}
{"mock_phase": "before_read", "rank": 5, "copies": 64, "bytes": 524288}
{"mock_phase": "read_complete", "rank": 5, "ret": 0, "bytes": 524288}
{"mock_phase": "before_read", "rank": 5, "copies": 64, "bytes": 8192}
{"mock_phase": "read_complete", "rank": 5, "ret": 0, "bytes": 8192}
{"mock_phase": "before_read", "rank": 5, "copies": 64, "bytes": 8192}
{"mock_phase": "read_complete", "rank": 5, "ret": 0, "bytes": 8192}
{"mock_phase": "before_read", "rank": 5, "copies": 64, "bytes": 4194304}
{"mock_phase": "read_complete", "rank": 5, "ret": 0, "bytes": 4194304}
{"mock_phase": "before_read", "rank": 5, "copies": 64, "bytes": 4194304}
{"mock_phase": "read_complete", "rank": 5, "ret": 0, "bytes": 4194304}
{"mock_phase": "before_read", "rank": 5, "copies": 64, "bytes": 524288}
{"mock_phase": "read_complete", "rank": 5, "ret": 0, "bytes": 524288}
{"mock_phase": "before_read", "rank": 5, "copies": 64, "bytes": 524288}
{"mock_phase": "read_complete", "rank": 5, "ret": 0, "bytes": 524288}
{"mock_phase": "before_read", "rank": 5, "copies": 64, "bytes": 8192}
{"mock_phase": "read_complete", "rank": 5, "ret": 0, "bytes": 8192}
{"mock_phase": "before_read", "rank": 5, "copies": 64, "bytes": 8192}
{"mock_phase": "read_complete", "rank": 5, "ret": 0, "bytes": 8192}
{"mock_phase": "before_read", "rank": 5, "copies": 64, "bytes": 4194304}
{"mock_phase": "read_complete", "rank": 5, "ret": 0, "bytes": 4194304}
{"mock_phase": "before_read", "rank": 5, "copies": 64, "bytes": 4194304}
{"mock_phase": "read_complete", "rank": 5, "ret": 0, "bytes": 4194304}
{"mock_phase": "before_read", "rank": 5, "copies": 64, "bytes": 524288}
{"mock_phase": "read_complete", "rank": 5, "ret": 0, "bytes": 524288}
{"mock_phase": "before_read", "rank": 5, "copies": 64, "bytes": 524288}
{"mock_phase": "read_complete", "rank": 5, "ret": 0, "bytes": 524288}
{"mock_phase": "before_read", "rank": 5, "copies": 64, "bytes": 8192}
{"mock_phase": "read_complete", "rank": 5, "ret": 0, "bytes": 8192}
{"mock_phase": "before_read", "rank": 5, "copies": 64, "bytes": 8192}
{"mock_phase": "read_complete", "rank": 5, "ret": 0, "bytes": 8192}
{"mock_phase": "before_read", "rank": 5, "copies": 64, "bytes": 8388608}
{"mock_phase": "read_complete", "rank": 5, "ret": 0, "bytes": 8388608}
{"mock_phase": "before_read", "rank": 5, "copies": 64, "bytes": 8388608}
{"mock_phase": "read_complete", "rank": 5, "ret": 0, "bytes": 8388608}
{"mock_phase": "before_read", "rank": 5, "copies": 64, "bytes": 1048576}
{"mock_phase": "read_complete", "rank": 5, "ret": 0, "bytes": 1048576}
{"mock_phase": "before_read", "rank": 5, "copies": 64, "bytes": 1048576}
{"mock_phase": "read_complete", "rank": 5, "ret": 0, "bytes": 1048576}
{"mock_phase": "before_read", "rank": 5, "copies": 64, "bytes": 16384}
{"mock_phase": "read_complete", "rank": 5, "ret": 0, "bytes": 16384}
{"mock_phase": "before_read", "rank": 5, "copies": 64, "bytes": 16384}
{"mock_phase": "read_complete", "rank": 5, "ret": 0, "bytes": 16384}
{"mock_phase": "before_read", "rank": 5, "copies": 43, "bytes": 5636096}
{"mock_phase": "read_complete", "rank": 5, "ret": 0, "bytes": 5636096}
{"mock_phase": "planned", "request_id": "cmpl-8eeb233a61dcab7c-0-bcdedef9", "rank": 6, "pages": 1579, "bytes": 52903936}
{"mock_phase": "before_read", "rank": 6, "copies": 64, "bytes": 4194304}
{"mock_phase": "read_complete", "rank": 6, "ret": 0, "bytes": 4194304}
{"mock_phase": "before_read", "rank": 6, "copies": 64, "bytes": 4194304}
{"mock_phase": "read_complete", "rank": 6, "ret": 0, "bytes": 4194304}
{"mock_phase": "before_read", "rank": 6, "copies": 64, "bytes": 524288}
{"mock_phase": "read_complete", "rank": 6, "ret": 0, "bytes": 524288}
{"mock_phase": "before_read", "rank": 6, "copies": 64, "bytes": 524288}
{"mock_phase": "read_complete", "rank": 6, "ret": 0, "bytes": 524288}
{"mock_phase": "before_read", "rank": 6, "copies": 64, "bytes": 8192}
{"mock_phase": "read_complete", "rank": 6, "ret": 0, "bytes": 8192}
{"mock_phase": "before_read", "rank": 6, "copies": 64, "bytes": 8192}
{"mock_phase": "read_complete", "rank": 6, "ret": 0, "bytes": 8192}
{"mock_phase": "before_read", "rank": 6, "copies": 64, "bytes": 4194304}
{"mock_phase": "read_complete", "rank": 6, "ret": 0, "bytes": 4194304}
{"mock_phase": "before_read", "rank": 6, "copies": 64, "bytes": 4194304}
{"mock_phase": "read_complete", "rank": 6, "ret": 0, "bytes": 4194304}
{"mock_phase": "before_read", "rank": 6, "copies": 64, "bytes": 524288}
{"mock_phase": "read_complete", "rank": 6, "ret": 0, "bytes": 524288}
{"mock_phase": "before_read", "rank": 6, "copies": 64, "bytes": 524288}
{"mock_phase": "read_complete", "rank": 6, "ret": 0, "bytes": 524288}
{"mock_phase": "before_read", "rank": 6, "copies": 64, "bytes": 8192}
{"mock_phase": "read_complete", "rank": 6, "ret": 0, "bytes": 8192}
{"mock_phase": "before_read", "rank": 6, "copies": 64, "bytes": 8192}
{"mock_phase": "read_complete", "rank": 6, "ret": 0, "bytes": 8192}
{"mock_phase": "before_read", "rank": 6, "copies": 64, "bytes": 4194304}
{"mock_phase": "read_complete", "rank": 6, "ret": 0, "bytes": 4194304}
{"mock_phase": "before_read", "rank": 6, "copies": 64, "bytes": 4194304}
{"mock_phase": "read_complete", "rank": 6, "ret": 0, "bytes": 4194304}
{"mock_phase": "before_read", "rank": 6, "copies": 64, "bytes": 524288}
{"mock_phase": "read_complete", "rank": 6, "ret": 0, "bytes": 524288}
{"mock_phase": "before_read", "rank": 6, "copies": 64, "bytes": 524288}
{"mock_phase": "read_complete", "rank": 6, "ret": 0, "bytes": 524288}
{"mock_phase": "before_read", "rank": 6, "copies": 64, "bytes": 8192}
{"mock_phase": "read_complete", "rank": 6, "ret": 0, "bytes": 8192}
{"mock_phase": "before_read", "rank": 6, "copies": 64, "bytes": 8192}
{"mock_phase": "read_complete", "rank": 6, "ret": 0, "bytes": 8192}
{"mock_phase": "before_read", "rank": 6, "copies": 64, "bytes": 8388608}
{"mock_phase": "read_complete", "rank": 6, "ret": 0, "bytes": 8388608}
{"mock_phase": "before_read", "rank": 6, "copies": 64, "bytes": 8388608}
{"mock_phase": "read_complete", "rank": 6, "ret": 0, "bytes": 8388608}
{"mock_phase": "before_read", "rank": 6, "copies": 64, "bytes": 1048576}
{"mock_phase": "read_complete", "rank": 6, "ret": 0, "bytes": 1048576}
{"mock_phase": "before_read", "rank": 6, "copies": 64, "bytes": 1048576}
{"mock_phase": "read_complete", "rank": 6, "ret": 0, "bytes": 1048576}
{"mock_phase": "before_read", "rank": 6, "copies": 64, "bytes": 16384}
{"mock_phase": "read_complete", "rank": 6, "ret": 0, "bytes": 16384}
{"mock_phase": "before_read", "rank": 6, "copies": 64, "bytes": 16384}
{"mock_phase": "read_complete", "rank": 6, "ret": 0, "bytes": 16384}
{"mock_phase": "before_read", "rank": 6, "copies": 43, "bytes": 5636096}
{"mock_phase": "read_complete", "rank": 6, "ret": 0, "bytes": 5636096}
{"mock_phase": "planned", "request_id": "cmpl-8eeb233a61dcab7c-0-bcdedef9", "rank": 7, "pages": 1579, "bytes": 52903936}
{"mock_phase": "before_read", "rank": 7, "copies": 64, "bytes": 4194304}
{"mock_phase": "read_complete", "rank": 7, "ret": 0, "bytes": 4194304}
{"mock_phase": "before_read", "rank": 7, "copies": 64, "bytes": 4194304}
{"mock_phase": "read_complete", "rank": 7, "ret": 0, "bytes": 4194304}
{"mock_phase": "before_read", "rank": 7, "copies": 64, "bytes": 524288}
{"mock_phase": "read_complete", "rank": 7, "ret": 0, "bytes": 524288}
{"mock_phase": "before_read", "rank": 7, "copies": 64, "bytes": 524288}
{"mock_phase": "read_complete", "rank": 7, "ret": 0, "bytes": 524288}
{"mock_phase": "before_read", "rank": 7, "copies": 64, "bytes": 8192}
{"mock_phase": "read_complete", "rank": 7, "ret": 0, "bytes": 8192}
{"mock_phase": "before_read", "rank": 7, "copies": 64, "bytes": 8192}
{"mock_phase": "read_complete", "rank": 7, "ret": 0, "bytes": 8192}
{"mock_phase": "before_read", "rank": 7, "copies": 64, "bytes": 4194304}
{"mock_phase": "read_complete", "rank": 7, "ret": 0, "bytes": 4194304}
{"mock_phase": "before_read", "rank": 7, "copies": 64, "bytes": 4194304}
{"mock_phase": "read_complete", "rank": 7, "ret": 0, "bytes": 4194304}
{"mock_phase": "before_read", "rank": 7, "copies": 64, "bytes": 524288}
{"mock_phase": "read_complete", "rank": 7, "ret": 0, "bytes": 524288}
{"mock_phase": "before_read", "rank": 7, "copies": 64, "bytes": 524288}
{"mock_phase": "read_complete", "rank": 7, "ret": 0, "bytes": 524288}
{"mock_phase": "before_read", "rank": 7, "copies": 64, "bytes": 8192}
{"mock_phase": "read_complete", "rank": 7, "ret": 0, "bytes": 8192}
{"mock_phase": "before_read", "rank": 7, "copies": 64, "bytes": 8192}
{"mock_phase": "read_complete", "rank": 7, "ret": 0, "bytes": 8192}
{"mock_phase": "before_read", "rank": 7, "copies": 64, "bytes": 4194304}
{"mock_phase": "read_complete", "rank": 7, "ret": 0, "bytes": 4194304}
{"mock_phase": "before_read", "rank": 7, "copies": 64, "bytes": 4194304}
{"mock_phase": "read_complete", "rank": 7, "ret": 0, "bytes": 4194304}
{"mock_phase": "before_read", "rank": 7, "copies": 64, "bytes": 524288}
{"mock_phase": "read_complete", "rank": 7, "ret": 0, "bytes": 524288}
{"mock_phase": "before_read", "rank": 7, "copies": 64, "bytes": 524288}
{"mock_phase": "read_complete", "rank": 7, "ret": 0, "bytes": 524288}
{"mock_phase": "before_read", "rank": 7, "copies": 64, "bytes": 8192}
{"mock_phase": "read_complete", "rank": 7, "ret": 0, "bytes": 8192}
{"mock_phase": "before_read", "rank": 7, "copies": 64, "bytes": 8192}
{"mock_phase": "read_complete", "rank": 7, "ret": 0, "bytes": 8192}
{"mock_phase": "before_read", "rank": 7, "copies": 64, "bytes": 8388608}
{"mock_phase": "read_complete", "rank": 7, "ret": 0, "bytes": 8388608}
{"mock_phase": "before_read", "rank": 7, "copies": 64, "bytes": 8388608}
{"mock_phase": "read_complete", "rank": 7, "ret": 0, "bytes": 8388608}
{"mock_phase": "before_read", "rank": 7, "copies": 64, "bytes": 1048576}
{"mock_phase": "read_complete", "rank": 7, "ret": 0, "bytes": 1048576}
{"mock_phase": "before_read", "rank": 7, "copies": 64, "bytes": 1048576}
{"mock_phase": "read_complete", "rank": 7, "ret": 0, "bytes": 1048576}
{"mock_phase": "before_read", "rank": 7, "copies": 64, "bytes": 16384}
{"mock_phase": "read_complete", "rank": 7, "ret": 0, "bytes": 16384}
{"mock_phase": "before_read", "rank": 7, "copies": 64, "bytes": 16384}
{"mock_phase": "read_complete", "rank": 7, "ret": 0, "bytes": 16384}
{"mock_phase": "before_read", "rank": 7, "copies": 43, "bytes": 5636096}
{"mock_phase": "read_complete", "rank": 7, "ret": 0, "bytes": 5636096}
{"ok": true, "request_id": "cmpl-8eeb233a61dcab7c-0-bcdedef9", "ranks": [{"rank": 0, "bytes": 52903936, "read_s": 0.012529067229479551, "hash_s": 0.07064756006002426, "nonzero_groups": [0, 1, 2, 3, 4, 5, 6]}, {"rank": 1, "bytes": 52903936, "read_s": 0.01205885922536254, "hash_s": 0.07013802789151669, "nonzero_groups": [0, 1, 2, 3, 4, 5, 6]}, {"rank": 2, "bytes": 52903936, "read_s": 0.011594298761337996, "hash_s": 0.07023587822914124, "nonzero_groups": [0, 1, 2, 3, 4, 5, 6]}, {"rank": 3, "bytes": 52903936, "read_s": 0.01171274995431304, "hash_s": 0.06953697139397264, "nonzero_groups": [0, 1, 2, 3, 4, 5, 6]}, {"rank": 4, "bytes": 52903936, "read_s": 0.011613119393587112, "hash_s": 0.07045585894957185, "nonzero_groups": [0, 1, 2, 3, 4, 5, 6]}, {"rank": 5, "bytes": 52903936, "read_s": 0.011822299100458622, "hash_s": 0.07026246748864651, "nonzero_groups": [0, 1, 2, 3, 4, 5, 6]}, {"rank": 6, "bytes": 52903936, "read_s": 0.011563060339540243, "hash_s": 0.07062745979055762, "nonzero_groups": [0, 1, 2, 3, 4, 5, 6]}, {"rank": 7, "bytes": 52903936, "read_s": 0.0115199601277709, "hash_s": 0.07055543083697557, "nonzero_groups": [0, 1, 2, 3, 4, 5, 6]}], "bytes": 423231488, "consume_s": 0.7027521296404302, "ack_s": 0.0032727601937949657, "total_s": 0.706025059800595, "hold_ms": 0}
127.0.0.1 - - [09/Oct/2026 07:22:34] "POST /consume HTTP/1.1" 200 -
{"mock_phase": "planned", "request_id": "cmpl-8b2a34324aeef740-0-a9ed3c57", "rank": 0, "pages": 1579, "bytes": 52903936}
{"mock_phase": "before_read", "rank": 0, "copies": 64, "bytes": 4194304}
{"mock_phase": "read_complete", "rank": 0, "ret": 0, "bytes": 4194304}
{"mock_phase": "before_read", "rank": 0, "copies": 64, "bytes": 4194304}
{"mock_phase": "read_complete", "rank": 0, "ret": 0, "bytes": 4194304}
{"mock_phase": "before_read", "rank": 0, "copies": 64, "bytes": 524288}
{"mock_phase": "read_complete", "rank": 0, "ret": 0, "bytes": 524288}
{"mock_phase": "before_read", "rank": 0, "copies": 64, "bytes": 524288}
{"mock_phase": "read_complete", "rank": 0, "ret": 0, "bytes": 524288}
{"mock_phase": "before_read", "rank": 0, "copies": 64, "bytes": 8192}
{"mock_phase": "read_complete", "rank": 0, "ret": 0, "bytes": 8192}
{"mock_phase": "before_read", "rank": 0, "copies": 64, "bytes": 8192}
{"mock_phase": "read_complete", "rank": 0, "ret": 0, "bytes": 8192}
{"mock_phase": "before_read", "rank": 0, "copies": 64, "bytes": 4194304}
{"mock_phase": "read_complete", "rank": 0, "ret": 0, "bytes": 4194304}
{"mock_phase": "before_read", "rank": 0, "copies": 64, "bytes": 4194304}
{"mock_phase": "read_complete", "rank": 0, "ret": 0, "bytes": 4194304}
{"mock_phase": "before_read", "rank": 0, "copies": 64, "bytes": 524288}
{"mock_phase": "read_complete", "rank": 0, "ret": 0, "bytes": 524288}
{"mock_phase": "before_read", "rank": 0, "copies": 64, "bytes": 524288}
{"mock_phase": "read_complete", "rank": 0, "ret": 0, "bytes": 524288}
{"mock_phase": "before_read", "rank": 0, "copies": 64, "bytes": 8192}
{"mock_phase": "read_complete", "rank": 0, "ret": 0, "bytes": 8192}
{"mock_phase": "before_read", "rank": 0, "copies": 64, "bytes": 8192}
{"mock_phase": "read_complete", "rank": 0, "ret": 0, "bytes": 8192}
{"mock_phase": "before_read", "rank": 0, "copies": 64, "bytes": 4194304}
{"mock_phase": "read_complete", "rank": 0, "ret": 0, "bytes": 4194304}
{"mock_phase": "before_read", "rank": 0, "copies": 64, "bytes": 4194304}
{"mock_phase": "read_complete", "rank": 0, "ret": 0, "bytes": 4194304}
{"mock_phase": "before_read", "rank": 0, "copies": 64, "bytes": 524288}
{"mock_phase": "read_complete", "rank": 0, "ret": 0, "bytes": 524288}
{"mock_phase": "before_read", "rank": 0, "copies": 64, "bytes": 524288}
{"mock_phase": "read_complete", "rank": 0, "ret": 0, "bytes": 524288}
{"mock_phase": "before_read", "rank": 0, "copies": 64, "bytes": 8192}
{"mock_phase": "read_complete", "rank": 0, "ret": 0, "bytes": 8192}
{"mock_phase": "before_read", "rank": 0, "copies": 64, "bytes": 8192}
{"mock_phase": "read_complete", "rank": 0, "ret": 0, "bytes": 8192}
{"mock_phase": "before_read", "rank": 0, "copies": 64, "bytes": 8388608}
{"mock_phase": "read_complete", "rank": 0, "ret": 0, "bytes": 8388608}
{"mock_phase": "before_read", "rank": 0, "copies": 64, "bytes": 8388608}
{"mock_phase": "read_complete", "rank": 0, "ret": 0, "bytes": 8388608}
{"mock_phase": "before_read", "rank": 0, "copies": 64, "bytes": 1048576}
{"mock_phase": "read_complete", "rank": 0, "ret": 0, "bytes": 1048576}
{"mock_phase": "before_read", "rank": 0, "copies": 64, "bytes": 1048576}
{"mock_phase": "read_complete", "rank": 0, "ret": 0, "bytes": 1048576}
{"mock_phase": "before_read", "rank": 0, "copies": 64, "bytes": 16384}
{"mock_phase": "read_complete", "rank": 0, "ret": 0, "bytes": 16384}
{"mock_phase": "before_read", "rank": 0, "copies": 64, "bytes": 16384}
{"mock_phase": "read_complete", "rank": 0, "ret": 0, "bytes": 16384}
{"mock_phase": "before_read", "rank": 0, "copies": 43, "bytes": 5636096}
{"mock_phase": "read_complete", "rank": 0, "ret": 0, "bytes": 5636096}
{"mock_phase": "planned", "request_id": "cmpl-8b2a34324aeef740-0-a9ed3c57", "rank": 1, "pages": 1579, "bytes": 52903936}
{"mock_phase": "before_read", "rank": 1, "copies": 64, "bytes": 4194304}
{"mock_phase": "read_complete", "rank": 1, "ret": 0, "bytes": 4194304}
{"mock_phase": "before_read", "rank": 1, "copies": 64, "bytes": 4194304}
{"mock_phase": "read_complete", "rank": 1, "ret": 0, "bytes": 4194304}
{"mock_phase": "before_read", "rank": 1, "copies": 64, "bytes": 524288}
{"mock_phase": "read_complete", "rank": 1, "ret": 0, "bytes": 524288}
{"mock_phase": "before_read", "rank": 1, "copies": 64, "bytes": 524288}
{"mock_phase": "read_complete", "rank": 1, "ret": 0, "bytes": 524288}
{"mock_phase": "before_read", "rank": 1, "copies": 64, "bytes": 8192}
{"mock_phase": "read_complete", "rank": 1, "ret": 0, "bytes": 8192}
{"mock_phase": "before_read", "rank": 1, "copies": 64, "bytes": 8192}
{"mock_phase": "read_complete", "rank": 1, "ret": 0, "bytes": 8192}
{"mock_phase": "before_read", "rank": 1, "copies": 64, "bytes": 4194304}
{"mock_phase": "read_complete", "rank": 1, "ret": 0, "bytes": 4194304}
{"mock_phase": "before_read", "rank": 1, "copies": 64, "bytes": 4194304}
{"mock_phase": "read_complete", "rank": 1, "ret": 0, "bytes": 4194304}
{"mock_phase": "before_read", "rank": 1, "copies": 64, "bytes": 524288}
{"mock_phase": "read_complete", "rank": 1, "ret": 0, "bytes": 524288}
{"mock_phase": "before_read", "rank": 1, "copies": 64, "bytes": 524288}
{"mock_phase": "read_complete", "rank": 1, "ret": 0, "bytes": 524288}
{"mock_phase": "before_read", "rank": 1, "copies": 64, "bytes": 8192}
{"mock_phase": "read_complete", "rank": 1, "ret": 0, "bytes": 8192}
{"mock_phase": "before_read", "rank": 1, "copies": 64, "bytes": 8192}
{"mock_phase": "read_complete", "rank": 1, "ret": 0, "bytes": 8192}
{"mock_phase": "before_read", "rank": 1, "copies": 64, "bytes": 4194304}
{"mock_phase": "read_complete", "rank": 1, "ret": 0, "bytes": 4194304}
{"mock_phase": "before_read", "rank": 1, "copies": 64, "bytes": 4194304}
{"mock_phase": "read_complete", "rank": 1, "ret": 0, "bytes": 4194304}
{"mock_phase": "before_read", "rank": 1, "copies": 64, "bytes": 524288}
{"mock_phase": "read_complete", "rank": 1, "ret": 0, "bytes": 524288}
{"mock_phase": "before_read", "rank": 1, "copies": 64, "bytes": 524288}
{"mock_phase": "read_complete", "rank": 1, "ret": 0, "bytes": 524288}
{"mock_phase": "before_read", "rank": 1, "copies": 64, "bytes": 8192}
{"mock_phase": "read_complete", "rank": 1, "ret": 0, "bytes": 8192}
{"mock_phase": "before_read", "rank": 1, "copies": 64, "bytes": 8192}
{"mock_phase": "read_complete", "rank": 1, "ret": 0, "bytes": 8192}
{"mock_phase": "before_read", "rank": 1, "copies": 64, "bytes": 8388608}
{"mock_phase": "read_complete", "rank": 1, "ret": 0, "bytes": 8388608}
{"mock_phase": "before_read", "rank": 1, "copies": 64, "bytes": 8388608}
{"mock_phase": "read_complete", "rank": 1, "ret": 0, "bytes": 8388608}
{"mock_phase": "before_read", "rank": 1, "copies": 64, "bytes": 1048576}
{"mock_phase": "read_complete", "rank": 1, "ret": 0, "bytes": 1048576}
{"mock_phase": "before_read", "rank": 1, "copies": 64, "bytes": 1048576}
{"mock_phase": "read_complete", "rank": 1, "ret": 0, "bytes": 1048576}
{"mock_phase": "before_read", "rank": 1, "copies": 64, "bytes": 16384}
{"mock_phase": "read_complete", "rank": 1, "ret": 0, "bytes": 16384}
{"mock_phase": "before_read", "rank": 1, "copies": 64, "bytes": 16384}
{"mock_phase": "read_complete", "rank": 1, "ret": 0, "bytes": 16384}
{"mock_phase": "before_read", "rank": 1, "copies": 43, "bytes": 5636096}
{"mock_phase": "read_complete", "rank": 1, "ret": 0, "bytes": 5636096}
{"mock_phase": "planned", "request_id": "cmpl-8b2a34324aeef740-0-a9ed3c57", "rank": 2, "pages": 1579, "bytes": 52903936}
{"mock_phase": "before_read", "rank": 2, "copies": 64, "bytes": 4194304}
{"mock_phase": "read_complete", "rank": 2, "ret": 0, "bytes": 4194304}
{"mock_phase": "before_read", "rank": 2, "copies": 64, "bytes": 4194304}
{"mock_phase": "read_complete", "rank": 2, "ret": 0, "bytes": 4194304}
{"mock_phase": "before_read", "rank": 2, "copies": 64, "bytes": 524288}
{"mock_phase": "read_complete", "rank": 2, "ret": 0, "bytes": 524288}
{"mock_phase": "before_read", "rank": 2, "copies": 64, "bytes": 524288}
{"mock_phase": "read_complete", "rank": 2, "ret": 0, "bytes": 524288}
{"mock_phase": "before_read", "rank": 2, "copies": 64, "bytes": 8192}
{"mock_phase": "read_complete", "rank": 2, "ret": 0, "bytes": 8192}
{"mock_phase": "before_read", "rank": 2, "copies": 64, "bytes": 8192}
{"mock_phase": "read_complete", "rank": 2, "ret": 0, "bytes": 8192}
{"mock_phase": "before_read", "rank": 2, "copies": 64, "bytes": 4194304}
{"mock_phase": "read_complete", "rank": 2, "ret": 0, "bytes": 4194304}
{"mock_phase": "before_read", "rank": 2, "copies": 64, "bytes": 4194304}
{"mock_phase": "read_complete", "rank": 2, "ret": 0, "bytes": 4194304}
{"mock_phase": "before_read", "rank": 2, "copies": 64, "bytes": 524288}
{"mock_phase": "read_complete", "rank": 2, "ret": 0, "bytes": 524288}
{"mock_phase": "before_read", "rank": 2, "copies": 64, "bytes": 524288}
{"mock_phase": "read_complete", "rank": 2, "ret": 0, "bytes": 524288}
{"mock_phase": "before_read", "rank": 2, "copies": 64, "bytes": 8192}
{"mock_phase": "read_complete", "rank": 2, "ret": 0, "bytes": 8192}
{"mock_phase": "before_read", "rank": 2, "copies": 64, "bytes": 8192}
{"mock_phase": "read_complete", "rank": 2, "ret": 0, "bytes": 8192}
{"mock_phase": "before_read", "rank": 2, "copies": 64, "bytes": 4194304}
{"mock_phase": "read_complete", "rank": 2, "ret": 0, "bytes": 4194304}
{"mock_phase": "before_read", "rank": 2, "copies": 64, "bytes": 4194304}
{"mock_phase": "read_complete", "rank": 2, "ret": 0, "bytes": 4194304}
{"mock_phase": "before_read", "rank": 2, "copies": 64, "bytes": 524288}
{"mock_phase": "read_complete", "rank": 2, "ret": 0, "bytes": 524288}
{"mock_phase": "before_read", "rank": 2, "copies": 64, "bytes": 524288}
{"mock_phase": "read_complete", "rank": 2, "ret": 0, "bytes": 524288}
{"mock_phase": "before_read", "rank": 2, "copies": 64, "bytes": 8192}
{"mock_phase": "read_complete", "rank": 2, "ret": 0, "bytes": 8192}
{"mock_phase": "before_read", "rank": 2, "copies": 64, "bytes": 8192}
{"mock_phase": "read_complete", "rank": 2, "ret": 0, "bytes": 8192}
{"mock_phase": "before_read", "rank": 2, "copies": 64, "bytes": 8388608}
{"mock_phase": "read_complete", "rank": 2, "ret": 0, "bytes": 8388608}
{"mock_phase": "before_read", "rank": 2, "copies": 64, "bytes": 8388608}
{"mock_phase": "read_complete", "rank": 2, "ret": 0, "bytes": 8388608}
{"mock_phase": "before_read", "rank": 2, "copies": 64, "bytes": 1048576}
{"mock_phase": "read_complete", "rank": 2, "ret": 0, "bytes": 1048576}
{"mock_phase": "before_read", "rank": 2, "copies": 64, "bytes": 1048576}
{"mock_phase": "read_complete", "rank": 2, "ret": 0, "bytes": 1048576}
{"mock_phase": "before_read", "rank": 2, "copies": 64, "bytes": 16384}
{"mock_phase": "read_complete", "rank": 2, "ret": 0, "bytes": 16384}
{"mock_phase": "before_read", "rank": 2, "copies": 64, "bytes": 16384}
{"mock_phase": "read_complete", "rank": 2, "ret": 0, "bytes": 16384}
{"mock_phase": "before_read", "rank": 2, "copies": 43, "bytes": 5636096}
{"mock_phase": "read_complete", "rank": 2, "ret": 0, "bytes": 5636096}
{"mock_phase": "planned", "request_id": "cmpl-8b2a34324aeef740-0-a9ed3c57", "rank": 3, "pages": 1579, "bytes": 52903936}
{"mock_phase": "before_read", "rank": 3, "copies": 64, "bytes": 4194304}
{"mock_phase": "read_complete", "rank": 3, "ret": 0, "bytes": 4194304}
{"mock_phase": "before_read", "rank": 3, "copies": 64, "bytes": 4194304}
{"mock_phase": "read_complete", "rank": 3, "ret": 0, "bytes": 4194304}
{"mock_phase": "before_read", "rank": 3, "copies": 64, "bytes": 524288}
{"mock_phase": "read_complete", "rank": 3, "ret": 0, "bytes": 524288}
{"mock_phase": "before_read", "rank": 3, "copies": 64, "bytes": 524288}
{"mock_phase": "read_complete", "rank": 3, "ret": 0, "bytes": 524288}
{"mock_phase": "before_read", "rank": 3, "copies": 64, "bytes": 8192}
{"mock_phase": "read_complete", "rank": 3, "ret": 0, "bytes": 8192}
{"mock_phase": "before_read", "rank": 3, "copies": 64, "bytes": 8192}
{"mock_phase": "read_complete", "rank": 3, "ret": 0, "bytes": 8192}
{"mock_phase": "before_read", "rank": 3, "copies": 64, "bytes": 4194304}
{"mock_phase": "read_complete", "rank": 3, "ret": 0, "bytes": 4194304}
{"mock_phase": "before_read", "rank": 3, "copies": 64, "bytes": 4194304}
{"mock_phase": "read_complete", "rank": 3, "ret": 0, "bytes": 4194304}
{"mock_phase": "before_read", "rank": 3, "copies": 64, "bytes": 524288}
{"mock_phase": "read_complete", "rank": 3, "ret": 0, "bytes": 524288}
{"mock_phase": "before_read", "rank": 3, "copies": 64, "bytes": 524288}
{"mock_phase": "read_complete", "rank": 3, "ret": 0, "bytes": 524288}
{"mock_phase": "before_read", "rank": 3, "copies": 64, "bytes": 8192}
{"mock_phase": "read_complete", "rank": 3, "ret": 0, "bytes": 8192}
{"mock_phase": "before_read", "rank": 3, "copies": 64, "bytes": 8192}
{"mock_phase": "read_complete", "rank": 3, "ret": 0, "bytes": 8192}
{"mock_phase": "before_read", "rank": 3, "copies": 64, "bytes": 4194304}
{"mock_phase": "read_complete", "rank": 3, "ret": 0, "bytes": 4194304}
{"mock_phase": "before_read", "rank": 3, "copies": 64, "bytes": 4194304}
{"mock_phase": "read_complete", "rank": 3, "ret": 0, "bytes": 4194304}
{"mock_phase": "before_read", "rank": 3, "copies": 64, "bytes": 524288}
{"mock_phase": "read_complete", "rank": 3, "ret": 0, "bytes": 524288}
{"mock_phase": "before_read", "rank": 3, "copies": 64, "bytes": 524288}
{"mock_phase": "read_complete", "rank": 3, "ret": 0, "bytes": 524288}
{"mock_phase": "before_read", "rank": 3, "copies": 64, "bytes": 8192}
{"mock_phase": "read_complete", "rank": 3, "ret": 0, "bytes": 8192}
{"mock_phase": "before_read", "rank": 3, "copies": 64, "bytes": 8192}
{"mock_phase": "read_complete", "rank": 3, "ret": 0, "bytes": 8192}
{"mock_phase": "before_read", "rank": 3, "copies": 64, "bytes": 8388608}
{"mock_phase": "read_complete", "rank": 3, "ret": 0, "bytes": 8388608}
{"mock_phase": "before_read", "rank": 3, "copies": 64, "bytes": 8388608}
{"mock_phase": "read_complete", "rank": 3, "ret": 0, "bytes": 8388608}
{"mock_phase": "before_read", "rank": 3, "copies": 64, "bytes": 1048576}
{"mock_phase": "read_complete", "rank": 3, "ret": 0, "bytes": 1048576}
{"mock_phase": "before_read", "rank": 3, "copies": 64, "bytes": 1048576}
{"mock_phase": "read_complete", "rank": 3, "ret": 0, "bytes": 1048576}
{"mock_phase": "before_read", "rank": 3, "copies": 64, "bytes": 16384}
{"mock_phase": "read_complete", "rank": 3, "ret": 0, "bytes": 16384}
{"mock_phase": "before_read", "rank": 3, "copies": 64, "bytes": 16384}
{"mock_phase": "read_complete", "rank": 3, "ret": 0, "bytes": 16384}
{"mock_phase": "before_read", "rank": 3, "copies": 43, "bytes": 5636096}
{"mock_phase": "read_complete", "rank": 3, "ret": 0, "bytes": 5636096}
{"mock_phase": "planned", "request_id": "cmpl-8b2a34324aeef740-0-a9ed3c57", "rank": 4, "pages": 1579, "bytes": 52903936}
{"mock_phase": "before_read", "rank": 4, "copies": 64, "bytes": 4194304}
{"mock_phase": "read_complete", "rank": 4, "ret": 0, "bytes": 4194304}
{"mock_phase": "before_read", "rank": 4, "copies": 64, "bytes": 4194304}
{"mock_phase": "read_complete", "rank": 4, "ret": 0, "bytes": 4194304}
{"mock_phase": "before_read", "rank": 4, "copies": 64, "bytes": 524288}
{"mock_phase": "read_complete", "rank": 4, "ret": 0, "bytes": 524288}
{"mock_phase": "before_read", "rank": 4, "copies": 64, "bytes": 524288}
{"mock_phase": "read_complete", "rank": 4, "ret": 0, "bytes": 524288}
{"mock_phase": "before_read", "rank": 4, "copies": 64, "bytes": 8192}
{"mock_phase": "read_complete", "rank": 4, "ret": 0, "bytes": 8192}
{"mock_phase": "before_read", "rank": 4, "copies": 64, "bytes": 8192}
{"mock_phase": "read_complete", "rank": 4, "ret": 0, "bytes": 8192}
{"mock_phase": "before_read", "rank": 4, "copies": 64, "bytes": 4194304}
{"mock_phase": "read_complete", "rank": 4, "ret": 0, "bytes": 4194304}
{"mock_phase": "before_read", "rank": 4, "copies": 64, "bytes": 4194304}
{"mock_phase": "read_complete", "rank": 4, "ret": 0, "bytes": 4194304}
{"mock_phase": "before_read", "rank": 4, "copies": 64, "bytes": 524288}
{"mock_phase": "read_complete", "rank": 4, "ret": 0, "bytes": 524288}
{"mock_phase": "before_read", "rank": 4, "copies": 64, "bytes": 524288}
{"mock_phase": "read_complete", "rank": 4, "ret": 0, "bytes": 524288}
{"mock_phase": "before_read", "rank": 4, "copies": 64, "bytes": 8192}
{"mock_phase": "read_complete", "rank": 4, "ret": 0, "bytes": 8192}
{"mock_phase": "before_read", "rank": 4, "copies": 64, "bytes": 8192}
{"mock_phase": "read_complete", "rank": 4, "ret": 0, "bytes": 8192}
{"mock_phase": "before_read", "rank": 4, "copies": 64, "bytes": 4194304}
{"mock_phase": "read_complete", "rank": 4, "ret": 0, "bytes": 4194304}
{"mock_phase": "before_read", "rank": 4, "copies": 64, "bytes": 4194304}
{"mock_phase": "read_complete", "rank": 4, "ret": 0, "bytes": 4194304}
{"mock_phase": "before_read", "rank": 4, "copies": 64, "bytes": 524288}
{"mock_phase": "read_complete", "rank": 4, "ret": 0, "bytes": 524288}
{"mock_phase": "before_read", "rank": 4, "copies": 64, "bytes": 524288}
{"mock_phase": "read_complete", "rank": 4, "ret": 0, "bytes": 524288}
{"mock_phase": "before_read", "rank": 4, "copies": 64, "bytes": 8192}
{"mock_phase": "read_complete", "rank": 4, "ret": 0, "bytes": 8192}
{"mock_phase": "before_read", "rank": 4, "copies": 64, "bytes": 8192}
{"mock_phase": "read_complete", "rank": 4, "ret": 0, "bytes": 8192}
{"mock_phase": "before_read", "rank": 4, "copies": 64, "bytes": 8388608}
{"mock_phase": "read_complete", "rank": 4, "ret": 0, "bytes": 8388608}
{"mock_phase": "before_read", "rank": 4, "copies": 64, "bytes": 8388608}
{"mock_phase": "read_complete", "rank": 4, "ret": 0, "bytes": 8388608}
{"mock_phase": "before_read", "rank": 4, "copies": 64, "bytes": 1048576}
{"mock_phase": "read_complete", "rank": 4, "ret": 0, "bytes": 1048576}
{"mock_phase": "before_read", "rank": 4, "copies": 64, "bytes": 1048576}
{"mock_phase": "read_complete", "rank": 4, "ret": 0, "bytes": 1048576}
{"mock_phase": "before_read", "rank": 4, "copies": 64, "bytes": 16384}
{"mock_phase": "read_complete", "rank": 4, "ret": 0, "bytes": 16384}
{"mock_phase": "before_read", "rank": 4, "copies": 64, "bytes": 16384}
{"mock_phase": "read_complete", "rank": 4, "ret": 0, "bytes": 16384}
{"mock_phase": "before_read", "rank": 4, "copies": 43, "bytes": 5636096}
{"mock_phase": "read_complete", "rank": 4, "ret": 0, "bytes": 5636096}
{"mock_phase": "planned", "request_id": "cmpl-8b2a34324aeef740-0-a9ed3c57", "rank": 5, "pages": 1579, "bytes": 52903936}
{"mock_phase": "before_read", "rank": 5, "copies": 64, "bytes": 4194304}
{"mock_phase": "read_complete", "rank": 5, "ret": 0, "bytes": 4194304}
{"mock_phase": "before_read", "rank": 5, "copies": 64, "bytes": 4194304}
{"mock_phase": "read_complete", "rank": 5, "ret": 0, "bytes": 4194304}
{"mock_phase": "before_read", "rank": 5, "copies": 64, "bytes": 524288}
{"mock_phase": "read_complete", "rank": 5, "ret": 0, "bytes": 524288}
{"mock_phase": "before_read", "rank": 5, "copies": 64, "bytes": 524288}
{"mock_phase": "read_complete", "rank": 5, "ret": 0, "bytes": 524288}
{"mock_phase": "before_read", "rank": 5, "copies": 64, "bytes": 8192}
{"mock_phase": "read_complete", "rank": 5, "ret": 0, "bytes": 8192}
{"mock_phase": "before_read", "rank": 5, "copies": 64, "bytes": 8192}
{"mock_phase": "read_complete", "rank": 5, "ret": 0, "bytes": 8192}
{"mock_phase": "before_read", "rank": 5, "copies": 64, "bytes": 4194304}
{"mock_phase": "read_complete", "rank": 5, "ret": 0, "bytes": 4194304}
{"mock_phase": "before_read", "rank": 5, "copies": 64, "bytes": 4194304}
{"mock_phase": "read_complete", "rank": 5, "ret": 0, "bytes": 4194304}
{"mock_phase": "before_read", "rank": 5, "copies": 64, "bytes": 524288}
{"mock_phase": "read_complete", "rank": 5, "ret": 0, "bytes": 524288}
{"mock_phase": "before_read", "rank": 5, "copies": 64, "bytes": 524288}
{"mock_phase": "read_complete", "rank": 5, "ret": 0, "bytes": 524288}
{"mock_phase": "before_read", "rank": 5, "copies": 64, "bytes": 8192}
{"mock_phase": "read_complete", "rank": 5, "ret": 0, "bytes": 8192}
{"mock_phase": "before_read", "rank": 5, "copies": 64, "bytes": 8192}
{"mock_phase": "read_complete", "rank": 5, "ret": 0, "bytes": 8192}
{"mock_phase": "before_read", "rank": 5, "copies": 64, "bytes": 4194304}
{"mock_phase": "read_complete", "rank": 5, "ret": 0, "bytes": 4194304}
{"mock_phase": "before_read", "rank": 5, "copies": 64, "bytes": 4194304}
{"mock_phase": "read_complete", "rank": 5, "ret": 0, "bytes": 4194304}
{"mock_phase": "before_read", "rank": 5, "copies": 64, "bytes": 524288}
{"mock_phase": "read_complete", "rank": 5, "ret": 0, "bytes": 524288}
{"mock_phase": "before_read", "rank": 5, "copies": 64, "bytes": 524288}
{"mock_phase": "read_complete", "rank": 5, "ret": 0, "bytes": 524288}
{"mock_phase": "before_read", "rank": 5, "copies": 64, "bytes": 8192}
{"mock_phase": "read_complete", "rank": 5, "ret": 0, "bytes": 8192}
{"mock_phase": "before_read", "rank": 5, "copies": 64, "bytes": 8192}
{"mock_phase": "read_complete", "rank": 5, "ret": 0, "bytes": 8192}
{"mock_phase": "before_read", "rank": 5, "copies": 64, "bytes": 8388608}
{"mock_phase": "read_complete", "rank": 5, "ret": 0, "bytes": 8388608}
{"mock_phase": "before_read", "rank": 5, "copies": 64, "bytes": 8388608}
{"mock_phase": "read_complete", "rank": 5, "ret": 0, "bytes": 8388608}
{"mock_phase": "before_read", "rank": 5, "copies": 64, "bytes": 1048576}
{"mock_phase": "read_complete", "rank": 5, "ret": 0, "bytes": 1048576}
{"mock_phase": "before_read", "rank": 5, "copies": 64, "bytes": 1048576}
{"mock_phase": "read_complete", "rank": 5, "ret": 0, "bytes": 1048576}
{"mock_phase": "before_read", "rank": 5, "copies": 64, "bytes": 16384}
{"mock_phase": "read_complete", "rank": 5, "ret": 0, "bytes": 16384}
{"mock_phase": "before_read", "rank": 5, "copies": 64, "bytes": 16384}
{"mock_phase": "read_complete", "rank": 5, "ret": 0, "bytes": 16384}
{"mock_phase": "before_read", "rank": 5, "copies": 43, "bytes": 5636096}
{"mock_phase": "read_complete", "rank": 5, "ret": 0, "bytes": 5636096}
{"mock_phase": "planned", "request_id": "cmpl-8b2a34324aeef740-0-a9ed3c57", "rank": 6, "pages": 1579, "bytes": 52903936}
{"mock_phase": "before_read", "rank": 6, "copies": 64, "bytes": 4194304}
{"mock_phase": "read_complete", "rank": 6, "ret": 0, "bytes": 4194304}
{"mock_phase": "before_read", "rank": 6, "copies": 64, "bytes": 4194304}
{"mock_phase": "read_complete", "rank": 6, "ret": 0, "bytes": 4194304}
{"mock_phase": "before_read", "rank": 6, "copies": 64, "bytes": 524288}
{"mock_phase": "read_complete", "rank": 6, "ret": 0, "bytes": 524288}
{"mock_phase": "before_read", "rank": 6, "copies": 64, "bytes": 524288}
{"mock_phase": "read_complete", "rank": 6, "ret": 0, "bytes": 524288}
{"mock_phase": "before_read", "rank": 6, "copies": 64, "bytes": 8192}
{"mock_phase": "read_complete", "rank": 6, "ret": 0, "bytes": 8192}
{"mock_phase": "before_read", "rank": 6, "copies": 64, "bytes": 8192}
{"mock_phase": "read_complete", "rank": 6, "ret": 0, "bytes": 8192}
{"mock_phase": "before_read", "rank": 6, "copies": 64, "bytes": 4194304}
{"mock_phase": "read_complete", "rank": 6, "ret": 0, "bytes": 4194304}
{"mock_phase": "before_read", "rank": 6, "copies": 64, "bytes": 4194304}
{"mock_phase": "read_complete", "rank": 6, "ret": 0, "bytes": 4194304}
{"mock_phase": "before_read", "rank": 6, "copies": 64, "bytes": 524288}
{"mock_phase": "read_complete", "rank": 6, "ret": 0, "bytes": 524288}
{"mock_phase": "before_read", "rank": 6, "copies": 64, "bytes": 524288}
{"mock_phase": "read_complete", "rank": 6, "ret": 0, "bytes": 524288}
{"mock_phase": "before_read", "rank": 6, "copies": 64, "bytes": 8192}
{"mock_phase": "read_complete", "rank": 6, "ret": 0, "bytes": 8192}
{"mock_phase": "before_read", "rank": 6, "copies": 64, "bytes": 8192}
{"mock_phase": "read_complete", "rank": 6, "ret": 0, "bytes": 8192}
{"mock_phase": "before_read", "rank": 6, "copies": 64, "bytes": 4194304}
{"mock_phase": "read_complete", "rank": 6, "ret": 0, "bytes": 4194304}
{"mock_phase": "before_read", "rank": 6, "copies": 64, "bytes": 4194304}
{"mock_phase": "read_complete", "rank": 6, "ret": 0, "bytes": 4194304}
{"mock_phase": "before_read", "rank": 6, "copies": 64, "bytes": 524288}
{"mock_phase": "read_complete", "rank": 6, "ret": 0, "bytes": 524288}
{"mock_phase": "before_read", "rank": 6, "copies": 64, "bytes": 524288}
{"mock_phase": "read_complete", "rank": 6, "ret": 0, "bytes": 524288}
{"mock_phase": "before_read", "rank": 6, "copies": 64, "bytes": 8192}
{"mock_phase": "read_complete", "rank": 6, "ret": 0, "bytes": 8192}
{"mock_phase": "before_read", "rank": 6, "copies": 64, "bytes": 8192}
{"mock_phase": "read_complete", "rank": 6, "ret": 0, "bytes": 8192}
{"mock_phase": "before_read", "rank": 6, "copies": 64, "bytes": 8388608}
{"mock_phase": "read_complete", "rank": 6, "ret": 0, "bytes": 8388608}
{"mock_phase": "before_read", "rank": 6, "copies": 64, "bytes": 8388608}
{"mock_phase": "read_complete", "rank": 6, "ret": 0, "bytes": 8388608}
{"mock_phase": "before_read", "rank": 6, "copies": 64, "bytes": 1048576}
{"mock_phase": "read_complete", "rank": 6, "ret": 0, "bytes": 1048576}
{"mock_phase": "before_read", "rank": 6, "copies": 64, "bytes": 1048576}
{"mock_phase": "read_complete", "rank": 6, "ret": 0, "bytes": 1048576}
{"mock_phase": "before_read", "rank": 6, "copies": 64, "bytes": 16384}
{"mock_phase": "read_complete", "rank": 6, "ret": 0, "bytes": 16384}
{"mock_phase": "before_read", "rank": 6, "copies": 64, "bytes": 16384}
{"mock_phase": "read_complete", "rank": 6, "ret": 0, "bytes": 16384}
{"mock_phase": "before_read", "rank": 6, "copies": 43, "bytes": 5636096}
{"mock_phase": "read_complete", "rank": 6, "ret": 0, "bytes": 5636096}
{"mock_phase": "planned", "request_id": "cmpl-8b2a34324aeef740-0-a9ed3c57", "rank": 7, "pages": 1579, "bytes": 52903936}
{"mock_phase": "before_read", "rank": 7, "copies": 64, "bytes": 4194304}
{"mock_phase": "read_complete", "rank": 7, "ret": 0, "bytes": 4194304}
{"mock_phase": "before_read", "rank": 7, "copies": 64, "bytes": 4194304}
{"mock_phase": "read_complete", "rank": 7, "ret": 0, "bytes": 4194304}
{"mock_phase": "before_read", "rank": 7, "copies": 64, "bytes": 524288}
{"mock_phase": "read_complete", "rank": 7, "ret": 0, "bytes": 524288}
{"mock_phase": "before_read", "rank": 7, "copies": 64, "bytes": 524288}
{"mock_phase": "read_complete", "rank": 7, "ret": 0, "bytes": 524288}
{"mock_phase": "before_read", "rank": 7, "copies": 64, "bytes": 8192}
{"mock_phase": "read_complete", "rank": 7, "ret": 0, "bytes": 8192}
{"mock_phase": "before_read", "rank": 7, "copies": 64, "bytes": 8192}
{"mock_phase": "read_complete", "rank": 7, "ret": 0, "bytes": 8192}
{"mock_phase": "before_read", "rank": 7, "copies": 64, "bytes": 4194304}
{"mock_phase": "read_complete", "rank": 7, "ret": 0, "bytes": 4194304}
{"mock_phase": "before_read", "rank": 7, "copies": 64, "bytes": 4194304}
{"mock_phase": "read_complete", "rank": 7, "ret": 0, "bytes": 4194304}
{"mock_phase": "before_read", "rank": 7, "copies": 64, "bytes": 524288}
{"mock_phase": "read_complete", "rank": 7, "ret": 0, "bytes": 524288}
{"mock_phase": "before_read", "rank": 7, "copies": 64, "bytes": 524288}
{"mock_phase": "read_complete", "rank": 7, "ret": 0, "bytes": 524288}
{"mock_phase": "before_read", "rank": 7, "copies": 64, "bytes": 8192}
{"mock_phase": "read_complete", "rank": 7, "ret": 0, "bytes": 8192}
{"mock_phase": "before_read", "rank": 7, "copies": 64, "bytes": 8192}
{"mock_phase": "read_complete", "rank": 7, "ret": 0, "bytes": 8192}
{"mock_phase": "before_read", "rank": 7, "copies": 64, "bytes": 4194304}
{"mock_phase": "read_complete", "rank": 7, "ret": 0, "bytes": 4194304}
{"mock_phase": "before_read", "rank": 7, "copies": 64, "bytes": 4194304}
{"mock_phase": "read_complete", "rank": 7, "ret": 0, "bytes": 4194304}
{"mock_phase": "before_read", "rank": 7, "copies": 64, "bytes": 524288}
{"mock_phase": "read_complete", "rank": 7, "ret": 0, "bytes": 524288}
{"mock_phase": "before_read", "rank": 7, "copies": 64, "bytes": 524288}
{"mock_phase": "read_complete", "rank": 7, "ret": 0, "bytes": 524288}
{"mock_phase": "before_read", "rank": 7, "copies": 64, "bytes": 8192}
{"mock_phase": "read_complete", "rank": 7, "ret": 0, "bytes": 8192}
{"mock_phase": "before_read", "rank": 7, "copies": 64, "bytes": 8192}
{"mock_phase": "read_complete", "rank": 7, "ret": 0, "bytes": 8192}
{"mock_phase": "before_read", "rank": 7, "copies": 64, "bytes": 8388608}
{"mock_phase": "read_complete", "rank": 7, "ret": 0, "bytes": 8388608}
{"mock_phase": "before_read", "rank": 7, "copies": 64, "bytes": 8388608}
{"mock_phase": "read_complete", "rank": 7, "ret": 0, "bytes": 8388608}
{"mock_phase": "before_read", "rank": 7, "copies": 64, "bytes": 1048576}
{"mock_phase": "read_complete", "rank": 7, "ret": 0, "bytes": 1048576}
{"mock_phase": "before_read", "rank": 7, "copies": 64, "bytes": 1048576}
{"mock_phase": "read_complete", "rank": 7, "ret": 0, "bytes": 1048576}
{"mock_phase": "before_read", "rank": 7, "copies": 64, "bytes": 16384}
{"mock_phase": "read_complete", "rank": 7, "ret": 0, "bytes": 16384}
{"mock_phase": "before_read", "rank": 7, "copies": 64, "bytes": 16384}
{"mock_phase": "read_complete", "rank": 7, "ret": 0, "bytes": 16384}
{"mock_phase": "before_read", "rank": 7, "copies": 43, "bytes": 5636096}
{"mock_phase": "read_complete", "rank": 7, "ret": 0, "bytes": 5636096}
{"ok": true, "request_id": "cmpl-8b2a34324aeef740-0-a9ed3c57", "ranks": [{"rank": 0, "bytes": 52903936, "read_s": 0.013473029248416424, "hash_s": 0.07089446997269988, "nonzero_groups": [0, 1, 2, 3, 4, 5, 6]}, {"rank": 1, "bytes": 52903936, "read_s": 0.01212831074371934, "hash_s": 0.07059498829767108, "nonzero_groups": [0, 1, 2, 3, 4, 5, 6]}, {"rank": 2, "bytes": 52903936, "read_s": 0.011981077957898378, "hash_s": 0.07049097958952188, "nonzero_groups": [0, 1, 2, 3, 4, 5, 6]}, {"rank": 3, "bytes": 52903936, "read_s": 0.01198751013725996, "hash_s": 0.07046513073146343, "nonzero_groups": [0, 1, 2, 3, 4, 5, 6]}, {"rank": 4, "bytes": 52903936, "read_s": 0.012157880701124668, "hash_s": 0.0702401208691299, "nonzero_groups": [0, 1, 2, 3, 4, 5, 6]}, {"rank": 5, "bytes": 52903936, "read_s": 0.012243669480085373, "hash_s": 0.07046280987560749, "nonzero_groups": [0, 1, 2, 3, 4, 5, 6]}, {"rank": 6, "bytes": 52903936, "read_s": 0.012207840103656054, "hash_s": 0.07037768000736833, "nonzero_groups": [0, 1, 2, 3, 4, 5, 6]}, {"rank": 7, "bytes": 52903936, "read_s": 0.0119550209492445, "hash_s": 0.07050880044698715, "nonzero_groups": [0, 1, 2, 3, 4, 5, 6]}], "bytes": 423231488, "consume_s": 0.7087912000715733, "ack_s": 0.0022596600465476513, "total_s": 0.7110510398633778, "hold_ms": 0}
127.0.0.1 - - [09/Oct/2026 07:22:36] "POST /consume HTTP/1.1" 200 -
{"mock_phase": "planned", "request_id": "cmpl-be00352e62e6cc1a-0-ba6363d0", "rank": 0, "pages": 1579, "bytes": 52903936}
{"mock_phase": "before_read", "rank": 0, "copies": 64, "bytes": 4194304}
{"mock_phase": "read_complete", "rank": 0, "ret": 0, "bytes": 4194304}
{"mock_phase": "before_read", "rank": 0, "copies": 64, "bytes": 4194304}
{"mock_phase": "read_complete", "rank": 0, "ret": 0, "bytes": 4194304}
{"mock_phase": "before_read", "rank": 0, "copies": 64, "bytes": 524288}
{"mock_phase": "read_complete", "rank": 0, "ret": 0, "bytes": 524288}
{"mock_phase": "before_read", "rank": 0, "copies": 64, "bytes": 524288}
{"mock_phase": "read_complete", "rank": 0, "ret": 0, "bytes": 524288}
{"mock_phase": "before_read", "rank": 0, "copies": 64, "bytes": 8192}
{"mock_phase": "read_complete", "rank": 0, "ret": 0, "bytes": 8192}
{"mock_phase": "before_read", "rank": 0, "copies": 64, "bytes": 8192}
{"mock_phase": "read_complete", "rank": 0, "ret": 0, "bytes": 8192}
{"mock_phase": "before_read", "rank": 0, "copies": 64, "bytes": 4194304}
{"mock_phase": "read_complete", "rank": 0, "ret": 0, "bytes": 4194304}
{"mock_phase": "before_read", "rank": 0, "copies": 64, "bytes": 4194304}
{"mock_phase": "read_complete", "rank": 0, "ret": 0, "bytes": 4194304}
{"mock_phase": "before_read", "rank": 0, "copies": 64, "bytes": 524288}
{"mock_phase": "read_complete", "rank": 0, "ret": 0, "bytes": 524288}
{"mock_phase": "before_read", "rank": 0, "copies": 64, "bytes": 524288}
{"mock_phase": "read_complete", "rank": 0, "ret": 0, "bytes": 524288}
{"mock_phase": "before_read", "rank": 0, "copies": 64, "bytes": 8192}
{"mock_phase": "read_complete", "rank": 0, "ret": 0, "bytes": 8192}
{"mock_phase": "before_read", "rank": 0, "copies": 64, "bytes": 8192}
{"mock_phase": "read_complete", "rank": 0, "ret": 0, "bytes": 8192}
{"mock_phase": "before_read", "rank": 0, "copies": 64, "bytes": 4194304}
{"mock_phase": "read_complete", "rank": 0, "ret": 0, "bytes": 4194304}
{"mock_phase": "before_read", "rank": 0, "copies": 64, "bytes": 4194304}
{"mock_phase": "read_complete", "rank": 0, "ret": 0, "bytes": 4194304}
{"mock_phase": "before_read", "rank": 0, "copies": 64, "bytes": 524288}
{"mock_phase": "read_complete", "rank": 0, "ret": 0, "bytes": 524288}
{"mock_phase": "before_read", "rank": 0, "copies": 64, "bytes": 524288}
{"mock_phase": "read_complete", "rank": 0, "ret": 0, "bytes": 524288}
{"mock_phase": "before_read", "rank": 0, "copies": 64, "bytes": 8192}
{"mock_phase": "read_complete", "rank": 0, "ret": 0, "bytes": 8192}
{"mock_phase": "before_read", "rank": 0, "copies": 64, "bytes": 8192}
{"mock_phase": "read_complete", "rank": 0, "ret": 0, "bytes": 8192}
{"mock_phase": "before_read", "rank": 0, "copies": 64, "bytes": 8388608}
{"mock_phase": "read_complete", "rank": 0, "ret": 0, "bytes": 8388608}
{"mock_phase": "before_read", "rank": 0, "copies": 64, "bytes": 8388608}
{"mock_phase": "read_complete", "rank": 0, "ret": 0, "bytes": 8388608}
{"mock_phase": "before_read", "rank": 0, "copies": 64, "bytes": 1048576}
{"mock_phase": "read_complete", "rank": 0, "ret": 0, "bytes": 1048576}
{"mock_phase": "before_read", "rank": 0, "copies": 64, "bytes": 1048576}
{"mock_phase": "read_complete", "rank": 0, "ret": 0, "bytes": 1048576}
{"mock_phase": "before_read", "rank": 0, "copies": 64, "bytes": 16384}
{"mock_phase": "read_complete", "rank": 0, "ret": 0, "bytes": 16384}
{"mock_phase": "before_read", "rank": 0, "copies": 64, "bytes": 16384}
{"mock_phase": "read_complete", "rank": 0, "ret": 0, "bytes": 16384}
{"mock_phase": "before_read", "rank": 0, "copies": 43, "bytes": 5636096}
{"mock_phase": "read_complete", "rank": 0, "ret": 0, "bytes": 5636096}
{"mock_phase": "planned", "request_id": "cmpl-be00352e62e6cc1a-0-ba6363d0", "rank": 1, "pages": 1579, "bytes": 52903936}
{"mock_phase": "before_read", "rank": 1, "copies": 64, "bytes": 4194304}
{"mock_phase": "read_complete", "rank": 1, "ret": 0, "bytes": 4194304}
{"mock_phase": "before_read", "rank": 1, "copies": 64, "bytes": 4194304}
{"mock_phase": "read_complete", "rank": 1, "ret": 0, "bytes": 4194304}
{"mock_phase": "before_read", "rank": 1, "copies": 64, "bytes": 524288}
{"mock_phase": "read_complete", "rank": 1, "ret": 0, "bytes": 524288}
{"mock_phase": "before_read", "rank": 1, "copies": 64, "bytes": 524288}
{"mock_phase": "read_complete", "rank": 1, "ret": 0, "bytes": 524288}
{"mock_phase": "before_read", "rank": 1, "copies": 64, "bytes": 8192}
{"mock_phase": "read_complete", "rank": 1, "ret": 0, "bytes": 8192}
{"mock_phase": "before_read", "rank": 1, "copies": 64, "bytes": 8192}
{"mock_phase": "read_complete", "rank": 1, "ret": 0, "bytes": 8192}
{"mock_phase": "before_read", "rank": 1, "copies": 64, "bytes": 4194304}
{"mock_phase": "read_complete", "rank": 1, "ret": 0, "bytes": 4194304}
{"mock_phase": "before_read", "rank": 1, "copies": 64, "bytes": 4194304}
{"mock_phase": "read_complete", "rank": 1, "ret": 0, "bytes": 4194304}
{"mock_phase": "before_read", "rank": 1, "copies": 64, "bytes": 524288}
{"mock_phase": "read_complete", "rank": 1, "ret": 0, "bytes": 524288}
{"mock_phase": "before_read", "rank": 1, "copies": 64, "bytes": 524288}
{"mock_phase": "read_complete", "rank": 1, "ret": 0, "bytes": 524288}
{"mock_phase": "before_read", "rank": 1, "copies": 64, "bytes": 8192}
{"mock_phase": "read_complete", "rank": 1, "ret": 0, "bytes": 8192}
{"mock_phase": "before_read", "rank": 1, "copies": 64, "bytes": 8192}
{"mock_phase": "read_complete", "rank": 1, "ret": 0, "bytes": 8192}
{"mock_phase": "before_read", "rank": 1, "copies": 64, "bytes": 4194304}
{"mock_phase": "read_complete", "rank": 1, "ret": 0, "bytes": 4194304}
{"mock_phase": "before_read", "rank": 1, "copies": 64, "bytes": 4194304}
{"mock_phase": "read_complete", "rank": 1, "ret": 0, "bytes": 4194304}
{"mock_phase": "before_read", "rank": 1, "copies": 64, "bytes": 524288}
{"mock_phase": "read_complete", "rank": 1, "ret": 0, "bytes": 524288}
{"mock_phase": "before_read", "rank": 1, "copies": 64, "bytes": 524288}
{"mock_phase": "read_complete", "rank": 1, "ret": 0, "bytes": 524288}
{"mock_phase": "before_read", "rank": 1, "copies": 64, "bytes": 8192}
{"mock_phase": "read_complete", "rank": 1, "ret": 0, "bytes": 8192}
{"mock_phase": "before_read", "rank": 1, "copies": 64, "bytes": 8192}
{"mock_phase": "read_complete", "rank": 1, "ret": 0, "bytes": 8192}
{"mock_phase": "before_read", "rank": 1, "copies": 64, "bytes": 8388608}
{"mock_phase": "read_complete", "rank": 1, "ret": 0, "bytes": 8388608}
{"mock_phase": "before_read", "rank": 1, "copies": 64, "bytes": 8388608}
{"mock_phase": "read_complete", "rank": 1, "ret": 0, "bytes": 8388608}
{"mock_phase": "before_read", "rank": 1, "copies": 64, "bytes": 1048576}
{"mock_phase": "read_complete", "rank": 1, "ret": 0, "bytes": 1048576}
{"mock_phase": "before_read", "rank": 1, "copies": 64, "bytes": 1048576}
{"mock_phase": "read_complete", "rank": 1, "ret": 0, "bytes": 1048576}
{"mock_phase": "before_read", "rank": 1, "copies": 64, "bytes": 16384}
{"mock_phase": "read_complete", "rank": 1, "ret": 0, "bytes": 16384}
{"mock_phase": "before_read", "rank": 1, "copies": 64, "bytes": 16384}
{"mock_phase": "read_complete", "rank": 1, "ret": 0, "bytes": 16384}
{"mock_phase": "before_read", "rank": 1, "copies": 43, "bytes": 5636096}
{"mock_phase": "read_complete", "rank": 1, "ret": 0, "bytes": 5636096}
{"mock_phase": "planned", "request_id": "cmpl-be00352e62e6cc1a-0-ba6363d0", "rank": 2, "pages": 1579, "bytes": 52903936}
{"mock_phase": "before_read", "rank": 2, "copies": 64, "bytes": 4194304}
{"mock_phase": "read_complete", "rank": 2, "ret": 0, "bytes": 4194304}
{"mock_phase": "before_read", "rank": 2, "copies": 64, "bytes": 4194304}
{"mock_phase": "read_complete", "rank": 2, "ret": 0, "bytes": 4194304}
{"mock_phase": "before_read", "rank": 2, "copies": 64, "bytes": 524288}
{"mock_phase": "read_complete", "rank": 2, "ret": 0, "bytes": 524288}
{"mock_phase": "before_read", "rank": 2, "copies": 64, "bytes": 524288}
{"mock_phase": "read_complete", "rank": 2, "ret": 0, "bytes": 524288}
{"mock_phase": "before_read", "rank": 2, "copies": 64, "bytes": 8192}
{"mock_phase": "read_complete", "rank": 2, "ret": 0, "bytes": 8192}
{"mock_phase": "before_read", "rank": 2, "copies": 64, "bytes": 8192}
{"mock_phase": "read_complete", "rank": 2, "ret": 0, "bytes": 8192}
{"mock_phase": "before_read", "rank": 2, "copies": 64, "bytes": 4194304}
{"mock_phase": "read_complete", "rank": 2, "ret": 0, "bytes": 4194304}
{"mock_phase": "before_read", "rank": 2, "copies": 64, "bytes": 4194304}
{"mock_phase": "read_complete", "rank": 2, "ret": 0, "bytes": 4194304}
{"mock_phase": "before_read", "rank": 2, "copies": 64, "bytes": 524288}
{"mock_phase": "read_complete", "rank": 2, "ret": 0, "bytes": 524288}
{"mock_phase": "before_read", "rank": 2, "copies": 64, "bytes": 524288}
{"mock_phase": "read_complete", "rank": 2, "ret": 0, "bytes": 524288}
{"mock_phase": "before_read", "rank": 2, "copies": 64, "bytes": 8192}
{"mock_phase": "read_complete", "rank": 2, "ret": 0, "bytes": 8192}
{"mock_phase": "before_read", "rank": 2, "copies": 64, "bytes": 8192}
{"mock_phase": "read_complete", "rank": 2, "ret": 0, "bytes": 8192}
{"mock_phase": "before_read", "rank": 2, "copies": 64, "bytes": 4194304}
{"mock_phase": "read_complete", "rank": 2, "ret": 0, "bytes": 4194304}
{"mock_phase": "before_read", "rank": 2, "copies": 64, "bytes": 4194304}
{"mock_phase": "read_complete", "rank": 2, "ret": 0, "bytes": 4194304}
{"mock_phase": "before_read", "rank": 2, "copies": 64, "bytes": 524288}
{"mock_phase": "read_complete", "rank": 2, "ret": 0, "bytes": 524288}
{"mock_phase": "before_read", "rank": 2, "copies": 64, "bytes": 524288}
{"mock_phase": "read_complete", "rank": 2, "ret": 0, "bytes": 524288}
{"mock_phase": "before_read", "rank": 2, "copies": 64, "bytes": 8192}
{"mock_phase": "read_complete", "rank": 2, "ret": 0, "bytes": 8192}
{"mock_phase": "before_read", "rank": 2, "copies": 64, "bytes": 8192}
{"mock_phase": "read_complete", "rank": 2, "ret": 0, "bytes": 8192}
{"mock_phase": "before_read", "rank": 2, "copies": 64, "bytes": 8388608}
{"mock_phase": "read_complete", "rank": 2, "ret": 0, "bytes": 8388608}
{"mock_phase": "before_read", "rank": 2, "copies": 64, "bytes": 8388608}
{"mock_phase": "read_complete", "rank": 2, "ret": 0, "bytes": 8388608}
{"mock_phase": "before_read", "rank": 2, "copies": 64, "bytes": 1048576}
{"mock_phase": "read_complete", "rank": 2, "ret": 0, "bytes": 1048576}
{"mock_phase": "before_read", "rank": 2, "copies": 64, "bytes": 1048576}
{"mock_phase": "read_complete", "rank": 2, "ret": 0, "bytes": 1048576}
{"mock_phase": "before_read", "rank": 2, "copies": 64, "bytes": 16384}
{"mock_phase": "read_complete", "rank": 2, "ret": 0, "bytes": 16384}
{"mock_phase": "before_read", "rank": 2, "copies": 64, "bytes": 16384}
{"mock_phase": "read_complete", "rank": 2, "ret": 0, "bytes": 16384}
{"mock_phase": "before_read", "rank": 2, "copies": 43, "bytes": 5636096}
{"mock_phase": "read_complete", "rank": 2, "ret": 0, "bytes": 5636096}
{"mock_phase": "planned", "request_id": "cmpl-be00352e62e6cc1a-0-ba6363d0", "rank": 3, "pages": 1579, "bytes": 52903936}
{"mock_phase": "before_read", "rank": 3, "copies": 64, "bytes": 4194304}
{"mock_phase": "read_complete", "rank": 3, "ret": 0, "bytes": 4194304}
{"mock_phase": "before_read", "rank": 3, "copies": 64, "bytes": 4194304}
{"mock_phase": "read_complete", "rank": 3, "ret": 0, "bytes": 4194304}
{"mock_phase": "before_read", "rank": 3, "copies": 64, "bytes": 524288}
{"mock_phase": "read_complete", "rank": 3, "ret": 0, "bytes": 524288}
{"mock_phase": "before_read", "rank": 3, "copies": 64, "bytes": 524288}
{"mock_phase": "read_complete", "rank": 3, "ret": 0, "bytes": 524288}
{"mock_phase": "before_read", "rank": 3, "copies": 64, "bytes": 8192}
{"mock_phase": "read_complete", "rank": 3, "ret": 0, "bytes": 8192}
{"mock_phase": "before_read", "rank": 3, "copies": 64, "bytes": 8192}
{"mock_phase": "read_complete", "rank": 3, "ret": 0, "bytes": 8192}
{"mock_phase": "before_read", "rank": 3, "copies": 64, "bytes": 4194304}
{"mock_phase": "read_complete", "rank": 3, "ret": 0, "bytes": 4194304}
{"mock_phase": "before_read", "rank": 3, "copies": 64, "bytes": 4194304}
{"mock_phase": "read_complete", "rank": 3, "ret": 0, "bytes": 4194304}
{"mock_phase": "before_read", "rank": 3, "copies": 64, "bytes": 524288}
{"mock_phase": "read_complete", "rank": 3, "ret": 0, "bytes": 524288}
{"mock_phase": "before_read", "rank": 3, "copies": 64, "bytes": 524288}
{"mock_phase": "read_complete", "rank": 3, "ret": 0, "bytes": 524288}
{"mock_phase": "before_read", "rank": 3, "copies": 64, "bytes": 8192}
{"mock_phase": "read_complete", "rank": 3, "ret": 0, "bytes": 8192}
{"mock_phase": "before_read", "rank": 3, "copies": 64, "bytes": 8192}
{"mock_phase": "read_complete", "rank": 3, "ret": 0, "bytes": 8192}
{"mock_phase": "before_read", "rank": 3, "copies": 64, "bytes": 4194304}
{"mock_phase": "read_complete", "rank": 3, "ret": 0, "bytes": 4194304}
{"mock_phase": "before_read", "rank": 3, "copies": 64, "bytes": 4194304}
{"mock_phase": "read_complete", "rank": 3, "ret": 0, "bytes": 4194304}
{"mock_phase": "before_read", "rank": 3, "copies": 64, "bytes": 524288}
{"mock_phase": "read_complete", "rank": 3, "ret": 0, "bytes": 524288}
{"mock_phase": "before_read", "rank": 3, "copies": 64, "bytes": 524288}
{"mock_phase": "read_complete", "rank": 3, "ret": 0, "bytes": 524288}
{"mock_phase": "before_read", "rank": 3, "copies": 64, "bytes": 8192}
{"mock_phase": "read_complete", "rank": 3, "ret": 0, "bytes": 8192}
{"mock_phase": "before_read", "rank": 3, "copies": 64, "bytes": 8192}
{"mock_phase": "read_complete", "rank": 3, "ret": 0, "bytes": 8192}
{"mock_phase": "before_read", "rank": 3, "copies": 64, "bytes": 8388608}
{"mock_phase": "read_complete", "rank": 3, "ret": 0, "bytes": 8388608}
{"mock_phase": "before_read", "rank": 3, "copies": 64, "bytes": 8388608}
{"mock_phase": "read_complete", "rank": 3, "ret": 0, "bytes": 8388608}
{"mock_phase": "before_read", "rank": 3, "copies": 64, "bytes": 1048576}
{"mock_phase": "read_complete", "rank": 3, "ret": 0, "bytes": 1048576}
{"mock_phase": "before_read", "rank": 3, "copies": 64, "bytes": 1048576}
{"mock_phase": "read_complete", "rank": 3, "ret": 0, "bytes": 1048576}
{"mock_phase": "before_read", "rank": 3, "copies": 64, "bytes": 16384}
{"mock_phase": "read_complete", "rank": 3, "ret": 0, "bytes": 16384}
{"mock_phase": "before_read", "rank": 3, "copies": 64, "bytes": 16384}
{"mock_phase": "read_complete", "rank": 3, "ret": 0, "bytes": 16384}
{"mock_phase": "before_read", "rank": 3, "copies": 43, "bytes": 5636096}
{"mock_phase": "read_complete", "rank": 3, "ret": 0, "bytes": 5636096}
{"mock_phase": "planned", "request_id": "cmpl-be00352e62e6cc1a-0-ba6363d0", "rank": 4, "pages": 1579, "bytes": 52903936}
{"mock_phase": "before_read", "rank": 4, "copies": 64, "bytes": 4194304}
{"mock_phase": "read_complete", "rank": 4, "ret": 0, "bytes": 4194304}
{"mock_phase": "before_read", "rank": 4, "copies": 64, "bytes": 4194304}
{"mock_phase": "read_complete", "rank": 4, "ret": 0, "bytes": 4194304}
{"mock_phase": "before_read", "rank": 4, "copies": 64, "bytes": 524288}
{"mock_phase": "read_complete", "rank": 4, "ret": 0, "bytes": 524288}
{"mock_phase": "before_read", "rank": 4, "copies": 64, "bytes": 524288}
{"mock_phase": "read_complete", "rank": 4, "ret": 0, "bytes": 524288}
{"mock_phase": "before_read", "rank": 4, "copies": 64, "bytes": 8192}
{"mock_phase": "read_complete", "rank": 4, "ret": 0, "bytes": 8192}
{"mock_phase": "before_read", "rank": 4, "copies": 64, "bytes": 8192}
{"mock_phase": "read_complete", "rank": 4, "ret": 0, "bytes": 8192}
{"mock_phase": "before_read", "rank": 4, "copies": 64, "bytes": 4194304}
{"mock_phase": "read_complete", "rank": 4, "ret": 0, "bytes": 4194304}
{"mock_phase": "before_read", "rank": 4, "copies": 64, "bytes": 4194304}
{"mock_phase": "read_complete", "rank": 4, "ret": 0, "bytes": 4194304}
{"mock_phase": "before_read", "rank": 4, "copies": 64, "bytes": 524288}
{"mock_phase": "read_complete", "rank": 4, "ret": 0, "bytes": 524288}
{"mock_phase": "before_read", "rank": 4, "copies": 64, "bytes": 524288}
{"mock_phase": "read_complete", "rank": 4, "ret": 0, "bytes": 524288}
{"mock_phase": "before_read", "rank": 4, "copies": 64, "bytes": 8192}
{"mock_phase": "read_complete", "rank": 4, "ret": 0, "bytes": 8192}
{"mock_phase": "before_read", "rank": 4, "copies": 64, "bytes": 8192}
{"mock_phase": "read_complete", "rank": 4, "ret": 0, "bytes": 8192}
{"mock_phase": "before_read", "rank": 4, "copies": 64, "bytes": 4194304}
{"mock_phase": "read_complete", "rank": 4, "ret": 0, "bytes": 4194304}
{"mock_phase": "before_read", "rank": 4, "copies": 64, "bytes": 4194304}
{"mock_phase": "read_complete", "rank": 4, "ret": 0, "bytes": 4194304}
{"mock_phase": "before_read", "rank": 4, "copies": 64, "bytes": 524288}
{"mock_phase": "read_complete", "rank": 4, "ret": 0, "bytes": 524288}
{"mock_phase": "before_read", "rank": 4, "copies": 64, "bytes": 524288}
{"mock_phase": "read_complete", "rank": 4, "ret": 0, "bytes": 524288}
{"mock_phase": "before_read", "rank": 4, "copies": 64, "bytes": 8192}
{"mock_phase": "read_complete", "rank": 4, "ret": 0, "bytes": 8192}
{"mock_phase": "before_read", "rank": 4, "copies": 64, "bytes": 8192}
{"mock_phase": "read_complete", "rank": 4, "ret": 0, "bytes": 8192}
{"mock_phase": "before_read", "rank": 4, "copies": 64, "bytes": 8388608}
{"mock_phase": "read_complete", "rank": 4, "ret": 0, "bytes": 8388608}
{"mock_phase": "before_read", "rank": 4, "copies": 64, "bytes": 8388608}
{"mock_phase": "read_complete", "rank": 4, "ret": 0, "bytes": 8388608}
{"mock_phase": "before_read", "rank": 4, "copies": 64, "bytes": 1048576}
{"mock_phase": "read_complete", "rank": 4, "ret": 0, "bytes": 1048576}
{"mock_phase": "before_read", "rank": 4, "copies": 64, "bytes": 1048576}
{"mock_phase": "read_complete", "rank": 4, "ret": 0, "bytes": 1048576}
{"mock_phase": "before_read", "rank": 4, "copies": 64, "bytes": 16384}
{"mock_phase": "read_complete", "rank": 4, "ret": 0, "bytes": 16384}
{"mock_phase": "before_read", "rank": 4, "copies": 64, "bytes": 16384}
{"mock_phase": "read_complete", "rank": 4, "ret": 0, "bytes": 16384}
{"mock_phase": "before_read", "rank": 4, "copies": 43, "bytes": 5636096}
{"mock_phase": "read_complete", "rank": 4, "ret": 0, "bytes": 5636096}
{"mock_phase": "planned", "request_id": "cmpl-be00352e62e6cc1a-0-ba6363d0", "rank": 5, "pages": 1579, "bytes": 52903936}
{"mock_phase": "before_read", "rank": 5, "copies": 64, "bytes": 4194304}
{"mock_phase": "read_complete", "rank": 5, "ret": 0, "bytes": 4194304}
{"mock_phase": "before_read", "rank": 5, "copies": 64, "bytes": 4194304}
{"mock_phase": "read_complete", "rank": 5, "ret": 0, "bytes": 4194304}
{"mock_phase": "before_read", "rank": 5, "copies": 64, "bytes": 524288}
{"mock_phase": "read_complete", "rank": 5, "ret": 0, "bytes": 524288}
{"mock_phase": "before_read", "rank": 5, "copies": 64, "bytes": 524288}
{"mock_phase": "read_complete", "rank": 5, "ret": 0, "bytes": 524288}
{"mock_phase": "before_read", "rank": 5, "copies": 64, "bytes": 8192}
{"mock_phase": "read_complete", "rank": 5, "ret": 0, "bytes": 8192}
{"mock_phase": "before_read", "rank": 5, "copies": 64, "bytes": 8192}
{"mock_phase": "read_complete", "rank": 5, "ret": 0, "bytes": 8192}
{"mock_phase": "before_read", "rank": 5, "copies": 64, "bytes": 4194304}
{"mock_phase": "read_complete", "rank": 5, "ret": 0, "bytes": 4194304}
{"mock_phase": "before_read", "rank": 5, "copies": 64, "bytes": 4194304}
{"mock_phase": "read_complete", "rank": 5, "ret": 0, "bytes": 4194304}
{"mock_phase": "before_read", "rank": 5, "copies": 64, "bytes": 524288}
{"mock_phase": "read_complete", "rank": 5, "ret": 0, "bytes": 524288}
{"mock_phase": "before_read", "rank": 5, "copies": 64, "bytes": 524288}
{"mock_phase": "read_complete", "rank": 5, "ret": 0, "bytes": 524288}
{"mock_phase": "before_read", "rank": 5, "copies": 64, "bytes": 8192}
{"mock_phase": "read_complete", "rank": 5, "ret": 0, "bytes": 8192}
{"mock_phase": "before_read", "rank": 5, "copies": 64, "bytes": 8192}
{"mock_phase": "read_complete", "rank": 5, "ret": 0, "bytes": 8192}
{"mock_phase": "before_read", "rank": 5, "copies": 64, "bytes": 4194304}
{"mock_phase": "read_complete", "rank": 5, "ret": 0, "bytes": 4194304}
{"mock_phase": "before_read", "rank": 5, "copies": 64, "bytes": 4194304}
{"mock_phase": "read_complete", "rank": 5, "ret": 0, "bytes": 4194304}
{"mock_phase": "before_read", "rank": 5, "copies": 64, "bytes": 524288}
{"mock_phase": "read_complete", "rank": 5, "ret": 0, "bytes": 524288}
{"mock_phase": "before_read", "rank": 5, "copies": 64, "bytes": 524288}
{"mock_phase": "read_complete", "rank": 5, "ret": 0, "bytes": 524288}
{"mock_phase": "before_read", "rank": 5, "copies": 64, "bytes": 8192}
{"mock_phase": "read_complete", "rank": 5, "ret": 0, "bytes": 8192}
{"mock_phase": "before_read", "rank": 5, "copies": 64, "bytes": 8192}
{"mock_phase": "read_complete", "rank": 5, "ret": 0, "bytes": 8192}
{"mock_phase": "before_read", "rank": 5, "copies": 64, "bytes": 8388608}
{"mock_phase": "read_complete", "rank": 5, "ret": 0, "bytes": 8388608}
{"mock_phase": "before_read", "rank": 5, "copies": 64, "bytes": 8388608}
{"mock_phase": "read_complete", "rank": 5, "ret": 0, "bytes": 8388608}
{"mock_phase": "before_read", "rank": 5, "copies": 64, "bytes": 1048576}
{"mock_phase": "read_complete", "rank": 5, "ret": 0, "bytes": 1048576}
{"mock_phase": "before_read", "rank": 5, "copies": 64, "bytes": 1048576}
{"mock_phase": "read_complete", "rank": 5, "ret": 0, "bytes": 1048576}
{"mock_phase": "before_read", "rank": 5, "copies": 64, "bytes": 16384}
{"mock_phase": "read_complete", "rank": 5, "ret": 0, "bytes": 16384}
{"mock_phase": "before_read", "rank": 5, "copies": 64, "bytes": 16384}
{"mock_phase": "read_complete", "rank": 5, "ret": 0, "bytes": 16384}
{"mock_phase": "before_read", "rank": 5, "copies": 43, "bytes": 5636096}
{"mock_phase": "read_complete", "rank": 5, "ret": 0, "bytes": 5636096}
{"mock_phase": "planned", "request_id": "cmpl-be00352e62e6cc1a-0-ba6363d0", "rank": 6, "pages": 1579, "bytes": 52903936}
{"mock_phase": "before_read", "rank": 6, "copies": 64, "bytes": 4194304}
{"mock_phase": "read_complete", "rank": 6, "ret": 0, "bytes": 4194304}
{"mock_phase": "before_read", "rank": 6, "copies": 64, "bytes": 4194304}
{"mock_phase": "read_complete", "rank": 6, "ret": 0, "bytes": 4194304}
{"mock_phase": "before_read", "rank": 6, "copies": 64, "bytes": 524288}
{"mock_phase": "read_complete", "rank": 6, "ret": 0, "bytes": 524288}
{"mock_phase": "before_read", "rank": 6, "copies": 64, "bytes": 524288}
{"mock_phase": "read_complete", "rank": 6, "ret": 0, "bytes": 524288}
{"mock_phase": "before_read", "rank": 6, "copies": 64, "bytes": 8192}
{"mock_phase": "read_complete", "rank": 6, "ret": 0, "bytes": 8192}
{"mock_phase": "before_read", "rank": 6, "copies": 64, "bytes": 8192}
{"mock_phase": "read_complete", "rank": 6, "ret": 0, "bytes": 8192}
{"mock_phase": "before_read", "rank": 6, "copies": 64, "bytes": 4194304}
{"mock_phase": "read_complete", "rank": 6, "ret": 0, "bytes": 4194304}
{"mock_phase": "before_read", "rank": 6, "copies": 64, "bytes": 4194304}
{"mock_phase": "read_complete", "rank": 6, "ret": 0, "bytes": 4194304}
{"mock_phase": "before_read", "rank": 6, "copies": 64, "bytes": 524288}
{"mock_phase": "read_complete", "rank": 6, "ret": 0, "bytes": 524288}
{"mock_phase": "before_read", "rank": 6, "copies": 64, "bytes": 524288}
{"mock_phase": "read_complete", "rank": 6, "ret": 0, "bytes": 524288}
{"mock_phase": "before_read", "rank": 6, "copies": 64, "bytes": 8192}
{"mock_phase": "read_complete", "rank": 6, "ret": 0, "bytes": 8192}
{"mock_phase": "before_read", "rank": 6, "copies": 64, "bytes": 8192}
{"mock_phase": "read_complete", "rank": 6, "ret": 0, "bytes": 8192}
{"mock_phase": "before_read", "rank": 6, "copies": 64, "bytes": 4194304}
{"mock_phase": "read_complete", "rank": 6, "ret": 0, "bytes": 4194304}
{"mock_phase": "before_read", "rank": 6, "copies": 64, "bytes": 4194304}
{"mock_phase": "read_complete", "rank": 6, "ret": 0, "bytes": 4194304}
{"mock_phase": "before_read", "rank": 6, "copies": 64, "bytes": 524288}
{"mock_phase": "read_complete", "rank": 6, "ret": 0, "bytes": 524288}
{"mock_phase": "before_read", "rank": 6, "copies": 64, "bytes": 524288}
{"mock_phase": "read_complete", "rank": 6, "ret": 0, "bytes": 524288}
{"mock_phase": "before_read", "rank": 6, "copies": 64, "bytes": 8192}
{"mock_phase": "read_complete", "rank": 6, "ret": 0, "bytes": 8192}
{"mock_phase": "before_read", "rank": 6, "copies": 64, "bytes": 8192}
{"mock_phase": "read_complete", "rank": 6, "ret": 0, "bytes": 8192}
{"mock_phase": "before_read", "rank": 6, "copies": 64, "bytes": 8388608}
{"mock_phase": "read_complete", "rank": 6, "ret": 0, "bytes": 8388608}
{"mock_phase": "before_read", "rank": 6, "copies": 64, "bytes": 8388608}
{"mock_phase": "read_complete", "rank": 6, "ret": 0, "bytes": 8388608}
{"mock_phase": "before_read", "rank": 6, "copies": 64, "bytes": 1048576}
{"mock_phase": "read_complete", "rank": 6, "ret": 0, "bytes": 1048576}
{"mock_phase": "before_read", "rank": 6, "copies": 64, "bytes": 1048576}
{"mock_phase": "read_complete", "rank": 6, "ret": 0, "bytes": 1048576}
{"mock_phase": "before_read", "rank": 6, "copies": 64, "bytes": 16384}
{"mock_phase": "read_complete", "rank": 6, "ret": 0, "bytes": 16384}
{"mock_phase": "before_read", "rank": 6, "copies": 64, "bytes": 16384}
{"mock_phase": "read_complete", "rank": 6, "ret": 0, "bytes": 16384}
{"mock_phase": "before_read", "rank": 6, "copies": 43, "bytes": 5636096}
{"mock_phase": "read_complete", "rank": 6, "ret": 0, "bytes": 5636096}
{"mock_phase": "planned", "request_id": "cmpl-be00352e62e6cc1a-0-ba6363d0", "rank": 7, "pages": 1579, "bytes": 52903936}
{"mock_phase": "before_read", "rank": 7, "copies": 64, "bytes": 4194304}
{"mock_phase": "read_complete", "rank": 7, "ret": 0, "bytes": 4194304}
{"mock_phase": "before_read", "rank": 7, "copies": 64, "bytes": 4194304}
{"mock_phase": "read_complete", "rank": 7, "ret": 0, "bytes": 4194304}
{"mock_phase": "before_read", "rank": 7, "copies": 64, "bytes": 524288}
{"mock_phase": "read_complete", "rank": 7, "ret": 0, "bytes": 524288}
{"mock_phase": "before_read", "rank": 7, "copies": 64, "bytes": 524288}
{"mock_phase": "read_complete", "rank": 7, "ret": 0, "bytes": 524288}
{"mock_phase": "before_read", "rank": 7, "copies": 64, "bytes": 8192}
{"mock_phase": "read_complete", "rank": 7, "ret": 0, "bytes": 8192}
{"mock_phase": "before_read", "rank": 7, "copies": 64, "bytes": 8192}
{"mock_phase": "read_complete", "rank": 7, "ret": 0, "bytes": 8192}
{"mock_phase": "before_read", "rank": 7, "copies": 64, "bytes": 4194304}
{"mock_phase": "read_complete", "rank": 7, "ret": 0, "bytes": 4194304}
{"mock_phase": "before_read", "rank": 7, "copies": 64, "bytes": 4194304}
{"mock_phase": "read_complete", "rank": 7, "ret": 0, "bytes": 4194304}
{"mock_phase": "before_read", "rank": 7, "copies": 64, "bytes": 524288}
{"mock_phase": "read_complete", "rank": 7, "ret": 0, "bytes": 524288}
{"mock_phase": "before_read", "rank": 7, "copies": 64, "bytes": 524288}
{"mock_phase": "read_complete", "rank": 7, "ret": 0, "bytes": 524288}
{"mock_phase": "before_read", "rank": 7, "copies": 64, "bytes": 8192}
{"mock_phase": "read_complete", "rank": 7, "ret": 0, "bytes": 8192}
{"mock_phase": "before_read", "rank": 7, "copies": 64, "bytes": 8192}
{"mock_phase": "read_complete", "rank": 7, "ret": 0, "bytes": 8192}
{"mock_phase": "before_read", "rank": 7, "copies": 64, "bytes": 4194304}
{"mock_phase": "read_complete", "rank": 7, "ret": 0, "bytes": 4194304}
{"mock_phase": "before_read", "rank": 7, "copies": 64, "bytes": 4194304}
{"mock_phase": "read_complete", "rank": 7, "ret": 0, "bytes": 4194304}
{"mock_phase": "before_read", "rank": 7, "copies": 64, "bytes": 524288}
{"mock_phase": "read_complete", "rank": 7, "ret": 0, "bytes": 524288}
{"mock_phase": "before_read", "rank": 7, "copies": 64, "bytes": 524288}
{"mock_phase": "read_complete", "rank": 7, "ret": 0, "bytes": 524288}
{"mock_phase": "before_read", "rank": 7, "copies": 64, "bytes": 8192}
{"mock_phase": "read_complete", "rank": 7, "ret": 0, "bytes": 8192}
{"mock_phase": "before_read", "rank": 7, "copies": 64, "bytes": 8192}
{"mock_phase": "read_complete", "rank": 7, "ret": 0, "bytes": 8192}
{"mock_phase": "before_read", "rank": 7, "copies": 64, "bytes": 8388608}
{"mock_phase": "read_complete", "rank": 7, "ret": 0, "bytes": 8388608}
{"mock_phase": "before_read", "rank": 7, "copies": 64, "bytes": 8388608}
{"mock_phase": "read_complete", "rank": 7, "ret": 0, "bytes": 8388608}
{"mock_phase": "before_read", "rank": 7, "copies": 64, "bytes": 1048576}
{"mock_phase": "read_complete", "rank": 7, "ret": 0, "bytes": 1048576}
{"mock_phase": "before_read", "rank": 7, "copies": 64, "bytes": 1048576}
{"mock_phase": "read_complete", "rank": 7, "ret": 0, "bytes": 1048576}
{"mock_phase": "before_read", "rank": 7, "copies": 64, "bytes": 16384}
{"mock_phase": "read_complete", "rank": 7, "ret": 0, "bytes": 16384}
{"mock_phase": "before_read", "rank": 7, "copies": 64, "bytes": 16384}
{"mock_phase": "read_complete", "rank": 7, "ret": 0, "bytes": 16384}
{"mock_phase": "before_read", "rank": 7, "copies": 43, "bytes": 5636096}
{"mock_phase": "read_complete", "rank": 7, "ret": 0, "bytes": 5636096}
{"ok": true, "request_id": "cmpl-be00352e62e6cc1a-0-ba6363d0", "ranks": [{"rank": 0, "bytes": 52903936, "read_s": 0.013398712035268545, "hash_s": 0.07113339006900787, "nonzero_groups": [0, 1, 2, 3, 4, 5, 6]}, {"rank": 1, "bytes": 52903936, "read_s": 0.012367979623377323, "hash_s": 0.07032111939042807, "nonzero_groups": [0, 1, 2, 3, 4, 5, 6]}, {"rank": 2, "bytes": 52903936, "read_s": 0.011977158952504396, "hash_s": 0.07099755201488733, "nonzero_groups": [0, 1, 2, 3, 4, 5, 6]}, {"rank": 3, "bytes": 52903936, "read_s": 0.012333848979324102, "hash_s": 0.07064719079062343, "nonzero_groups": [0, 1, 2, 3, 4, 5, 6]}, {"rank": 4, "bytes": 52903936, "read_s": 0.011911929119378328, "hash_s": 0.06995638040825725, "nonzero_groups": [0, 1, 2, 3, 4, 5, 6]}, {"rank": 5, "bytes": 52903936, "read_s": 0.01182937202975154, "hash_s": 0.06965292897075415, "nonzero_groups": [0, 1, 2, 3, 4, 5, 6]}, {"rank": 6, "bytes": 52903936, "read_s": 0.011973030865192413, "hash_s": 0.07019785046577454, "nonzero_groups": [0, 1, 2, 3, 4, 5, 6]}, {"rank": 7, "bytes": 52903936, "read_s": 0.011770229786634445, "hash_s": 0.07004708983004093, "nonzero_groups": [0, 1, 2, 3, 4, 5, 6]}], "bytes": 423231488, "consume_s": 0.7067775498144329, "ack_s": 0.0021410700865089893, "total_s": 0.7089188797399402, "hold_ms": 0}
127.0.0.1 - - [09/Oct/2026 07:22:38] "POST /consume HTTP/1.1" 200 -
{"mock_phase": "planned", "request_id": "cmpl-b2618fa65f686a22-0-b7121e67", "rank": 0, "pages": 1579, "bytes": 52903936}
{"mock_phase": "before_read", "rank": 0, "copies": 64, "bytes": 4194304}
{"mock_phase": "read_complete", "rank": 0, "ret": 0, "bytes": 4194304}
{"mock_phase": "before_read", "rank": 0, "copies": 64, "bytes": 4194304}
{"mock_phase": "read_complete", "rank": 0, "ret": 0, "bytes": 4194304}
{"mock_phase": "before_read", "rank": 0, "copies": 64, "bytes": 524288}
{"mock_phase": "read_complete", "rank": 0, "ret": 0, "bytes": 524288}
{"mock_phase": "before_read", "rank": 0, "copies": 64, "bytes": 524288}
{"mock_phase": "read_complete", "rank": 0, "ret": 0, "bytes": 524288}
{"mock_phase": "before_read", "rank": 0, "copies": 64, "bytes": 8192}
{"mock_phase": "read_complete", "rank": 0, "ret": 0, "bytes": 8192}
{"mock_phase": "before_read", "rank": 0, "copies": 64, "bytes": 8192}
{"mock_phase": "read_complete", "rank": 0, "ret": 0, "bytes": 8192}
{"mock_phase": "before_read", "rank": 0, "copies": 64, "bytes": 4194304}
{"mock_phase": "read_complete", "rank": 0, "ret": 0, "bytes": 4194304}
{"mock_phase": "before_read", "rank": 0, "copies": 64, "bytes": 4194304}
{"mock_phase": "read_complete", "rank": 0, "ret": 0, "bytes": 4194304}
{"mock_phase": "before_read", "rank": 0, "copies": 64, "bytes": 524288}
{"mock_phase": "read_complete", "rank": 0, "ret": 0, "bytes": 524288}
{"mock_phase": "before_read", "rank": 0, "copies": 64, "bytes": 524288}
{"mock_phase": "read_complete", "rank": 0, "ret": 0, "bytes": 524288}
{"mock_phase": "before_read", "rank": 0, "copies": 64, "bytes": 8192}
{"mock_phase": "read_complete", "rank": 0, "ret": 0, "bytes": 8192}
{"mock_phase": "before_read", "rank": 0, "copies": 64, "bytes": 8192}
{"mock_phase": "read_complete", "rank": 0, "ret": 0, "bytes": 8192}
{"mock_phase": "before_read", "rank": 0, "copies": 64, "bytes": 4194304}
{"mock_phase": "read_complete", "rank": 0, "ret": 0, "bytes": 4194304}
{"mock_phase": "before_read", "rank": 0, "copies": 64, "bytes": 4194304}
{"mock_phase": "read_complete", "rank": 0, "ret": 0, "bytes": 4194304}
{"mock_phase": "before_read", "rank": 0, "copies": 64, "bytes": 524288}
{"mock_phase": "read_complete", "rank": 0, "ret": 0, "bytes": 524288}
{"mock_phase": "before_read", "rank": 0, "copies": 64, "bytes": 524288}
{"mock_phase": "read_complete", "rank": 0, "ret": 0, "bytes": 524288}
{"mock_phase": "before_read", "rank": 0, "copies": 64, "bytes": 8192}
{"mock_phase": "read_complete", "rank": 0, "ret": 0, "bytes": 8192}
{"mock_phase": "before_read", "rank": 0, "copies": 64, "bytes": 8192}
{"mock_phase": "read_complete", "rank": 0, "ret": 0, "bytes": 8192}
{"mock_phase": "before_read", "rank": 0, "copies": 64, "bytes": 8388608}
{"mock_phase": "read_complete", "rank": 0, "ret": 0, "bytes": 8388608}
{"mock_phase": "before_read", "rank": 0, "copies": 64, "bytes": 8388608}
{"mock_phase": "read_complete", "rank": 0, "ret": 0, "bytes": 8388608}
{"mock_phase": "before_read", "rank": 0, "copies": 64, "bytes": 1048576}
{"mock_phase": "read_complete", "rank": 0, "ret": 0, "bytes": 1048576}
{"mock_phase": "before_read", "rank": 0, "copies": 64, "bytes": 1048576}
{"mock_phase": "read_complete", "rank": 0, "ret": 0, "bytes": 1048576}
{"mock_phase": "before_read", "rank": 0, "copies": 64, "bytes": 16384}
{"mock_phase": "read_complete", "rank": 0, "ret": 0, "bytes": 16384}
{"mock_phase": "before_read", "rank": 0, "copies": 64, "bytes": 16384}
{"mock_phase": "read_complete", "rank": 0, "ret": 0, "bytes": 16384}
{"mock_phase": "before_read", "rank": 0, "copies": 43, "bytes": 5636096}
{"mock_phase": "read_complete", "rank": 0, "ret": 0, "bytes": 5636096}
{"mock_phase": "planned", "request_id": "cmpl-b2618fa65f686a22-0-b7121e67", "rank": 1, "pages": 1579, "bytes": 52903936}
{"mock_phase": "before_read", "rank": 1, "copies": 64, "bytes": 4194304}
{"mock_phase": "read_complete", "rank": 1, "ret": 0, "bytes": 4194304}
{"mock_phase": "before_read", "rank": 1, "copies": 64, "bytes": 4194304}
{"mock_phase": "read_complete", "rank": 1, "ret": 0, "bytes": 4194304}
{"mock_phase": "before_read", "rank": 1, "copies": 64, "bytes": 524288}
{"mock_phase": "read_complete", "rank": 1, "ret": 0, "bytes": 524288}
{"mock_phase": "before_read", "rank": 1, "copies": 64, "bytes": 524288}
{"mock_phase": "read_complete", "rank": 1, "ret": 0, "bytes": 524288}
{"mock_phase": "before_read", "rank": 1, "copies": 64, "bytes": 8192}
{"mock_phase": "read_complete", "rank": 1, "ret": 0, "bytes": 8192}
{"mock_phase": "before_read", "rank": 1, "copies": 64, "bytes": 8192}
{"mock_phase": "read_complete", "rank": 1, "ret": 0, "bytes": 8192}
{"mock_phase": "before_read", "rank": 1, "copies": 64, "bytes": 4194304}
{"mock_phase": "read_complete", "rank": 1, "ret": 0, "bytes": 4194304}
{"mock_phase": "before_read", "rank": 1, "copies": 64, "bytes": 4194304}
{"mock_phase": "read_complete", "rank": 1, "ret": 0, "bytes": 4194304}
{"mock_phase": "before_read", "rank": 1, "copies": 64, "bytes": 524288}
{"mock_phase": "read_complete", "rank": 1, "ret": 0, "bytes": 524288}
{"mock_phase": "before_read", "rank": 1, "copies": 64, "bytes": 524288}
{"mock_phase": "read_complete", "rank": 1, "ret": 0, "bytes": 524288}
{"mock_phase": "before_read", "rank": 1, "copies": 64, "bytes": 8192}
{"mock_phase": "read_complete", "rank": 1, "ret": 0, "bytes": 8192}
{"mock_phase": "before_read", "rank": 1, "copies": 64, "bytes": 8192}
{"mock_phase": "read_complete", "rank": 1, "ret": 0, "bytes": 8192}
{"mock_phase": "before_read", "rank": 1, "copies": 64, "bytes": 4194304}
{"mock_phase": "read_complete", "rank": 1, "ret": 0, "bytes": 4194304}
{"mock_phase": "before_read", "rank": 1, "copies": 64, "bytes": 4194304}
{"mock_phase": "read_complete", "rank": 1, "ret": 0, "bytes": 4194304}
{"mock_phase": "before_read", "rank": 1, "copies": 64, "bytes": 524288}
{"mock_phase": "read_complete", "rank": 1, "ret": 0, "bytes": 524288}
{"mock_phase": "before_read", "rank": 1, "copies": 64, "bytes": 524288}
{"mock_phase": "read_complete", "rank": 1, "ret": 0, "bytes": 524288}
{"mock_phase": "before_read", "rank": 1, "copies": 64, "bytes": 8192}
{"mock_phase": "read_complete", "rank": 1, "ret": 0, "bytes": 8192}
{"mock_phase": "before_read", "rank": 1, "copies": 64, "bytes": 8192}
{"mock_phase": "read_complete", "rank": 1, "ret": 0, "bytes": 8192}
{"mock_phase": "before_read", "rank": 1, "copies": 64, "bytes": 8388608}
{"mock_phase": "read_complete", "rank": 1, "ret": 0, "bytes": 8388608}
{"mock_phase": "before_read", "rank": 1, "copies": 64, "bytes": 8388608}
{"mock_phase": "read_complete", "rank": 1, "ret": 0, "bytes": 8388608}
{"mock_phase": "before_read", "rank": 1, "copies": 64, "bytes": 1048576}
{"mock_phase": "read_complete", "rank": 1, "ret": 0, "bytes": 1048576}
{"mock_phase": "before_read", "rank": 1, "copies": 64, "bytes": 1048576}
{"mock_phase": "read_complete", "rank": 1, "ret": 0, "bytes": 1048576}
{"mock_phase": "before_read", "rank": 1, "copies": 64, "bytes": 16384}
{"mock_phase": "read_complete", "rank": 1, "ret": 0, "bytes": 16384}
{"mock_phase": "before_read", "rank": 1, "copies": 64, "bytes": 16384}
{"mock_phase": "read_complete", "rank": 1, "ret": 0, "bytes": 16384}
{"mock_phase": "before_read", "rank": 1, "copies": 43, "bytes": 5636096}
{"mock_phase": "read_complete", "rank": 1, "ret": 0, "bytes": 5636096}
{"mock_phase": "planned", "request_id": "cmpl-b2618fa65f686a22-0-b7121e67", "rank": 2, "pages": 1579, "bytes": 52903936}
{"mock_phase": "before_read", "rank": 2, "copies": 64, "bytes": 4194304}
{"mock_phase": "read_complete", "rank": 2, "ret": 0, "bytes": 4194304}
{"mock_phase": "before_read", "rank": 2, "copies": 64, "bytes": 4194304}
{"mock_phase": "read_complete", "rank": 2, "ret": 0, "bytes": 4194304}
{"mock_phase": "before_read", "rank": 2, "copies": 64, "bytes": 524288}
{"mock_phase": "read_complete", "rank": 2, "ret": 0, "bytes": 524288}
{"mock_phase": "before_read", "rank": 2, "copies": 64, "bytes": 524288}
{"mock_phase": "read_complete", "rank": 2, "ret": 0, "bytes": 524288}
{"mock_phase": "before_read", "rank": 2, "copies": 64, "bytes": 8192}
{"mock_phase": "read_complete", "rank": 2, "ret": 0, "bytes": 8192}
{"mock_phase": "before_read", "rank": 2, "copies": 64, "bytes": 8192}
{"mock_phase": "read_complete", "rank": 2, "ret": 0, "bytes": 8192}
{"mock_phase": "before_read", "rank": 2, "copies": 64, "bytes": 4194304}
{"mock_phase": "read_complete", "rank": 2, "ret": 0, "bytes": 4194304}
{"mock_phase": "before_read", "rank": 2, "copies": 64, "bytes": 4194304}
{"mock_phase": "read_complete", "rank": 2, "ret": 0, "bytes": 4194304}
{"mock_phase": "before_read", "rank": 2, "copies": 64, "bytes": 524288}
{"mock_phase": "read_complete", "rank": 2, "ret": 0, "bytes": 524288}
{"mock_phase": "before_read", "rank": 2, "copies": 64, "bytes": 524288}
{"mock_phase": "read_complete", "rank": 2, "ret": 0, "bytes": 524288}
{"mock_phase": "before_read", "rank": 2, "copies": 64, "bytes": 8192}
{"mock_phase": "read_complete", "rank": 2, "ret": 0, "bytes": 8192}
{"mock_phase": "before_read", "rank": 2, "copies": 64, "bytes": 8192}
{"mock_phase": "read_complete", "rank": 2, "ret": 0, "bytes": 8192}
{"mock_phase": "before_read", "rank": 2, "copies": 64, "bytes": 4194304}
{"mock_phase": "read_complete", "rank": 2, "ret": 0, "bytes": 4194304}
{"mock_phase": "before_read", "rank": 2, "copies": 64, "bytes": 4194304}
{"mock_phase": "read_complete", "rank": 2, "ret": 0, "bytes": 4194304}
{"mock_phase": "before_read", "rank": 2, "copies": 64, "bytes": 524288}
{"mock_phase": "read_complete", "rank": 2, "ret": 0, "bytes": 524288}
{"mock_phase": "before_read", "rank": 2, "copies": 64, "bytes": 524288}
{"mock_phase": "read_complete", "rank": 2, "ret": 0, "bytes": 524288}
{"mock_phase": "before_read", "rank": 2, "copies": 64, "bytes": 8192}
{"mock_phase": "read_complete", "rank": 2, "ret": 0, "bytes": 8192}
{"mock_phase": "before_read", "rank": 2, "copies": 64, "bytes": 8192}
{"mock_phase": "read_complete", "rank": 2, "ret": 0, "bytes": 8192}
{"mock_phase": "before_read", "rank": 2, "copies": 64, "bytes": 8388608}
{"mock_phase": "read_complete", "rank": 2, "ret": 0, "bytes": 8388608}
{"mock_phase": "before_read", "rank": 2, "copies": 64, "bytes": 8388608}
{"mock_phase": "read_complete", "rank": 2, "ret": 0, "bytes": 8388608}
{"mock_phase": "before_read", "rank": 2, "copies": 64, "bytes": 1048576}
{"mock_phase": "read_complete", "rank": 2, "ret": 0, "bytes": 1048576}
{"mock_phase": "before_read", "rank": 2, "copies": 64, "bytes": 1048576}
{"mock_phase": "read_complete", "rank": 2, "ret": 0, "bytes": 1048576}
{"mock_phase": "before_read", "rank": 2, "copies": 64, "bytes": 16384}
{"mock_phase": "read_complete", "rank": 2, "ret": 0, "bytes": 16384}
{"mock_phase": "before_read", "rank": 2, "copies": 64, "bytes": 16384}
{"mock_phase": "read_complete", "rank": 2, "ret": 0, "bytes": 16384}
{"mock_phase": "before_read", "rank": 2, "copies": 43, "bytes": 5636096}
{"mock_phase": "read_complete", "rank": 2, "ret": 0, "bytes": 5636096}
{"mock_phase": "planned", "request_id": "cmpl-b2618fa65f686a22-0-b7121e67", "rank": 3, "pages": 1579, "bytes": 52903936}
{"mock_phase": "before_read", "rank": 3, "copies": 64, "bytes": 4194304}
{"mock_phase": "read_complete", "rank": 3, "ret": 0, "bytes": 4194304}
{"mock_phase": "before_read", "rank": 3, "copies": 64, "bytes": 4194304}
{"mock_phase": "read_complete", "rank": 3, "ret": 0, "bytes": 4194304}
{"mock_phase": "before_read", "rank": 3, "copies": 64, "bytes": 524288}
{"mock_phase": "read_complete", "rank": 3, "ret": 0, "bytes": 524288}
{"mock_phase": "before_read", "rank": 3, "copies": 64, "bytes": 524288}
{"mock_phase": "read_complete", "rank": 3, "ret": 0, "bytes": 524288}
{"mock_phase": "before_read", "rank": 3, "copies": 64, "bytes": 8192}
{"mock_phase": "read_complete", "rank": 3, "ret": 0, "bytes": 8192}
{"mock_phase": "before_read", "rank": 3, "copies": 64, "bytes": 8192}
{"mock_phase": "read_complete", "rank": 3, "ret": 0, "bytes": 8192}
{"mock_phase": "before_read", "rank": 3, "copies": 64, "bytes": 4194304}
{"mock_phase": "read_complete", "rank": 3, "ret": 0, "bytes": 4194304}
{"mock_phase": "before_read", "rank": 3, "copies": 64, "bytes": 4194304}
{"mock_phase": "read_complete", "rank": 3, "ret": 0, "bytes": 4194304}
{"mock_phase": "before_read", "rank": 3, "copies": 64, "bytes": 524288}
{"mock_phase": "read_complete", "rank": 3, "ret": 0, "bytes": 524288}
{"mock_phase": "before_read", "rank": 3, "copies": 64, "bytes": 524288}
{"mock_phase": "read_complete", "rank": 3, "ret": 0, "bytes": 524288}
{"mock_phase": "before_read", "rank": 3, "copies": 64, "bytes": 8192}
{"mock_phase": "read_complete", "rank": 3, "ret": 0, "bytes": 8192}
{"mock_phase": "before_read", "rank": 3, "copies": 64, "bytes": 8192}
{"mock_phase": "read_complete", "rank": 3, "ret": 0, "bytes": 8192}
{"mock_phase": "before_read", "rank": 3, "copies": 64, "bytes": 4194304}
{"mock_phase": "read_complete", "rank": 3, "ret": 0, "bytes": 4194304}
{"mock_phase": "before_read", "rank": 3, "copies": 64, "bytes": 4194304}
{"mock_phase": "read_complete", "rank": 3, "ret": 0, "bytes": 4194304}
{"mock_phase": "before_read", "rank": 3, "copies": 64, "bytes": 524288}
{"mock_phase": "read_complete", "rank": 3, "ret": 0, "bytes": 524288}
{"mock_phase": "before_read", "rank": 3, "copies": 64, "bytes": 524288}
{"mock_phase": "read_complete", "rank": 3, "ret": 0, "bytes": 524288}
{"mock_phase": "before_read", "rank": 3, "copies": 64, "bytes": 8192}
{"mock_phase": "read_complete", "rank": 3, "ret": 0, "bytes": 8192}
{"mock_phase": "before_read", "rank": 3, "copies": 64, "bytes": 8192}
{"mock_phase": "read_complete", "rank": 3, "ret": 0, "bytes": 8192}
{"mock_phase": "before_read", "rank": 3, "copies": 64, "bytes": 8388608}
{"mock_phase": "read_complete", "rank": 3, "ret": 0, "bytes": 8388608}
{"mock_phase": "before_read", "rank": 3, "copies": 64, "bytes": 8388608}
{"mock_phase": "read_complete", "rank": 3, "ret": 0, "bytes": 8388608}
{"mock_phase": "before_read", "rank": 3, "copies": 64, "bytes": 1048576}
{"mock_phase": "read_complete", "rank": 3, "ret": 0, "bytes": 1048576}
{"mock_phase": "before_read", "rank": 3, "copies": 64, "bytes": 1048576}
{"mock_phase": "read_complete", "rank": 3, "ret": 0, "bytes": 1048576}
{"mock_phase": "before_read", "rank": 3, "copies": 64, "bytes": 16384}
{"mock_phase": "read_complete", "rank": 3, "ret": 0, "bytes": 16384}
{"mock_phase": "before_read", "rank": 3, "copies": 64, "bytes": 16384}
{"mock_phase": "read_complete", "rank": 3, "ret": 0, "bytes": 16384}
{"mock_phase": "before_read", "rank": 3, "copies": 43, "bytes": 5636096}
{"mock_phase": "read_complete", "rank": 3, "ret": 0, "bytes": 5636096}
{"mock_phase": "planned", "request_id": "cmpl-b2618fa65f686a22-0-b7121e67", "rank": 4, "pages": 1579, "bytes": 52903936}
{"mock_phase": "before_read", "rank": 4, "copies": 64, "bytes": 4194304}
{"mock_phase": "read_complete", "rank": 4, "ret": 0, "bytes": 4194304}
{"mock_phase": "before_read", "rank": 4, "copies": 64, "bytes": 4194304}
{"mock_phase": "read_complete", "rank": 4, "ret": 0, "bytes": 4194304}
{"mock_phase": "before_read", "rank": 4, "copies": 64, "bytes": 524288}
{"mock_phase": "read_complete", "rank": 4, "ret": 0, "bytes": 524288}
{"mock_phase": "before_read", "rank": 4, "copies": 64, "bytes": 524288}
{"mock_phase": "read_complete", "rank": 4, "ret": 0, "bytes": 524288}
{"mock_phase": "before_read", "rank": 4, "copies": 64, "bytes": 8192}
{"mock_phase": "read_complete", "rank": 4, "ret": 0, "bytes": 8192}
{"mock_phase": "before_read", "rank": 4, "copies": 64, "bytes": 8192}
{"mock_phase": "read_complete", "rank": 4, "ret": 0, "bytes": 8192}
{"mock_phase": "before_read", "rank": 4, "copies": 64, "bytes": 4194304}
{"mock_phase": "read_complete", "rank": 4, "ret": 0, "bytes": 4194304}
{"mock_phase": "before_read", "rank": 4, "copies": 64, "bytes": 4194304}
{"mock_phase": "read_complete", "rank": 4, "ret": 0, "bytes": 4194304}
{"mock_phase": "before_read", "rank": 4, "copies": 64, "bytes": 524288}
{"mock_phase": "read_complete", "rank": 4, "ret": 0, "bytes": 524288}
{"mock_phase": "before_read", "rank": 4, "copies": 64, "bytes": 524288}
{"mock_phase": "read_complete", "rank": 4, "ret": 0, "bytes": 524288}
{"mock_phase": "before_read", "rank": 4, "copies": 64, "bytes": 8192}
{"mock_phase": "read_complete", "rank": 4, "ret": 0, "bytes": 8192}
{"mock_phase": "before_read", "rank": 4, "copies": 64, "bytes": 8192}
{"mock_phase": "read_complete", "rank": 4, "ret": 0, "bytes": 8192}
{"mock_phase": "before_read", "rank": 4, "copies": 64, "bytes": 4194304}
{"mock_phase": "read_complete", "rank": 4, "ret": 0, "bytes": 4194304}
{"mock_phase": "before_read", "rank": 4, "copies": 64, "bytes": 4194304}
{"mock_phase": "read_complete", "rank": 4, "ret": 0, "bytes": 4194304}
{"mock_phase": "before_read", "rank": 4, "copies": 64, "bytes": 524288}
{"mock_phase": "read_complete", "rank": 4, "ret": 0, "bytes": 524288}
{"mock_phase": "before_read", "rank": 4, "copies": 64, "bytes": 524288}
{"mock_phase": "read_complete", "rank": 4, "ret": 0, "bytes": 524288}
{"mock_phase": "before_read", "rank": 4, "copies": 64, "bytes": 8192}
{"mock_phase": "read_complete", "rank": 4, "ret": 0, "bytes": 8192}
{"mock_phase": "before_read", "rank": 4, "copies": 64, "bytes": 8192}
{"mock_phase": "read_complete", "rank": 4, "ret": 0, "bytes": 8192}
{"mock_phase": "before_read", "rank": 4, "copies": 64, "bytes": 8388608}
{"mock_phase": "read_complete", "rank": 4, "ret": 0, "bytes": 8388608}
{"mock_phase": "before_read", "rank": 4, "copies": 64, "bytes": 8388608}
{"mock_phase": "read_complete", "rank": 4, "ret": 0, "bytes": 8388608}
{"mock_phase": "before_read", "rank": 4, "copies": 64, "bytes": 1048576}
{"mock_phase": "read_complete", "rank": 4, "ret": 0, "bytes": 1048576}
{"mock_phase": "before_read", "rank": 4, "copies": 64, "bytes": 1048576}
{"mock_phase": "read_complete", "rank": 4, "ret": 0, "bytes": 1048576}
{"mock_phase": "before_read", "rank": 4, "copies": 64, "bytes": 16384}
{"mock_phase": "read_complete", "rank": 4, "ret": 0, "bytes": 16384}
{"mock_phase": "before_read", "rank": 4, "copies": 64, "bytes": 16384}
{"mock_phase": "read_complete", "rank": 4, "ret": 0, "bytes": 16384}
{"mock_phase": "before_read", "rank": 4, "copies": 43, "bytes": 5636096}
{"mock_phase": "read_complete", "rank": 4, "ret": 0, "bytes": 5636096}
{"mock_phase": "planned", "request_id": "cmpl-b2618fa65f686a22-0-b7121e67", "rank": 5, "pages": 1579, "bytes": 52903936}
{"mock_phase": "before_read", "rank": 5, "copies": 64, "bytes": 4194304}
{"mock_phase": "read_complete", "rank": 5, "ret": 0, "bytes": 4194304}
{"mock_phase": "before_read", "rank": 5, "copies": 64, "bytes": 4194304}
{"mock_phase": "read_complete", "rank": 5, "ret": 0, "bytes": 4194304}
{"mock_phase": "before_read", "rank": 5, "copies": 64, "bytes": 524288}
{"mock_phase": "read_complete", "rank": 5, "ret": 0, "bytes": 524288}
{"mock_phase": "before_read", "rank": 5, "copies": 64, "bytes": 524288}
{"mock_phase": "read_complete", "rank": 5, "ret": 0, "bytes": 524288}
{"mock_phase": "before_read", "rank": 5, "copies": 64, "bytes": 8192}
{"mock_phase": "read_complete", "rank": 5, "ret": 0, "bytes": 8192}
{"mock_phase": "before_read", "rank": 5, "copies": 64, "bytes": 8192}
{"mock_phase": "read_complete", "rank": 5, "ret": 0, "bytes": 8192}
{"mock_phase": "before_read", "rank": 5, "copies": 64, "bytes": 4194304}
{"mock_phase": "read_complete", "rank": 5, "ret": 0, "bytes": 4194304}
{"mock_phase": "before_read", "rank": 5, "copies": 64, "bytes": 4194304}
{"mock_phase": "read_complete", "rank": 5, "ret": 0, "bytes": 4194304}
{"mock_phase": "before_read", "rank": 5, "copies": 64, "bytes": 524288}
{"mock_phase": "read_complete", "rank": 5, "ret": 0, "bytes": 524288}
{"mock_phase": "before_read", "rank": 5, "copies": 64, "bytes": 524288}
{"mock_phase": "read_complete", "rank": 5, "ret": 0, "bytes": 524288}
{"mock_phase": "before_read", "rank": 5, "copies": 64, "bytes": 8192}
{"mock_phase": "read_complete", "rank": 5, "ret": 0, "bytes": 8192}
{"mock_phase": "before_read", "rank": 5, "copies": 64, "bytes": 8192}
{"mock_phase": "read_complete", "rank": 5, "ret": 0, "bytes": 8192}
{"mock_phase": "before_read", "rank": 5, "copies": 64, "bytes": 4194304}
{"mock_phase": "read_complete", "rank": 5, "ret": 0, "bytes": 4194304}
{"mock_phase": "before_read", "rank": 5, "copies": 64, "bytes": 4194304}
{"mock_phase": "read_complete", "rank": 5, "ret": 0, "bytes": 4194304}
{"mock_phase": "before_read", "rank": 5, "copies": 64, "bytes": 524288}
{"mock_phase": "read_complete", "rank": 5, "ret": 0, "bytes": 524288}
{"mock_phase": "before_read", "rank": 5, "copies": 64, "bytes": 524288}
{"mock_phase": "read_complete", "rank": 5, "ret": 0, "bytes": 524288}
{"mock_phase": "before_read", "rank": 5, "copies": 64, "bytes": 8192}
{"mock_phase": "read_complete", "rank": 5, "ret": 0, "bytes": 8192}
{"mock_phase": "before_read", "rank": 5, "copies": 64, "bytes": 8192}
{"mock_phase": "read_complete", "rank": 5, "ret": 0, "bytes": 8192}
{"mock_phase": "before_read", "rank": 5, "copies": 64, "bytes": 8388608}
{"mock_phase": "read_complete", "rank": 5, "ret": 0, "bytes": 8388608}
{"mock_phase": "before_read", "rank": 5, "copies": 64, "bytes": 8388608}
{"mock_phase": "read_complete", "rank": 5, "ret": 0, "bytes": 8388608}
{"mock_phase": "before_read", "rank": 5, "copies": 64, "bytes": 1048576}
{"mock_phase": "read_complete", "rank": 5, "ret": 0, "bytes": 1048576}
{"mock_phase": "before_read", "rank": 5, "copies": 64, "bytes": 1048576}
{"mock_phase": "read_complete", "rank": 5, "ret": 0, "bytes": 1048576}
{"mock_phase": "before_read", "rank": 5, "copies": 64, "bytes": 16384}
{"mock_phase": "read_complete", "rank": 5, "ret": 0, "bytes": 16384}
{"mock_phase": "before_read", "rank": 5, "copies": 64, "bytes": 16384}
{"mock_phase": "read_complete", "rank": 5, "ret": 0, "bytes": 16384}
{"mock_phase": "before_read", "rank": 5, "copies": 43, "bytes": 5636096}
{"mock_phase": "read_complete", "rank": 5, "ret": 0, "bytes": 5636096}
{"mock_phase": "planned", "request_id": "cmpl-b2618fa65f686a22-0-b7121e67", "rank": 6, "pages": 1579, "bytes": 52903936}
{"mock_phase": "before_read", "rank": 6, "copies": 64, "bytes": 4194304}
{"mock_phase": "read_complete", "rank": 6, "ret": 0, "bytes": 4194304}
{"mock_phase": "before_read", "rank": 6, "copies": 64, "bytes": 4194304}
{"mock_phase": "read_complete", "rank": 6, "ret": 0, "bytes": 4194304}
{"mock_phase": "before_read", "rank": 6, "copies": 64, "bytes": 524288}
{"mock_phase": "read_complete", "rank": 6, "ret": 0, "bytes": 524288}
{"mock_phase": "before_read", "rank": 6, "copies": 64, "bytes": 524288}
{"mock_phase": "read_complete", "rank": 6, "ret": 0, "bytes": 524288}
{"mock_phase": "before_read", "rank": 6, "copies": 64, "bytes": 8192}
{"mock_phase": "read_complete", "rank": 6, "ret": 0, "bytes": 8192}
{"mock_phase": "before_read", "rank": 6, "copies": 64, "bytes": 8192}
{"mock_phase": "read_complete", "rank": 6, "ret": 0, "bytes": 8192}
{"mock_phase": "before_read", "rank": 6, "copies": 64, "bytes": 4194304}
{"mock_phase": "read_complete", "rank": 6, "ret": 0, "bytes": 4194304}
{"mock_phase": "before_read", "rank": 6, "copies": 64, "bytes": 4194304}
{"mock_phase": "read_complete", "rank": 6, "ret": 0, "bytes": 4194304}
{"mock_phase": "before_read", "rank": 6, "copies": 64, "bytes": 524288}
{"mock_phase": "read_complete", "rank": 6, "ret": 0, "bytes": 524288}
{"mock_phase": "before_read", "rank": 6, "copies": 64, "bytes": 524288}
{"mock_phase": "read_complete", "rank": 6, "ret": 0, "bytes": 524288}
{"mock_phase": "before_read", "rank": 6, "copies": 64, "bytes": 8192}
{"mock_phase": "read_complete", "rank": 6, "ret": 0, "bytes": 8192}
{"mock_phase": "before_read", "rank": 6, "copies": 64, "bytes": 8192}
{"mock_phase": "read_complete", "rank": 6, "ret": 0, "bytes": 8192}
{"mock_phase": "before_read", "rank": 6, "copies": 64, "bytes": 4194304}
{"mock_phase": "read_complete", "rank": 6, "ret": 0, "bytes": 4194304}
{"mock_phase": "before_read", "rank": 6, "copies": 64, "bytes": 4194304}
{"mock_phase": "read_complete", "rank": 6, "ret": 0, "bytes": 4194304}
{"mock_phase": "before_read", "rank": 6, "copies": 64, "bytes": 524288}
{"mock_phase": "read_complete", "rank": 6, "ret": 0, "bytes": 524288}
{"mock_phase": "before_read", "rank": 6, "copies": 64, "bytes": 524288}
{"mock_phase": "read_complete", "rank": 6, "ret": 0, "bytes": 524288}
{"mock_phase": "before_read", "rank": 6, "copies": 64, "bytes": 8192}
{"mock_phase": "read_complete", "rank": 6, "ret": 0, "bytes": 8192}
{"mock_phase": "before_read", "rank": 6, "copies": 64, "bytes": 8192}
{"mock_phase": "read_complete", "rank": 6, "ret": 0, "bytes": 8192}
{"mock_phase": "before_read", "rank": 6, "copies": 64, "bytes": 8388608}
{"mock_phase": "read_complete", "rank": 6, "ret": 0, "bytes": 8388608}
{"mock_phase": "before_read", "rank": 6, "copies": 64, "bytes": 8388608}
{"mock_phase": "read_complete", "rank": 6, "ret": 0, "bytes": 8388608}
{"mock_phase": "before_read", "rank": 6, "copies": 64, "bytes": 1048576}
{"mock_phase": "read_complete", "rank": 6, "ret": 0, "bytes": 1048576}
{"mock_phase": "before_read", "rank": 6, "copies": 64, "bytes": 1048576}
{"mock_phase": "read_complete", "rank": 6, "ret": 0, "bytes": 1048576}
{"mock_phase": "before_read", "rank": 6, "copies": 64, "bytes": 16384}
{"mock_phase": "read_complete", "rank": 6, "ret": 0, "bytes": 16384}
{"mock_phase": "before_read", "rank": 6, "copies": 64, "bytes": 16384}
{"mock_phase": "read_complete", "rank": 6, "ret": 0, "bytes": 16384}
{"mock_phase": "before_read", "rank": 6, "copies": 43, "bytes": 5636096}
{"mock_phase": "read_complete", "rank": 6, "ret": 0, "bytes": 5636096}
{"mock_phase": "planned", "request_id": "cmpl-b2618fa65f686a22-0-b7121e67", "rank": 7, "pages": 1579, "bytes": 52903936}
{"mock_phase": "before_read", "rank": 7, "copies": 64, "bytes": 4194304}
{"mock_phase": "read_complete", "rank": 7, "ret": 0, "bytes": 4194304}
{"mock_phase": "before_read", "rank": 7, "copies": 64, "bytes": 4194304}
{"mock_phase": "read_complete", "rank": 7, "ret": 0, "bytes": 4194304}
{"mock_phase": "before_read", "rank": 7, "copies": 64, "bytes": 524288}
{"mock_phase": "read_complete", "rank": 7, "ret": 0, "bytes": 524288}
{"mock_phase": "before_read", "rank": 7, "copies": 64, "bytes": 524288}
{"mock_phase": "read_complete", "rank": 7, "ret": 0, "bytes": 524288}
{"mock_phase": "before_read", "rank": 7, "copies": 64, "bytes": 8192}
{"mock_phase": "read_complete", "rank": 7, "ret": 0, "bytes": 8192}
{"mock_phase": "before_read", "rank": 7, "copies": 64, "bytes": 8192}
{"mock_phase": "read_complete", "rank": 7, "ret": 0, "bytes": 8192}
{"mock_phase": "before_read", "rank": 7, "copies": 64, "bytes": 4194304}
{"mock_phase": "read_complete", "rank": 7, "ret": 0, "bytes": 4194304}
{"mock_phase": "before_read", "rank": 7, "copies": 64, "bytes": 4194304}
{"mock_phase": "read_complete", "rank": 7, "ret": 0, "bytes": 4194304}
{"mock_phase": "before_read", "rank": 7, "copies": 64, "bytes": 524288}
{"mock_phase": "read_complete", "rank": 7, "ret": 0, "bytes": 524288}
{"mock_phase": "before_read", "rank": 7, "copies": 64, "bytes": 524288}
{"mock_phase": "read_complete", "rank": 7, "ret": 0, "bytes": 524288}
{"mock_phase": "before_read", "rank": 7, "copies": 64, "bytes": 8192}
{"mock_phase": "read_complete", "rank": 7, "ret": 0, "bytes": 8192}
{"mock_phase": "before_read", "rank": 7, "copies": 64, "bytes": 8192}
{"mock_phase": "read_complete", "rank": 7, "ret": 0, "bytes": 8192}
{"mock_phase": "before_read", "rank": 7, "copies": 64, "bytes": 4194304}
{"mock_phase": "read_complete", "rank": 7, "ret": 0, "bytes": 4194304}
{"mock_phase": "before_read", "rank": 7, "copies": 64, "bytes": 4194304}
{"mock_phase": "read_complete", "rank": 7, "ret": 0, "bytes": 4194304}
{"mock_phase": "before_read", "rank": 7, "copies": 64, "bytes": 524288}
{"mock_phase": "read_complete", "rank": 7, "ret": 0, "bytes": 524288}
{"mock_phase": "before_read", "rank": 7, "copies": 64, "bytes": 524288}
{"mock_phase": "read_complete", "rank": 7, "ret": 0, "bytes": 524288}
{"mock_phase": "before_read", "rank": 7, "copies": 64, "bytes": 8192}
{"mock_phase": "read_complete", "rank": 7, "ret": 0, "bytes": 8192}
{"mock_phase": "before_read", "rank": 7, "copies": 64, "bytes": 8192}
{"mock_phase": "read_complete", "rank": 7, "ret": 0, "bytes": 8192}
{"mock_phase": "before_read", "rank": 7, "copies": 64, "bytes": 8388608}
{"mock_phase": "read_complete", "rank": 7, "ret": 0, "bytes": 8388608}
{"mock_phase": "before_read", "rank": 7, "copies": 64, "bytes": 8388608}
{"mock_phase": "read_complete", "rank": 7, "ret": 0, "bytes": 8388608}
{"mock_phase": "before_read", "rank": 7, "copies": 64, "bytes": 1048576}
{"mock_phase": "read_complete", "rank": 7, "ret": 0, "bytes": 1048576}
{"mock_phase": "before_read", "rank": 7, "copies": 64, "bytes": 1048576}
{"mock_phase": "read_complete", "rank": 7, "ret": 0, "bytes": 1048576}
{"mock_phase": "before_read", "rank": 7, "copies": 64, "bytes": 16384}
{"mock_phase": "read_complete", "rank": 7, "ret": 0, "bytes": 16384}
{"mock_phase": "before_read", "rank": 7, "copies": 64, "bytes": 16384}
{"mock_phase": "read_complete", "rank": 7, "ret": 0, "bytes": 16384}
{"mock_phase": "before_read", "rank": 7, "copies": 43, "bytes": 5636096}
{"mock_phase": "read_complete", "rank": 7, "ret": 0, "bytes": 5636096}
{"ok": true, "request_id": "cmpl-b2618fa65f686a22-0-b7121e67", "ranks": [{"rank": 0, "bytes": 52903936, "read_s": 0.012612849939614534, "hash_s": 0.07068054983392358, "nonzero_groups": [0, 1, 2, 3, 4, 5, 6]}, {"rank": 1, "bytes": 52903936, "read_s": 0.012013121508061886, "hash_s": 0.07074813032522798, "nonzero_groups": [0, 1, 2, 3, 4, 5, 6]}, {"rank": 2, "bytes": 52903936, "read_s": 0.012671378441154957, "hash_s": 0.06979235075414181, "nonzero_groups": [0, 1, 2, 3, 4, 5, 6]}, {"rank": 3, "bytes": 52903936, "read_s": 0.012140591163188219, "hash_s": 0.0700483089312911, "nonzero_groups": [0, 1, 2, 3, 4, 5, 6]}, {"rank": 4, "bytes": 52903936, "read_s": 0.012361010070890188, "hash_s": 0.07046733004972339, "nonzero_groups": [0, 1, 2, 3, 4, 5, 6]}, {"rank": 5, "bytes": 52903936, "read_s": 0.011874829418957233, "hash_s": 0.0700112790800631, "nonzero_groups": [0, 1, 2, 3, 4, 5, 6]}, {"rank": 6, "bytes": 52903936, "read_s": 0.011957509908825159, "hash_s": 0.07023260043933988, "nonzero_groups": [0, 1, 2, 3, 4, 5, 6]}, {"rank": 7, "bytes": 52903936, "read_s": 0.012202300131320953, "hash_s": 0.07043602131307125, "nonzero_groups": [0, 1, 2, 3, 4, 5, 6]}], "bytes": 423231488, "consume_s": 0.7061982601881027, "ack_s": 0.0024714800529181957, "total_s": 0.7086700000800192, "hold_ms": 0}
127.0.0.1 - - [09/Oct/2026 07:22:40] "POST /consume HTTP/1.1" 200 -
{"mock_phase": "planned", "request_id": "cmpl-963d11e1fb9524f8-0-93224d3d", "rank": 0, "pages": 1579, "bytes": 52903936}
{"mock_phase": "before_read", "rank": 0, "copies": 64, "bytes": 4194304}
{"mock_phase": "read_complete", "rank": 0, "ret": 0, "bytes": 4194304}
{"mock_phase": "before_read", "rank": 0, "copies": 64, "bytes": 4194304}
{"mock_phase": "read_complete", "rank": 0, "ret": 0, "bytes": 4194304}
{"mock_phase": "before_read", "rank": 0, "copies": 64, "bytes": 524288}
{"mock_phase": "read_complete", "rank": 0, "ret": 0, "bytes": 524288}
{"mock_phase": "before_read", "rank": 0, "copies": 64, "bytes": 524288}
{"mock_phase": "read_complete", "rank": 0, "ret": 0, "bytes": 524288}
{"mock_phase": "before_read", "rank": 0, "copies": 64, "bytes": 8192}
{"mock_phase": "read_complete", "rank": 0, "ret": 0, "bytes": 8192}
{"mock_phase": "before_read", "rank": 0, "copies": 64, "bytes": 8192}
{"mock_phase": "read_complete", "rank": 0, "ret": 0, "bytes": 8192}
{"mock_phase": "before_read", "rank": 0, "copies": 64, "bytes": 4194304}
{"mock_phase": "read_complete", "rank": 0, "ret": 0, "bytes": 4194304}
{"mock_phase": "before_read", "rank": 0, "copies": 64, "bytes": 4194304}
{"mock_phase": "read_complete", "rank": 0, "ret": 0, "bytes": 4194304}
{"mock_phase": "before_read", "rank": 0, "copies": 64, "bytes": 524288}
{"mock_phase": "read_complete", "rank": 0, "ret": 0, "bytes": 524288}
{"mock_phase": "before_read", "rank": 0, "copies": 64, "bytes": 524288}
{"mock_phase": "read_complete", "rank": 0, "ret": 0, "bytes": 524288}
{"mock_phase": "before_read", "rank": 0, "copies": 64, "bytes": 8192}
{"mock_phase": "read_complete", "rank": 0, "ret": 0, "bytes": 8192}
{"mock_phase": "before_read", "rank": 0, "copies": 64, "bytes": 8192}
{"mock_phase": "read_complete", "rank": 0, "ret": 0, "bytes": 8192}
{"mock_phase": "before_read", "rank": 0, "copies": 64, "bytes": 4194304}
{"mock_phase": "read_complete", "rank": 0, "ret": 0, "bytes": 4194304}
{"mock_phase": "before_read", "rank": 0, "copies": 64, "bytes": 4194304}
{"mock_phase": "read_complete", "rank": 0, "ret": 0, "bytes": 4194304}
{"mock_phase": "before_read", "rank": 0, "copies": 64, "bytes": 524288}
{"mock_phase": "read_complete", "rank": 0, "ret": 0, "bytes": 524288}
{"mock_phase": "before_read", "rank": 0, "copies": 64, "bytes": 524288}
{"mock_phase": "read_complete", "rank": 0, "ret": 0, "bytes": 524288}
{"mock_phase": "before_read", "rank": 0, "copies": 64, "bytes": 8192}
{"mock_phase": "read_complete", "rank": 0, "ret": 0, "bytes": 8192}
{"mock_phase": "before_read", "rank": 0, "copies": 64, "bytes": 8192}
{"mock_phase": "read_complete", "rank": 0, "ret": 0, "bytes": 8192}
{"mock_phase": "before_read", "rank": 0, "copies": 64, "bytes": 8388608}
{"mock_phase": "read_complete", "rank": 0, "ret": 0, "bytes": 8388608}
{"mock_phase": "before_read", "rank": 0, "copies": 64, "bytes": 8388608}
{"mock_phase": "read_complete", "rank": 0, "ret": 0, "bytes": 8388608}
{"mock_phase": "before_read", "rank": 0, "copies": 64, "bytes": 1048576}
{"mock_phase": "read_complete", "rank": 0, "ret": 0, "bytes": 1048576}
{"mock_phase": "before_read", "rank": 0, "copies": 64, "bytes": 1048576}
{"mock_phase": "read_complete", "rank": 0, "ret": 0, "bytes": 1048576}
{"mock_phase": "before_read", "rank": 0, "copies": 64, "bytes": 16384}
{"mock_phase": "read_complete", "rank": 0, "ret": 0, "bytes": 16384}
{"mock_phase": "before_read", "rank": 0, "copies": 64, "bytes": 16384}
{"mock_phase": "read_complete", "rank": 0, "ret": 0, "bytes": 16384}
{"mock_phase": "before_read", "rank": 0, "copies": 43, "bytes": 5636096}
{"mock_phase": "read_complete", "rank": 0, "ret": 0, "bytes": 5636096}
{"mock_phase": "planned", "request_id": "cmpl-963d11e1fb9524f8-0-93224d3d", "rank": 1, "pages": 1579, "bytes": 52903936}
{"mock_phase": "before_read", "rank": 1, "copies": 64, "bytes": 4194304}
{"mock_phase": "read_complete", "rank": 1, "ret": 0, "bytes": 4194304}
{"mock_phase": "before_read", "rank": 1, "copies": 64, "bytes": 4194304}
{"mock_phase": "read_complete", "rank": 1, "ret": 0, "bytes": 4194304}
{"mock_phase": "before_read", "rank": 1, "copies": 64, "bytes": 524288}
{"mock_phase": "read_complete", "rank": 1, "ret": 0, "bytes": 524288}
{"mock_phase": "before_read", "rank": 1, "copies": 64, "bytes": 524288}
{"mock_phase": "read_complete", "rank": 1, "ret": 0, "bytes": 524288}
{"mock_phase": "before_read", "rank": 1, "copies": 64, "bytes": 8192}
{"mock_phase": "read_complete", "rank": 1, "ret": 0, "bytes": 8192}
{"mock_phase": "before_read", "rank": 1, "copies": 64, "bytes": 8192}
{"mock_phase": "read_complete", "rank": 1, "ret": 0, "bytes": 8192}
{"mock_phase": "before_read", "rank": 1, "copies": 64, "bytes": 4194304}
{"mock_phase": "read_complete", "rank": 1, "ret": 0, "bytes": 4194304}
{"mock_phase": "before_read", "rank": 1, "copies": 64, "bytes": 4194304}
{"mock_phase": "read_complete", "rank": 1, "ret": 0, "bytes": 4194304}
{"mock_phase": "before_read", "rank": 1, "copies": 64, "bytes": 524288}
{"mock_phase": "read_complete", "rank": 1, "ret": 0, "bytes": 524288}
{"mock_phase": "before_read", "rank": 1, "copies": 64, "bytes": 524288}
{"mock_phase": "read_complete", "rank": 1, "ret": 0, "bytes": 524288}
{"mock_phase": "before_read", "rank": 1, "copies": 64, "bytes": 8192}
{"mock_phase": "read_complete", "rank": 1, "ret": 0, "bytes": 8192}
{"mock_phase": "before_read", "rank": 1, "copies": 64, "bytes": 8192}
{"mock_phase": "read_complete", "rank": 1, "ret": 0, "bytes": 8192}
{"mock_phase": "before_read", "rank": 1, "copies": 64, "bytes": 4194304}
{"mock_phase": "read_complete", "rank": 1, "ret": 0, "bytes": 4194304}
{"mock_phase": "before_read", "rank": 1, "copies": 64, "bytes": 4194304}
{"mock_phase": "read_complete", "rank": 1, "ret": 0, "bytes": 4194304}
{"mock_phase": "before_read", "rank": 1, "copies": 64, "bytes": 524288}
{"mock_phase": "read_complete", "rank": 1, "ret": 0, "bytes": 524288}
{"mock_phase": "before_read", "rank": 1, "copies": 64, "bytes": 524288}
{"mock_phase": "read_complete", "rank": 1, "ret": 0, "bytes": 524288}
{"mock_phase": "before_read", "rank": 1, "copies": 64, "bytes": 8192}
{"mock_phase": "read_complete", "rank": 1, "ret": 0, "bytes": 8192}
{"mock_phase": "before_read", "rank": 1, "copies": 64, "bytes": 8192}
{"mock_phase": "read_complete", "rank": 1, "ret": 0, "bytes": 8192}
{"mock_phase": "before_read", "rank": 1, "copies": 64, "bytes": 8388608}
{"mock_phase": "read_complete", "rank": 1, "ret": 0, "bytes": 8388608}
{"mock_phase": "before_read", "rank": 1, "copies": 64, "bytes": 8388608}
{"mock_phase": "read_complete", "rank": 1, "ret": 0, "bytes": 8388608}
{"mock_phase": "before_read", "rank": 1, "copies": 64, "bytes": 1048576}
{"mock_phase": "read_complete", "rank": 1, "ret": 0, "bytes": 1048576}
{"mock_phase": "before_read", "rank": 1, "copies": 64, "bytes": 1048576}
{"mock_phase": "read_complete", "rank": 1, "ret": 0, "bytes": 1048576}
{"mock_phase": "before_read", "rank": 1, "copies": 64, "bytes": 16384}
{"mock_phase": "read_complete", "rank": 1, "ret": 0, "bytes": 16384}
{"mock_phase": "before_read", "rank": 1, "copies": 64, "bytes": 16384}
{"mock_phase": "read_complete", "rank": 1, "ret": 0, "bytes": 16384}
{"mock_phase": "before_read", "rank": 1, "copies": 43, "bytes": 5636096}
{"mock_phase": "read_complete", "rank": 1, "ret": 0, "bytes": 5636096}
{"mock_phase": "planned", "request_id": "cmpl-963d11e1fb9524f8-0-93224d3d", "rank": 2, "pages": 1579, "bytes": 52903936}
{"mock_phase": "before_read", "rank": 2, "copies": 64, "bytes": 4194304}
{"mock_phase": "read_complete", "rank": 2, "ret": 0, "bytes": 4194304}
{"mock_phase": "before_read", "rank": 2, "copies": 64, "bytes": 4194304}
{"mock_phase": "read_complete", "rank": 2, "ret": 0, "bytes": 4194304}
{"mock_phase": "before_read", "rank": 2, "copies": 64, "bytes": 524288}
{"mock_phase": "read_complete", "rank": 2, "ret": 0, "bytes": 524288}
{"mock_phase": "before_read", "rank": 2, "copies": 64, "bytes": 524288}
{"mock_phase": "read_complete", "rank": 2, "ret": 0, "bytes": 524288}
{"mock_phase": "before_read", "rank": 2, "copies": 64, "bytes": 8192}
{"mock_phase": "read_complete", "rank": 2, "ret": 0, "bytes": 8192}
{"mock_phase": "before_read", "rank": 2, "copies": 64, "bytes": 8192}
{"mock_phase": "read_complete", "rank": 2, "ret": 0, "bytes": 8192}
{"mock_phase": "before_read", "rank": 2, "copies": 64, "bytes": 4194304}
{"mock_phase": "read_complete", "rank": 2, "ret": 0, "bytes": 4194304}
{"mock_phase": "before_read", "rank": 2, "copies": 64, "bytes": 4194304}
{"mock_phase": "read_complete", "rank": 2, "ret": 0, "bytes": 4194304}
{"mock_phase": "before_read", "rank": 2, "copies": 64, "bytes": 524288}
{"mock_phase": "read_complete", "rank": 2, "ret": 0, "bytes": 524288}
{"mock_phase": "before_read", "rank": 2, "copies": 64, "bytes": 524288}
{"mock_phase": "read_complete", "rank": 2, "ret": 0, "bytes": 524288}
{"mock_phase": "before_read", "rank": 2, "copies": 64, "bytes": 8192}
{"mock_phase": "read_complete", "rank": 2, "ret": 0, "bytes": 8192}
{"mock_phase": "before_read", "rank": 2, "copies": 64, "bytes": 8192}
{"mock_phase": "read_complete", "rank": 2, "ret": 0, "bytes": 8192}
{"mock_phase": "before_read", "rank": 2, "copies": 64, "bytes": 4194304}
{"mock_phase": "read_complete", "rank": 2, "ret": 0, "bytes": 4194304}
{"mock_phase": "before_read", "rank": 2, "copies": 64, "bytes": 4194304}
{"mock_phase": "read_complete", "rank": 2, "ret": 0, "bytes": 4194304}
{"mock_phase": "before_read", "rank": 2, "copies": 64, "bytes": 524288}
{"mock_phase": "read_complete", "rank": 2, "ret": 0, "bytes": 524288}
{"mock_phase": "before_read", "rank": 2, "copies": 64, "bytes": 524288}
{"mock_phase": "read_complete", "rank": 2, "ret": 0, "bytes": 524288}
{"mock_phase": "before_read", "rank": 2, "copies": 64, "bytes": 8192}
{"mock_phase": "read_complete", "rank": 2, "ret": 0, "bytes": 8192}
{"mock_phase": "before_read", "rank": 2, "copies": 64, "bytes": 8192}
{"mock_phase": "read_complete", "rank": 2, "ret": 0, "bytes": 8192}
{"mock_phase": "before_read", "rank": 2, "copies": 64, "bytes": 8388608}
{"mock_phase": "read_complete", "rank": 2, "ret": 0, "bytes": 8388608}
{"mock_phase": "before_read", "rank": 2, "copies": 64, "bytes": 8388608}
{"mock_phase": "read_complete", "rank": 2, "ret": 0, "bytes": 8388608}
{"mock_phase": "before_read", "rank": 2, "copies": 64, "bytes": 1048576}
{"mock_phase": "read_complete", "rank": 2, "ret": 0, "bytes": 1048576}
{"mock_phase": "before_read", "rank": 2, "copies": 64, "bytes": 1048576}
{"mock_phase": "read_complete", "rank": 2, "ret": 0, "bytes": 1048576}
{"mock_phase": "before_read", "rank": 2, "copies": 64, "bytes": 16384}
{"mock_phase": "read_complete", "rank": 2, "ret": 0, "bytes": 16384}
{"mock_phase": "before_read", "rank": 2, "copies": 64, "bytes": 16384}
{"mock_phase": "read_complete", "rank": 2, "ret": 0, "bytes": 16384}
{"mock_phase": "before_read", "rank": 2, "copies": 43, "bytes": 5636096}
{"mock_phase": "read_complete", "rank": 2, "ret": 0, "bytes": 5636096}
{"mock_phase": "planned", "request_id": "cmpl-963d11e1fb9524f8-0-93224d3d", "rank": 3, "pages": 1579, "bytes": 52903936}
{"mock_phase": "before_read", "rank": 3, "copies": 64, "bytes": 4194304}
{"mock_phase": "read_complete", "rank": 3, "ret": 0, "bytes": 4194304}
{"mock_phase": "before_read", "rank": 3, "copies": 64, "bytes": 4194304}
{"mock_phase": "read_complete", "rank": 3, "ret": 0, "bytes": 4194304}
{"mock_phase": "before_read", "rank": 3, "copies": 64, "bytes": 524288}
{"mock_phase": "read_complete", "rank": 3, "ret": 0, "bytes": 524288}
{"mock_phase": "before_read", "rank": 3, "copies": 64, "bytes": 524288}
{"mock_phase": "read_complete", "rank": 3, "ret": 0, "bytes": 524288}
{"mock_phase": "before_read", "rank": 3, "copies": 64, "bytes": 8192}
{"mock_phase": "read_complete", "rank": 3, "ret": 0, "bytes": 8192}
{"mock_phase": "before_read", "rank": 3, "copies": 64, "bytes": 8192}
{"mock_phase": "read_complete", "rank": 3, "ret": 0, "bytes": 8192}
{"mock_phase": "before_read", "rank": 3, "copies": 64, "bytes": 4194304}
{"mock_phase": "read_complete", "rank": 3, "ret": 0, "bytes": 4194304}
{"mock_phase": "before_read", "rank": 3, "copies": 64, "bytes": 4194304}
{"mock_phase": "read_complete", "rank": 3, "ret": 0, "bytes": 4194304}
{"mock_phase": "before_read", "rank": 3, "copies": 64, "bytes": 524288}
{"mock_phase": "read_complete", "rank": 3, "ret": 0, "bytes": 524288}
{"mock_phase": "before_read", "rank": 3, "copies": 64, "bytes": 524288}
{"mock_phase": "read_complete", "rank": 3, "ret": 0, "bytes": 524288}
{"mock_phase": "before_read", "rank": 3, "copies": 64, "bytes": 8192}
{"mock_phase": "read_complete", "rank": 3, "ret": 0, "bytes": 8192}
{"mock_phase": "before_read", "rank": 3, "copies": 64, "bytes": 8192}
{"mock_phase": "read_complete", "rank": 3, "ret": 0, "bytes": 8192}
{"mock_phase": "before_read", "rank": 3, "copies": 64, "bytes": 4194304}
{"mock_phase": "read_complete", "rank": 3, "ret": 0, "bytes": 4194304}
{"mock_phase": "before_read", "rank": 3, "copies": 64, "bytes": 4194304}
{"mock_phase": "read_complete", "rank": 3, "ret": 0, "bytes": 4194304}
{"mock_phase": "before_read", "rank": 3, "copies": 64, "bytes": 524288}
{"mock_phase": "read_complete", "rank": 3, "ret": 0, "bytes": 524288}
{"mock_phase": "before_read", "rank": 3, "copies": 64, "bytes": 524288}
{"mock_phase": "read_complete", "rank": 3, "ret": 0, "bytes": 524288}
{"mock_phase": "before_read", "rank": 3, "copies": 64, "bytes": 8192}
{"mock_phase": "read_complete", "rank": 3, "ret": 0, "bytes": 8192}
{"mock_phase": "before_read", "rank": 3, "copies": 64, "bytes": 8192}
{"mock_phase": "read_complete", "rank": 3, "ret": 0, "bytes": 8192}
{"mock_phase": "before_read", "rank": 3, "copies": 64, "bytes": 8388608}
{"mock_phase": "read_complete", "rank": 3, "ret": 0, "bytes": 8388608}
{"mock_phase": "before_read", "rank": 3, "copies": 64, "bytes": 8388608}
{"mock_phase": "read_complete", "rank": 3, "ret": 0, "bytes": 8388608}
{"mock_phase": "before_read", "rank": 3, "copies": 64, "bytes": 1048576}
{"mock_phase": "read_complete", "rank": 3, "ret": 0, "bytes": 1048576}
{"mock_phase": "before_read", "rank": 3, "copies": 64, "bytes": 1048576}
{"mock_phase": "read_complete", "rank": 3, "ret": 0, "bytes": 1048576}
{"mock_phase": "before_read", "rank": 3, "copies": 64, "bytes": 16384}
{"mock_phase": "read_complete", "rank": 3, "ret": 0, "bytes": 16384}
{"mock_phase": "before_read", "rank": 3, "copies": 64, "bytes": 16384}
{"mock_phase": "read_complete", "rank": 3, "ret": 0, "bytes": 16384}
{"mock_phase": "before_read", "rank": 3, "copies": 43, "bytes": 5636096}
{"mock_phase": "read_complete", "rank": 3, "ret": 0, "bytes": 5636096}
{"mock_phase": "planned", "request_id": "cmpl-963d11e1fb9524f8-0-93224d3d", "rank": 4, "pages": 1579, "bytes": 52903936}
{"mock_phase": "before_read", "rank": 4, "copies": 64, "bytes": 4194304}
{"mock_phase": "read_complete", "rank": 4, "ret": 0, "bytes": 4194304}
{"mock_phase": "before_read", "rank": 4, "copies": 64, "bytes": 4194304}
{"mock_phase": "read_complete", "rank": 4, "ret": 0, "bytes": 4194304}
{"mock_phase": "before_read", "rank": 4, "copies": 64, "bytes": 524288}
{"mock_phase": "read_complete", "rank": 4, "ret": 0, "bytes": 524288}
{"mock_phase": "before_read", "rank": 4, "copies": 64, "bytes": 524288}
{"mock_phase": "read_complete", "rank": 4, "ret": 0, "bytes": 524288}
{"mock_phase": "before_read", "rank": 4, "copies": 64, "bytes": 8192}
{"mock_phase": "read_complete", "rank": 4, "ret": 0, "bytes": 8192}
{"mock_phase": "before_read", "rank": 4, "copies": 64, "bytes": 8192}
{"mock_phase": "read_complete", "rank": 4, "ret": 0, "bytes": 8192}
{"mock_phase": "before_read", "rank": 4, "copies": 64, "bytes": 4194304}
{"mock_phase": "read_complete", "rank": 4, "ret": 0, "bytes": 4194304}
{"mock_phase": "before_read", "rank": 4, "copies": 64, "bytes": 4194304}
{"mock_phase": "read_complete", "rank": 4, "ret": 0, "bytes": 4194304}
{"mock_phase": "before_read", "rank": 4, "copies": 64, "bytes": 524288}
{"mock_phase": "read_complete", "rank": 4, "ret": 0, "bytes": 524288}
{"mock_phase": "before_read", "rank": 4, "copies": 64, "bytes": 524288}
{"mock_phase": "read_complete", "rank": 4, "ret": 0, "bytes": 524288}
{"mock_phase": "before_read", "rank": 4, "copies": 64, "bytes": 8192}
{"mock_phase": "read_complete", "rank": 4, "ret": 0, "bytes": 8192}
{"mock_phase": "before_read", "rank": 4, "copies": 64, "bytes": 8192}
{"mock_phase": "read_complete", "rank": 4, "ret": 0, "bytes": 8192}
{"mock_phase": "before_read", "rank": 4, "copies": 64, "bytes": 4194304}
{"mock_phase": "read_complete", "rank": 4, "ret": 0, "bytes": 4194304}
{"mock_phase": "before_read", "rank": 4, "copies": 64, "bytes": 4194304}
{"mock_phase": "read_complete", "rank": 4, "ret": 0, "bytes": 4194304}
{"mock_phase": "before_read", "rank": 4, "copies": 64, "bytes": 524288}
{"mock_phase": "read_complete", "rank": 4, "ret": 0, "bytes": 524288}
{"mock_phase": "before_read", "rank": 4, "copies": 64, "bytes": 524288}
{"mock_phase": "read_complete", "rank": 4, "ret": 0, "bytes": 524288}
{"mock_phase": "before_read", "rank": 4, "copies": 64, "bytes": 8192}
{"mock_phase": "read_complete", "rank": 4, "ret": 0, "bytes": 8192}
{"mock_phase": "before_read", "rank": 4, "copies": 64, "bytes": 8192}
{"mock_phase": "read_complete", "rank": 4, "ret": 0, "bytes": 8192}
{"mock_phase": "before_read", "rank": 4, "copies": 64, "bytes": 8388608}
{"mock_phase": "read_complete", "rank": 4, "ret": 0, "bytes": 8388608}
{"mock_phase": "before_read", "rank": 4, "copies": 64, "bytes": 8388608}
{"mock_phase": "read_complete", "rank": 4, "ret": 0, "bytes": 8388608}
{"mock_phase": "before_read", "rank": 4, "copies": 64, "bytes": 1048576}
{"mock_phase": "read_complete", "rank": 4, "ret": 0, "bytes": 1048576}
{"mock_phase": "before_read", "rank": 4, "copies": 64, "bytes": 1048576}
{"mock_phase": "read_complete", "rank": 4, "ret": 0, "bytes": 1048576}
{"mock_phase": "before_read", "rank": 4, "copies": 64, "bytes": 16384}
{"mock_phase": "read_complete", "rank": 4, "ret": 0, "bytes": 16384}
{"mock_phase": "before_read", "rank": 4, "copies": 64, "bytes": 16384}
{"mock_phase": "read_complete", "rank": 4, "ret": 0, "bytes": 16384}
{"mock_phase": "before_read", "rank": 4, "copies": 43, "bytes": 5636096}
{"mock_phase": "read_complete", "rank": 4, "ret": 0, "bytes": 5636096}
{"mock_phase": "planned", "request_id": "cmpl-963d11e1fb9524f8-0-93224d3d", "rank": 5, "pages": 1579, "bytes": 52903936}
{"mock_phase": "before_read", "rank": 5, "copies": 64, "bytes": 4194304}
{"mock_phase": "read_complete", "rank": 5, "ret": 0, "bytes": 4194304}
{"mock_phase": "before_read", "rank": 5, "copies": 64, "bytes": 4194304}
{"mock_phase": "read_complete", "rank": 5, "ret": 0, "bytes": 4194304}
{"mock_phase": "before_read", "rank": 5, "copies": 64, "bytes": 524288}
{"mock_phase": "read_complete", "rank": 5, "ret": 0, "bytes": 524288}
{"mock_phase": "before_read", "rank": 5, "copies": 64, "bytes": 524288}
{"mock_phase": "read_complete", "rank": 5, "ret": 0, "bytes": 524288}
{"mock_phase": "before_read", "rank": 5, "copies": 64, "bytes": 8192}
{"mock_phase": "read_complete", "rank": 5, "ret": 0, "bytes": 8192}
{"mock_phase": "before_read", "rank": 5, "copies": 64, "bytes": 8192}
{"mock_phase": "read_complete", "rank": 5, "ret": 0, "bytes": 8192}
{"mock_phase": "before_read", "rank": 5, "copies": 64, "bytes": 4194304}
{"mock_phase": "read_complete", "rank": 5, "ret": 0, "bytes": 4194304}
{"mock_phase": "before_read", "rank": 5, "copies": 64, "bytes": 4194304}
{"mock_phase": "read_complete", "rank": 5, "ret": 0, "bytes": 4194304}
{"mock_phase": "before_read", "rank": 5, "copies": 64, "bytes": 524288}
{"mock_phase": "read_complete", "rank": 5, "ret": 0, "bytes": 524288}
{"mock_phase": "before_read", "rank": 5, "copies": 64, "bytes": 524288}
{"mock_phase": "read_complete", "rank": 5, "ret": 0, "bytes": 524288}
{"mock_phase": "before_read", "rank": 5, "copies": 64, "bytes": 8192}
{"mock_phase": "read_complete", "rank": 5, "ret": 0, "bytes": 8192}
{"mock_phase": "before_read", "rank": 5, "copies": 64, "bytes": 8192}
{"mock_phase": "read_complete", "rank": 5, "ret": 0, "bytes": 8192}
{"mock_phase": "before_read", "rank": 5, "copies": 64, "bytes": 4194304}
{"mock_phase": "read_complete", "rank": 5, "ret": 0, "bytes": 4194304}
{"mock_phase": "before_read", "rank": 5, "copies": 64, "bytes": 4194304}
{"mock_phase": "read_complete", "rank": 5, "ret": 0, "bytes": 4194304}
{"mock_phase": "before_read", "rank": 5, "copies": 64, "bytes": 524288}
{"mock_phase": "read_complete", "rank": 5, "ret": 0, "bytes": 524288}
{"mock_phase": "before_read", "rank": 5, "copies": 64, "bytes": 524288}
{"mock_phase": "read_complete", "rank": 5, "ret": 0, "bytes": 524288}
{"mock_phase": "before_read", "rank": 5, "copies": 64, "bytes": 8192}
{"mock_phase": "read_complete", "rank": 5, "ret": 0, "bytes": 8192}
{"mock_phase": "before_read", "rank": 5, "copies": 64, "bytes": 8192}
{"mock_phase": "read_complete", "rank": 5, "ret": 0, "bytes": 8192}
{"mock_phase": "before_read", "rank": 5, "copies": 64, "bytes": 8388608}
{"mock_phase": "read_complete", "rank": 5, "ret": 0, "bytes": 8388608}
{"mock_phase": "before_read", "rank": 5, "copies": 64, "bytes": 8388608}
{"mock_phase": "read_complete", "rank": 5, "ret": 0, "bytes": 8388608}
{"mock_phase": "before_read", "rank": 5, "copies": 64, "bytes": 1048576}
{"mock_phase": "read_complete", "rank": 5, "ret": 0, "bytes": 1048576}
{"mock_phase": "before_read", "rank": 5, "copies": 64, "bytes": 1048576}
{"mock_phase": "read_complete", "rank": 5, "ret": 0, "bytes": 1048576}
{"mock_phase": "before_read", "rank": 5, "copies": 64, "bytes": 16384}
{"mock_phase": "read_complete", "rank": 5, "ret": 0, "bytes": 16384}
{"mock_phase": "before_read", "rank": 5, "copies": 64, "bytes": 16384}
{"mock_phase": "read_complete", "rank": 5, "ret": 0, "bytes": 16384}
{"mock_phase": "before_read", "rank": 5, "copies": 43, "bytes": 5636096}
{"mock_phase": "read_complete", "rank": 5, "ret": 0, "bytes": 5636096}
{"mock_phase": "planned", "request_id": "cmpl-963d11e1fb9524f8-0-93224d3d", "rank": 6, "pages": 1579, "bytes": 52903936}
{"mock_phase": "before_read", "rank": 6, "copies": 64, "bytes": 4194304}
{"mock_phase": "read_complete", "rank": 6, "ret": 0, "bytes": 4194304}
{"mock_phase": "before_read", "rank": 6, "copies": 64, "bytes": 4194304}
{"mock_phase": "read_complete", "rank": 6, "ret": 0, "bytes": 4194304}
{"mock_phase": "before_read", "rank": 6, "copies": 64, "bytes": 524288}
{"mock_phase": "read_complete", "rank": 6, "ret": 0, "bytes": 524288}
{"mock_phase": "before_read", "rank": 6, "copies": 64, "bytes": 524288}
{"mock_phase": "read_complete", "rank": 6, "ret": 0, "bytes": 524288}
{"mock_phase": "before_read", "rank": 6, "copies": 64, "bytes": 8192}
{"mock_phase": "read_complete", "rank": 6, "ret": 0, "bytes": 8192}
{"mock_phase": "before_read", "rank": 6, "copies": 64, "bytes": 8192}
{"mock_phase": "read_complete", "rank": 6, "ret": 0, "bytes": 8192}
{"mock_phase": "before_read", "rank": 6, "copies": 64, "bytes": 4194304}
{"mock_phase": "read_complete", "rank": 6, "ret": 0, "bytes": 4194304}
{"mock_phase": "before_read", "rank": 6, "copies": 64, "bytes": 4194304}
{"mock_phase": "read_complete", "rank": 6, "ret": 0, "bytes": 4194304}
{"mock_phase": "before_read", "rank": 6, "copies": 64, "bytes": 524288}
{"mock_phase": "read_complete", "rank": 6, "ret": 0, "bytes": 524288}
{"mock_phase": "before_read", "rank": 6, "copies": 64, "bytes": 524288}
{"mock_phase": "read_complete", "rank": 6, "ret": 0, "bytes": 524288}
{"mock_phase": "before_read", "rank": 6, "copies": 64, "bytes": 8192}
{"mock_phase": "read_complete", "rank": 6, "ret": 0, "bytes": 8192}
{"mock_phase": "before_read", "rank": 6, "copies": 64, "bytes": 8192}
{"mock_phase": "read_complete", "rank": 6, "ret": 0, "bytes": 8192}
{"mock_phase": "before_read", "rank": 6, "copies": 64, "bytes": 4194304}
{"mock_phase": "read_complete", "rank": 6, "ret": 0, "bytes": 4194304}
{"mock_phase": "before_read", "rank": 6, "copies": 64, "bytes": 4194304}
{"mock_phase": "read_complete", "rank": 6, "ret": 0, "bytes": 4194304}
{"mock_phase": "before_read", "rank": 6, "copies": 64, "bytes": 524288}
{"mock_phase": "read_complete", "rank": 6, "ret": 0, "bytes": 524288}
{"mock_phase": "before_read", "rank": 6, "copies": 64, "bytes": 524288}
{"mock_phase": "read_complete", "rank": 6, "ret": 0, "bytes": 524288}
{"mock_phase": "before_read", "rank": 6, "copies": 64, "bytes": 8192}
{"mock_phase": "read_complete", "rank": 6, "ret": 0, "bytes": 8192}
{"mock_phase": "before_read", "rank": 6, "copies": 64, "bytes": 8192}
{"mock_phase": "read_complete", "rank": 6, "ret": 0, "bytes": 8192}
{"mock_phase": "before_read", "rank": 6, "copies": 64, "bytes": 8388608}
{"mock_phase": "read_complete", "rank": 6, "ret": 0, "bytes": 8388608}
{"mock_phase": "before_read", "rank": 6, "copies": 64, "bytes": 8388608}
{"mock_phase": "read_complete", "rank": 6, "ret": 0, "bytes": 8388608}
{"mock_phase": "before_read", "rank": 6, "copies": 64, "bytes": 1048576}
{"mock_phase": "read_complete", "rank": 6, "ret": 0, "bytes": 1048576}
{"mock_phase": "before_read", "rank": 6, "copies": 64, "bytes": 1048576}
{"mock_phase": "read_complete", "rank": 6, "ret": 0, "bytes": 1048576}
{"mock_phase": "before_read", "rank": 6, "copies": 64, "bytes": 16384}
{"mock_phase": "read_complete", "rank": 6, "ret": 0, "bytes": 16384}
{"mock_phase": "before_read", "rank": 6, "copies": 64, "bytes": 16384}
{"mock_phase": "read_complete", "rank": 6, "ret": 0, "bytes": 16384}
{"mock_phase": "before_read", "rank": 6, "copies": 43, "bytes": 5636096}
{"mock_phase": "read_complete", "rank": 6, "ret": 0, "bytes": 5636096}
{"mock_phase": "planned", "request_id": "cmpl-963d11e1fb9524f8-0-93224d3d", "rank": 7, "pages": 1579, "bytes": 52903936}
{"mock_phase": "before_read", "rank": 7, "copies": 64, "bytes": 4194304}
{"mock_phase": "read_complete", "rank": 7, "ret": 0, "bytes": 4194304}
{"mock_phase": "before_read", "rank": 7, "copies": 64, "bytes": 4194304}
{"mock_phase": "read_complete", "rank": 7, "ret": 0, "bytes": 4194304}
{"mock_phase": "before_read", "rank": 7, "copies": 64, "bytes": 524288}
{"mock_phase": "read_complete", "rank": 7, "ret": 0, "bytes": 524288}
{"mock_phase": "before_read", "rank": 7, "copies": 64, "bytes": 524288}
{"mock_phase": "read_complete", "rank": 7, "ret": 0, "bytes": 524288}
{"mock_phase": "before_read", "rank": 7, "copies": 64, "bytes": 8192}
{"mock_phase": "read_complete", "rank": 7, "ret": 0, "bytes": 8192}
{"mock_phase": "before_read", "rank": 7, "copies": 64, "bytes": 8192}
{"mock_phase": "read_complete", "rank": 7, "ret": 0, "bytes": 8192}
{"mock_phase": "before_read", "rank": 7, "copies": 64, "bytes": 4194304}
{"mock_phase": "read_complete", "rank": 7, "ret": 0, "bytes": 4194304}
{"mock_phase": "before_read", "rank": 7, "copies": 64, "bytes": 4194304}
{"mock_phase": "read_complete", "rank": 7, "ret": 0, "bytes": 4194304}
{"mock_phase": "before_read", "rank": 7, "copies": 64, "bytes": 524288}
{"mock_phase": "read_complete", "rank": 7, "ret": 0, "bytes": 524288}
{"mock_phase": "before_read", "rank": 7, "copies": 64, "bytes": 524288}
{"mock_phase": "read_complete", "rank": 7, "ret": 0, "bytes": 524288}
{"mock_phase": "before_read", "rank": 7, "copies": 64, "bytes": 8192}
{"mock_phase": "read_complete", "rank": 7, "ret": 0, "bytes": 8192}
{"mock_phase": "before_read", "rank": 7, "copies": 64, "bytes": 8192}
{"mock_phase": "read_complete", "rank": 7, "ret": 0, "bytes": 8192}
{"mock_phase": "before_read", "rank": 7, "copies": 64, "bytes": 4194304}
{"mock_phase": "read_complete", "rank": 7, "ret": 0, "bytes": 4194304}
{"mock_phase": "before_read", "rank": 7, "copies": 64, "bytes": 4194304}
{"mock_phase": "read_complete", "rank": 7, "ret": 0, "bytes": 4194304}
{"mock_phase": "before_read", "rank": 7, "copies": 64, "bytes": 524288}
{"mock_phase": "read_complete", "rank": 7, "ret": 0, "bytes": 524288}
{"mock_phase": "before_read", "rank": 7, "copies": 64, "bytes": 524288}
{"mock_phase": "read_complete", "rank": 7, "ret": 0, "bytes": 524288}
{"mock_phase": "before_read", "rank": 7, "copies": 64, "bytes": 8192}
{"mock_phase": "read_complete", "rank": 7, "ret": 0, "bytes": 8192}
{"mock_phase": "before_read", "rank": 7, "copies": 64, "bytes": 8192}
{"mock_phase": "read_complete", "rank": 7, "ret": 0, "bytes": 8192}
{"mock_phase": "before_read", "rank": 7, "copies": 64, "bytes": 8388608}
{"mock_phase": "read_complete", "rank": 7, "ret": 0, "bytes": 8388608}
{"mock_phase": "before_read", "rank": 7, "copies": 64, "bytes": 8388608}
{"mock_phase": "read_complete", "rank": 7, "ret": 0, "bytes": 8388608}
{"mock_phase": "before_read", "rank": 7, "copies": 64, "bytes": 1048576}
{"mock_phase": "read_complete", "rank": 7, "ret": 0, "bytes": 1048576}
{"mock_phase": "before_read", "rank": 7, "copies": 64, "bytes": 1048576}
{"mock_phase": "read_complete", "rank": 7, "ret": 0, "bytes": 1048576}
{"mock_phase": "before_read", "rank": 7, "copies": 64, "bytes": 16384}
{"mock_phase": "read_complete", "rank": 7, "ret": 0, "bytes": 16384}
{"mock_phase": "before_read", "rank": 7, "copies": 64, "bytes": 16384}
{"mock_phase": "read_complete", "rank": 7, "ret": 0, "bytes": 16384}
{"mock_phase": "before_read", "rank": 7, "copies": 43, "bytes": 5636096}
{"mock_phase": "read_complete", "rank": 7, "ret": 0, "bytes": 5636096}
{"ok": true, "request_id": "cmpl-963d11e1fb9524f8-0-93224d3d", "ranks": [{"rank": 0, "bytes": 52903936, "read_s": 0.012700080405920744, "hash_s": 0.07075425004586577, "nonzero_groups": [0, 1, 2, 3, 4, 5, 6]}, {"rank": 1, "bytes": 52903936, "read_s": 0.011911789420992136, "hash_s": 0.07055667880922556, "nonzero_groups": [0, 1, 2, 3, 4, 5, 6]}, {"rank": 2, "bytes": 52903936, "read_s": 0.011846309062093496, "hash_s": 0.07009210949763656, "nonzero_groups": [0, 1, 2, 3, 4, 5, 6]}, {"rank": 3, "bytes": 52903936, "read_s": 0.011995700187981129, "hash_s": 0.07039172807708383, "nonzero_groups": [0, 1, 2, 3, 4, 5, 6]}, {"rank": 4, "bytes": 52903936, "read_s": 0.012095869518816471, "hash_s": 0.0704710902646184, "nonzero_groups": [0, 1, 2, 3, 4, 5, 6]}, {"rank": 5, "bytes": 52903936, "read_s": 0.011984770186245441, "hash_s": 0.0693257194943726, "nonzero_groups": [0, 1, 2, 3, 4, 5, 6]}, {"rank": 6, "bytes": 52903936, "read_s": 0.011918949894607067, "hash_s": 0.07054166030138731, "nonzero_groups": [0, 1, 2, 3, 4, 5, 6]}, {"rank": 7, "bytes": 52903936, "read_s": 0.01188402995467186, "hash_s": 0.07013433985412121, "nonzero_groups": [0, 1, 2, 3, 4, 5, 6]}], "bytes": 423231488, "consume_s": 0.7042539399117231, "ack_s": 0.005628759972751141, "total_s": 0.7098828200250864, "hold_ms": 0}
127.0.0.1 - - [09/Oct/2026 07:22:41] "POST /consume HTTP/1.1" 200 -
{"mock_phase": "planned", "request_id": "cmpl-90532de9cd9972ff-0-9ab15139", "rank": 0, "pages": 1579, "bytes": 52903936}
{"mock_phase": "before_read", "rank": 0, "copies": 64, "bytes": 4194304}
{"mock_phase": "read_complete", "rank": 0, "ret": 0, "bytes": 4194304}
{"mock_phase": "before_read", "rank": 0, "copies": 64, "bytes": 4194304}
{"mock_phase": "read_complete", "rank": 0, "ret": 0, "bytes": 4194304}
{"mock_phase": "before_read", "rank": 0, "copies": 64, "bytes": 524288}
{"mock_phase": "read_complete", "rank": 0, "ret": 0, "bytes": 524288}
{"mock_phase": "before_read", "rank": 0, "copies": 64, "bytes": 524288}
{"mock_phase": "read_complete", "rank": 0, "ret": 0, "bytes": 524288}
{"mock_phase": "before_read", "rank": 0, "copies": 64, "bytes": 8192}
{"mock_phase": "read_complete", "rank": 0, "ret": 0, "bytes": 8192}
{"mock_phase": "before_read", "rank": 0, "copies": 64, "bytes": 8192}
{"mock_phase": "read_complete", "rank": 0, "ret": 0, "bytes": 8192}
{"mock_phase": "before_read", "rank": 0, "copies": 64, "bytes": 4194304}
{"mock_phase": "read_complete", "rank": 0, "ret": 0, "bytes": 4194304}
{"mock_phase": "before_read", "rank": 0, "copies": 64, "bytes": 4194304}
{"mock_phase": "read_complete", "rank": 0, "ret": 0, "bytes": 4194304}
{"mock_phase": "before_read", "rank": 0, "copies": 64, "bytes": 524288}
{"mock_phase": "read_complete", "rank": 0, "ret": 0, "bytes": 524288}
{"mock_phase": "before_read", "rank": 0, "copies": 64, "bytes": 524288}
{"mock_phase": "read_complete", "rank": 0, "ret": 0, "bytes": 524288}
{"mock_phase": "before_read", "rank": 0, "copies": 64, "bytes": 8192}
{"mock_phase": "read_complete", "rank": 0, "ret": 0, "bytes": 8192}
{"mock_phase": "before_read", "rank": 0, "copies": 64, "bytes": 8192}
{"mock_phase": "read_complete", "rank": 0, "ret": 0, "bytes": 8192}
{"mock_phase": "before_read", "rank": 0, "copies": 64, "bytes": 4194304}
{"mock_phase": "read_complete", "rank": 0, "ret": 0, "bytes": 4194304}
{"mock_phase": "before_read", "rank": 0, "copies": 64, "bytes": 4194304}
{"mock_phase": "read_complete", "rank": 0, "ret": 0, "bytes": 4194304}
{"mock_phase": "before_read", "rank": 0, "copies": 64, "bytes": 524288}
{"mock_phase": "read_complete", "rank": 0, "ret": 0, "bytes": 524288}
{"mock_phase": "before_read", "rank": 0, "copies": 64, "bytes": 524288}
{"mock_phase": "read_complete", "rank": 0, "ret": 0, "bytes": 524288}
{"mock_phase": "before_read", "rank": 0, "copies": 64, "bytes": 8192}
{"mock_phase": "read_complete", "rank": 0, "ret": 0, "bytes": 8192}
{"mock_phase": "before_read", "rank": 0, "copies": 64, "bytes": 8192}
{"mock_phase": "read_complete", "rank": 0, "ret": 0, "bytes": 8192}
{"mock_phase": "before_read", "rank": 0, "copies": 64, "bytes": 8388608}
{"mock_phase": "read_complete", "rank": 0, "ret": 0, "bytes": 8388608}
{"mock_phase": "before_read", "rank": 0, "copies": 64, "bytes": 8388608}
{"mock_phase": "read_complete", "rank": 0, "ret": 0, "bytes": 8388608}
{"mock_phase": "before_read", "rank": 0, "copies": 64, "bytes": 1048576}
{"mock_phase": "read_complete", "rank": 0, "ret": 0, "bytes": 1048576}
{"mock_phase": "before_read", "rank": 0, "copies": 64, "bytes": 1048576}
{"mock_phase": "read_complete", "rank": 0, "ret": 0, "bytes": 1048576}
{"mock_phase": "before_read", "rank": 0, "copies": 64, "bytes": 16384}
{"mock_phase": "read_complete", "rank": 0, "ret": 0, "bytes": 16384}
{"mock_phase": "before_read", "rank": 0, "copies": 64, "bytes": 16384}
{"mock_phase": "read_complete", "rank": 0, "ret": 0, "bytes": 16384}
{"mock_phase": "before_read", "rank": 0, "copies": 43, "bytes": 5636096}
{"mock_phase": "read_complete", "rank": 0, "ret": 0, "bytes": 5636096}
{"mock_phase": "planned", "request_id": "cmpl-90532de9cd9972ff-0-9ab15139", "rank": 1, "pages": 1579, "bytes": 52903936}
{"mock_phase": "before_read", "rank": 1, "copies": 64, "bytes": 4194304}
{"mock_phase": "read_complete", "rank": 1, "ret": 0, "bytes": 4194304}
{"mock_phase": "before_read", "rank": 1, "copies": 64, "bytes": 4194304}
{"mock_phase": "read_complete", "rank": 1, "ret": 0, "bytes": 4194304}
{"mock_phase": "before_read", "rank": 1, "copies": 64, "bytes": 524288}
{"mock_phase": "read_complete", "rank": 1, "ret": 0, "bytes": 524288}
{"mock_phase": "before_read", "rank": 1, "copies": 64, "bytes": 524288}
{"mock_phase": "read_complete", "rank": 1, "ret": 0, "bytes": 524288}
{"mock_phase": "before_read", "rank": 1, "copies": 64, "bytes": 8192}
{"mock_phase": "read_complete", "rank": 1, "ret": 0, "bytes": 8192}
{"mock_phase": "before_read", "rank": 1, "copies": 64, "bytes": 8192}
{"mock_phase": "read_complete", "rank": 1, "ret": 0, "bytes": 8192}
{"mock_phase": "before_read", "rank": 1, "copies": 64, "bytes": 4194304}
{"mock_phase": "read_complete", "rank": 1, "ret": 0, "bytes": 4194304}
{"mock_phase": "before_read", "rank": 1, "copies": 64, "bytes": 4194304}
{"mock_phase": "read_complete", "rank": 1, "ret": 0, "bytes": 4194304}
{"mock_phase": "before_read", "rank": 1, "copies": 64, "bytes": 524288}
{"mock_phase": "read_complete", "rank": 1, "ret": 0, "bytes": 524288}
{"mock_phase": "before_read", "rank": 1, "copies": 64, "bytes": 524288}
{"mock_phase": "read_complete", "rank": 1, "ret": 0, "bytes": 524288}
{"mock_phase": "before_read", "rank": 1, "copies": 64, "bytes": 8192}
{"mock_phase": "read_complete", "rank": 1, "ret": 0, "bytes": 8192}
{"mock_phase": "before_read", "rank": 1, "copies": 64, "bytes": 8192}
{"mock_phase": "read_complete", "rank": 1, "ret": 0, "bytes": 8192}
{"mock_phase": "before_read", "rank": 1, "copies": 64, "bytes": 4194304}
{"mock_phase": "read_complete", "rank": 1, "ret": 0, "bytes": 4194304}
{"mock_phase": "before_read", "rank": 1, "copies": 64, "bytes": 4194304}
{"mock_phase": "read_complete", "rank": 1, "ret": 0, "bytes": 4194304}
{"mock_phase": "before_read", "rank": 1, "copies": 64, "bytes": 524288}
{"mock_phase": "read_complete", "rank": 1, "ret": 0, "bytes": 524288}
{"mock_phase": "before_read", "rank": 1, "copies": 64, "bytes": 524288}
{"mock_phase": "read_complete", "rank": 1, "ret": 0, "bytes": 524288}
{"mock_phase": "before_read", "rank": 1, "copies": 64, "bytes": 8192}
{"mock_phase": "read_complete", "rank": 1, "ret": 0, "bytes": 8192}
{"mock_phase": "before_read", "rank": 1, "copies": 64, "bytes": 8192}
{"mock_phase": "read_complete", "rank": 1, "ret": 0, "bytes": 8192}
{"mock_phase": "before_read", "rank": 1, "copies": 64, "bytes": 8388608}
{"mock_phase": "read_complete", "rank": 1, "ret": 0, "bytes": 8388608}
{"mock_phase": "before_read", "rank": 1, "copies": 64, "bytes": 8388608}
{"mock_phase": "read_complete", "rank": 1, "ret": 0, "bytes": 8388608}
{"mock_phase": "before_read", "rank": 1, "copies": 64, "bytes": 1048576}
{"mock_phase": "read_complete", "rank": 1, "ret": 0, "bytes": 1048576}
{"mock_phase": "before_read", "rank": 1, "copies": 64, "bytes": 1048576}
{"mock_phase": "read_complete", "rank": 1, "ret": 0, "bytes": 1048576}
{"mock_phase": "before_read", "rank": 1, "copies": 64, "bytes": 16384}
{"mock_phase": "read_complete", "rank": 1, "ret": 0, "bytes": 16384}
{"mock_phase": "before_read", "rank": 1, "copies": 64, "bytes": 16384}
{"mock_phase": "read_complete", "rank": 1, "ret": 0, "bytes": 16384}
{"mock_phase": "before_read", "rank": 1, "copies": 43, "bytes": 5636096}
{"mock_phase": "read_complete", "rank": 1, "ret": 0, "bytes": 5636096}
{"mock_phase": "planned", "request_id": "cmpl-90532de9cd9972ff-0-9ab15139", "rank": 2, "pages": 1579, "bytes": 52903936}
{"mock_phase": "before_read", "rank": 2, "copies": 64, "bytes": 4194304}
{"mock_phase": "read_complete", "rank": 2, "ret": 0, "bytes": 4194304}
{"mock_phase": "before_read", "rank": 2, "copies": 64, "bytes": 4194304}
{"mock_phase": "read_complete", "rank": 2, "ret": 0, "bytes": 4194304}
{"mock_phase": "before_read", "rank": 2, "copies": 64, "bytes": 524288}
{"mock_phase": "read_complete", "rank": 2, "ret": 0, "bytes": 524288}
{"mock_phase": "before_read", "rank": 2, "copies": 64, "bytes": 524288}
{"mock_phase": "read_complete", "rank": 2, "ret": 0, "bytes": 524288}
{"mock_phase": "before_read", "rank": 2, "copies": 64, "bytes": 8192}
{"mock_phase": "read_complete", "rank": 2, "ret": 0, "bytes": 8192}
{"mock_phase": "before_read", "rank": 2, "copies": 64, "bytes": 8192}
{"mock_phase": "read_complete", "rank": 2, "ret": 0, "bytes": 8192}
{"mock_phase": "before_read", "rank": 2, "copies": 64, "bytes": 4194304}
{"mock_phase": "read_complete", "rank": 2, "ret": 0, "bytes": 4194304}
{"mock_phase": "before_read", "rank": 2, "copies": 64, "bytes": 4194304}
{"mock_phase": "read_complete", "rank": 2, "ret": 0, "bytes": 4194304}
{"mock_phase": "before_read", "rank": 2, "copies": 64, "bytes": 524288}
{"mock_phase": "read_complete", "rank": 2, "ret": 0, "bytes": 524288}
{"mock_phase": "before_read", "rank": 2, "copies": 64, "bytes": 524288}
{"mock_phase": "read_complete", "rank": 2, "ret": 0, "bytes": 524288}
{"mock_phase": "before_read", "rank": 2, "copies": 64, "bytes": 8192}
{"mock_phase": "read_complete", "rank": 2, "ret": 0, "bytes": 8192}
{"mock_phase": "before_read", "rank": 2, "copies": 64, "bytes": 8192}
{"mock_phase": "read_complete", "rank": 2, "ret": 0, "bytes": 8192}
{"mock_phase": "before_read", "rank": 2, "copies": 64, "bytes": 4194304}
{"mock_phase": "read_complete", "rank": 2, "ret": 0, "bytes": 4194304}
{"mock_phase": "before_read", "rank": 2, "copies": 64, "bytes": 4194304}
{"mock_phase": "read_complete", "rank": 2, "ret": 0, "bytes": 4194304}
{"mock_phase": "before_read", "rank": 2, "copies": 64, "bytes": 524288}
{"mock_phase": "read_complete", "rank": 2, "ret": 0, "bytes": 524288}
{"mock_phase": "before_read", "rank": 2, "copies": 64, "bytes": 524288}
{"mock_phase": "read_complete", "rank": 2, "ret": 0, "bytes": 524288}
{"mock_phase": "before_read", "rank": 2, "copies": 64, "bytes": 8192}
{"mock_phase": "read_complete", "rank": 2, "ret": 0, "bytes": 8192}
{"mock_phase": "before_read", "rank": 2, "copies": 64, "bytes": 8192}
{"mock_phase": "read_complete", "rank": 2, "ret": 0, "bytes": 8192}
{"mock_phase": "before_read", "rank": 2, "copies": 64, "bytes": 8388608}
{"mock_phase": "read_complete", "rank": 2, "ret": 0, "bytes": 8388608}
{"mock_phase": "before_read", "rank": 2, "copies": 64, "bytes": 8388608}
{"mock_phase": "read_complete", "rank": 2, "ret": 0, "bytes": 8388608}
{"mock_phase": "before_read", "rank": 2, "copies": 64, "bytes": 1048576}
{"mock_phase": "read_complete", "rank": 2, "ret": 0, "bytes": 1048576}
{"mock_phase": "before_read", "rank": 2, "copies": 64, "bytes": 1048576}
{"mock_phase": "read_complete", "rank": 2, "ret": 0, "bytes": 1048576}
{"mock_phase": "before_read", "rank": 2, "copies": 64, "bytes": 16384}
{"mock_phase": "read_complete", "rank": 2, "ret": 0, "bytes": 16384}
{"mock_phase": "before_read", "rank": 2, "copies": 64, "bytes": 16384}
{"mock_phase": "read_complete", "rank": 2, "ret": 0, "bytes": 16384}
{"mock_phase": "before_read", "rank": 2, "copies": 43, "bytes": 5636096}
{"mock_phase": "read_complete", "rank": 2, "ret": 0, "bytes": 5636096}
{"mock_phase": "planned", "request_id": "cmpl-90532de9cd9972ff-0-9ab15139", "rank": 3, "pages": 1579, "bytes": 52903936}
{"mock_phase": "before_read", "rank": 3, "copies": 64, "bytes": 4194304}
{"mock_phase": "read_complete", "rank": 3, "ret": 0, "bytes": 4194304}
{"mock_phase": "before_read", "rank": 3, "copies": 64, "bytes": 4194304}
{"mock_phase": "read_complete", "rank": 3, "ret": 0, "bytes": 4194304}
{"mock_phase": "before_read", "rank": 3, "copies": 64, "bytes": 524288}
{"mock_phase": "read_complete", "rank": 3, "ret": 0, "bytes": 524288}
{"mock_phase": "before_read", "rank": 3, "copies": 64, "bytes": 524288}
{"mock_phase": "read_complete", "rank": 3, "ret": 0, "bytes": 524288}
{"mock_phase": "before_read", "rank": 3, "copies": 64, "bytes": 8192}
{"mock_phase": "read_complete", "rank": 3, "ret": 0, "bytes": 8192}
{"mock_phase": "before_read", "rank": 3, "copies": 64, "bytes": 8192}
{"mock_phase": "read_complete", "rank": 3, "ret": 0, "bytes": 8192}
{"mock_phase": "before_read", "rank": 3, "copies": 64, "bytes": 4194304}
{"mock_phase": "read_complete", "rank": 3, "ret": 0, "bytes": 4194304}
{"mock_phase": "before_read", "rank": 3, "copies": 64, "bytes": 4194304}
{"mock_phase": "read_complete", "rank": 3, "ret": 0, "bytes": 4194304}
{"mock_phase": "before_read", "rank": 3, "copies": 64, "bytes": 524288}
{"mock_phase": "read_complete", "rank": 3, "ret": 0, "bytes": 524288}
{"mock_phase": "before_read", "rank": 3, "copies": 64, "bytes": 524288}
{"mock_phase": "read_complete", "rank": 3, "ret": 0, "bytes": 524288}
{"mock_phase": "before_read", "rank": 3, "copies": 64, "bytes": 8192}
{"mock_phase": "read_complete", "rank": 3, "ret": 0, "bytes": 8192}
{"mock_phase": "before_read", "rank": 3, "copies": 64, "bytes": 8192}
{"mock_phase": "read_complete", "rank": 3, "ret": 0, "bytes": 8192}
{"mock_phase": "before_read", "rank": 3, "copies": 64, "bytes": 4194304}
{"mock_phase": "read_complete", "rank": 3, "ret": 0, "bytes": 4194304}
{"mock_phase": "before_read", "rank": 3, "copies": 64, "bytes": 4194304}
{"mock_phase": "read_complete", "rank": 3, "ret": 0, "bytes": 4194304}
{"mock_phase": "before_read", "rank": 3, "copies": 64, "bytes": 524288}
{"mock_phase": "read_complete", "rank": 3, "ret": 0, "bytes": 524288}
{"mock_phase": "before_read", "rank": 3, "copies": 64, "bytes": 524288}
{"mock_phase": "read_complete", "rank": 3, "ret": 0, "bytes": 524288}
{"mock_phase": "before_read", "rank": 3, "copies": 64, "bytes": 8192}
{"mock_phase": "read_complete", "rank": 3, "ret": 0, "bytes": 8192}
{"mock_phase": "before_read", "rank": 3, "copies": 64, "bytes": 8192}
{"mock_phase": "read_complete", "rank": 3, "ret": 0, "bytes": 8192}
{"mock_phase": "before_read", "rank": 3, "copies": 64, "bytes": 8388608}
{"mock_phase": "read_complete", "rank": 3, "ret": 0, "bytes": 8388608}
{"mock_phase": "before_read", "rank": 3, "copies": 64, "bytes": 8388608}
{"mock_phase": "read_complete", "rank": 3, "ret": 0, "bytes": 8388608}
{"mock_phase": "before_read", "rank": 3, "copies": 64, "bytes": 1048576}
{"mock_phase": "read_complete", "rank": 3, "ret": 0, "bytes": 1048576}
{"mock_phase": "before_read", "rank": 3, "copies": 64, "bytes": 1048576}
{"mock_phase": "read_complete", "rank": 3, "ret": 0, "bytes": 1048576}
{"mock_phase": "before_read", "rank": 3, "copies": 64, "bytes": 16384}
{"mock_phase": "read_complete", "rank": 3, "ret": 0, "bytes": 16384}
{"mock_phase": "before_read", "rank": 3, "copies": 64, "bytes": 16384}
{"mock_phase": "read_complete", "rank": 3, "ret": 0, "bytes": 16384}
{"mock_phase": "before_read", "rank": 3, "copies": 43, "bytes": 5636096}
{"mock_phase": "read_complete", "rank": 3, "ret": 0, "bytes": 5636096}
{"mock_phase": "planned", "request_id": "cmpl-90532de9cd9972ff-0-9ab15139", "rank": 4, "pages": 1579, "bytes": 52903936}
{"mock_phase": "before_read", "rank": 4, "copies": 64, "bytes": 4194304}
{"mock_phase": "read_complete", "rank": 4, "ret": 0, "bytes": 4194304}
{"mock_phase": "before_read", "rank": 4, "copies": 64, "bytes": 4194304}
{"mock_phase": "read_complete", "rank": 4, "ret": 0, "bytes": 4194304}
{"mock_phase": "before_read", "rank": 4, "copies": 64, "bytes": 524288}
{"mock_phase": "read_complete", "rank": 4, "ret": 0, "bytes": 524288}
{"mock_phase": "before_read", "rank": 4, "copies": 64, "bytes": 524288}
{"mock_phase": "read_complete", "rank": 4, "ret": 0, "bytes": 524288}
{"mock_phase": "before_read", "rank": 4, "copies": 64, "bytes": 8192}
{"mock_phase": "read_complete", "rank": 4, "ret": 0, "bytes": 8192}
{"mock_phase": "before_read", "rank": 4, "copies": 64, "bytes": 8192}
{"mock_phase": "read_complete", "rank": 4, "ret": 0, "bytes": 8192}
{"mock_phase": "before_read", "rank": 4, "copies": 64, "bytes": 4194304}
{"mock_phase": "read_complete", "rank": 4, "ret": 0, "bytes": 4194304}
{"mock_phase": "before_read", "rank": 4, "copies": 64, "bytes": 4194304}
{"mock_phase": "read_complete", "rank": 4, "ret": 0, "bytes": 4194304}
{"mock_phase": "before_read", "rank": 4, "copies": 64, "bytes": 524288}
{"mock_phase": "read_complete", "rank": 4, "ret": 0, "bytes": 524288}
{"mock_phase": "before_read", "rank": 4, "copies": 64, "bytes": 524288}
{"mock_phase": "read_complete", "rank": 4, "ret": 0, "bytes": 524288}
{"mock_phase": "before_read", "rank": 4, "copies": 64, "bytes": 8192}
{"mock_phase": "read_complete", "rank": 4, "ret": 0, "bytes": 8192}
{"mock_phase": "before_read", "rank": 4, "copies": 64, "bytes": 8192}
{"mock_phase": "read_complete", "rank": 4, "ret": 0, "bytes": 8192}
{"mock_phase": "before_read", "rank": 4, "copies": 64, "bytes": 4194304}
{"mock_phase": "read_complete", "rank": 4, "ret": 0, "bytes": 4194304}
{"mock_phase": "before_read", "rank": 4, "copies": 64, "bytes": 4194304}
{"mock_phase": "read_complete", "rank": 4, "ret": 0, "bytes": 4194304}
{"mock_phase": "before_read", "rank": 4, "copies": 64, "bytes": 524288}
{"mock_phase": "read_complete", "rank": 4, "ret": 0, "bytes": 524288}
{"mock_phase": "before_read", "rank": 4, "copies": 64, "bytes": 524288}
{"mock_phase": "read_complete", "rank": 4, "ret": 0, "bytes": 524288}
{"mock_phase": "before_read", "rank": 4, "copies": 64, "bytes": 8192}
{"mock_phase": "read_complete", "rank": 4, "ret": 0, "bytes": 8192}
{"mock_phase": "before_read", "rank": 4, "copies": 64, "bytes": 8192}
{"mock_phase": "read_complete", "rank": 4, "ret": 0, "bytes": 8192}
{"mock_phase": "before_read", "rank": 4, "copies": 64, "bytes": 8388608}
{"mock_phase": "read_complete", "rank": 4, "ret": 0, "bytes": 8388608}
{"mock_phase": "before_read", "rank": 4, "copies": 64, "bytes": 8388608}
{"mock_phase": "read_complete", "rank": 4, "ret": 0, "bytes": 8388608}
{"mock_phase": "before_read", "rank": 4, "copies": 64, "bytes": 1048576}
{"mock_phase": "read_complete", "rank": 4, "ret": 0, "bytes": 1048576}
{"mock_phase": "before_read", "rank": 4, "copies": 64, "bytes": 1048576}
{"mock_phase": "read_complete", "rank": 4, "ret": 0, "bytes": 1048576}
{"mock_phase": "before_read", "rank": 4, "copies": 64, "bytes": 16384}
{"mock_phase": "read_complete", "rank": 4, "ret": 0, "bytes": 16384}
{"mock_phase": "before_read", "rank": 4, "copies": 64, "bytes": 16384}
{"mock_phase": "read_complete", "rank": 4, "ret": 0, "bytes": 16384}
{"mock_phase": "before_read", "rank": 4, "copies": 43, "bytes": 5636096}
{"mock_phase": "read_complete", "rank": 4, "ret": 0, "bytes": 5636096}
{"mock_phase": "planned", "request_id": "cmpl-90532de9cd9972ff-0-9ab15139", "rank": 5, "pages": 1579, "bytes": 52903936}
{"mock_phase": "before_read", "rank": 5, "copies": 64, "bytes": 4194304}
{"mock_phase": "read_complete", "rank": 5, "ret": 0, "bytes": 4194304}
{"mock_phase": "before_read", "rank": 5, "copies": 64, "bytes": 4194304}
{"mock_phase": "read_complete", "rank": 5, "ret": 0, "bytes": 4194304}
{"mock_phase": "before_read", "rank": 5, "copies": 64, "bytes": 524288}
{"mock_phase": "read_complete", "rank": 5, "ret": 0, "bytes": 524288}
{"mock_phase": "before_read", "rank": 5, "copies": 64, "bytes": 524288}
{"mock_phase": "read_complete", "rank": 5, "ret": 0, "bytes": 524288}
{"mock_phase": "before_read", "rank": 5, "copies": 64, "bytes": 8192}
{"mock_phase": "read_complete", "rank": 5, "ret": 0, "bytes": 8192}
{"mock_phase": "before_read", "rank": 5, "copies": 64, "bytes": 8192}
{"mock_phase": "read_complete", "rank": 5, "ret": 0, "bytes": 8192}
{"mock_phase": "before_read", "rank": 5, "copies": 64, "bytes": 4194304}
{"mock_phase": "read_complete", "rank": 5, "ret": 0, "bytes": 4194304}
{"mock_phase": "before_read", "rank": 5, "copies": 64, "bytes": 4194304}
{"mock_phase": "read_complete", "rank": 5, "ret": 0, "bytes": 4194304}
{"mock_phase": "before_read", "rank": 5, "copies": 64, "bytes": 524288}
{"mock_phase": "read_complete", "rank": 5, "ret": 0, "bytes": 524288}
{"mock_phase": "before_read", "rank": 5, "copies": 64, "bytes": 524288}
{"mock_phase": "read_complete", "rank": 5, "ret": 0, "bytes": 524288}
{"mock_phase": "before_read", "rank": 5, "copies": 64, "bytes": 8192}
{"mock_phase": "read_complete", "rank": 5, "ret": 0, "bytes": 8192}
{"mock_phase": "before_read", "rank": 5, "copies": 64, "bytes": 8192}
{"mock_phase": "read_complete", "rank": 5, "ret": 0, "bytes": 8192}
{"mock_phase": "before_read", "rank": 5, "copies": 64, "bytes": 4194304}
{"mock_phase": "read_complete", "rank": 5, "ret": 0, "bytes": 4194304}
{"mock_phase": "before_read", "rank": 5, "copies": 64, "bytes": 4194304}
{"mock_phase": "read_complete", "rank": 5, "ret": 0, "bytes": 4194304}
{"mock_phase": "before_read", "rank": 5, "copies": 64, "bytes": 524288}
{"mock_phase": "read_complete", "rank": 5, "ret": 0, "bytes": 524288}
{"mock_phase": "before_read", "rank": 5, "copies": 64, "bytes": 524288}
{"mock_phase": "read_complete", "rank": 5, "ret": 0, "bytes": 524288}
{"mock_phase": "before_read", "rank": 5, "copies": 64, "bytes": 8192}
{"mock_phase": "read_complete", "rank": 5, "ret": 0, "bytes": 8192}
{"mock_phase": "before_read", "rank": 5, "copies": 64, "bytes": 8192}
{"mock_phase": "read_complete", "rank": 5, "ret": 0, "bytes": 8192}
{"mock_phase": "before_read", "rank": 5, "copies": 64, "bytes": 8388608}
{"mock_phase": "read_complete", "rank": 5, "ret": 0, "bytes": 8388608}
{"mock_phase": "before_read", "rank": 5, "copies": 64, "bytes": 8388608}
{"mock_phase": "read_complete", "rank": 5, "ret": 0, "bytes": 8388608}
{"mock_phase": "before_read", "rank": 5, "copies": 64, "bytes": 1048576}
{"mock_phase": "read_complete", "rank": 5, "ret": 0, "bytes": 1048576}
{"mock_phase": "before_read", "rank": 5, "copies": 64, "bytes": 1048576}
{"mock_phase": "read_complete", "rank": 5, "ret": 0, "bytes": 1048576}
{"mock_phase": "before_read", "rank": 5, "copies": 64, "bytes": 16384}
{"mock_phase": "read_complete", "rank": 5, "ret": 0, "bytes": 16384}
{"mock_phase": "before_read", "rank": 5, "copies": 64, "bytes": 16384}
{"mock_phase": "read_complete", "rank": 5, "ret": 0, "bytes": 16384}
{"mock_phase": "before_read", "rank": 5, "copies": 43, "bytes": 5636096}
{"mock_phase": "read_complete", "rank": 5, "ret": 0, "bytes": 5636096}
{"mock_phase": "planned", "request_id": "cmpl-90532de9cd9972ff-0-9ab15139", "rank": 6, "pages": 1579, "bytes": 52903936}
{"mock_phase": "before_read", "rank": 6, "copies": 64, "bytes": 4194304}
{"mock_phase": "read_complete", "rank": 6, "ret": 0, "bytes": 4194304}
{"mock_phase": "before_read", "rank": 6, "copies": 64, "bytes": 4194304}
{"mock_phase": "read_complete", "rank": 6, "ret": 0, "bytes": 4194304}
{"mock_phase": "before_read", "rank": 6, "copies": 64, "bytes": 524288}
{"mock_phase": "read_complete", "rank": 6, "ret": 0, "bytes": 524288}
{"mock_phase": "before_read", "rank": 6, "copies": 64, "bytes": 524288}
{"mock_phase": "read_complete", "rank": 6, "ret": 0, "bytes": 524288}
{"mock_phase": "before_read", "rank": 6, "copies": 64, "bytes": 8192}
{"mock_phase": "read_complete", "rank": 6, "ret": 0, "bytes": 8192}
{"mock_phase": "before_read", "rank": 6, "copies": 64, "bytes": 8192}
{"mock_phase": "read_complete", "rank": 6, "ret": 0, "bytes": 8192}
{"mock_phase": "before_read", "rank": 6, "copies": 64, "bytes": 4194304}
{"mock_phase": "read_complete", "rank": 6, "ret": 0, "bytes": 4194304}
{"mock_phase": "before_read", "rank": 6, "copies": 64, "bytes": 4194304}
{"mock_phase": "read_complete", "rank": 6, "ret": 0, "bytes": 4194304}
{"mock_phase": "before_read", "rank": 6, "copies": 64, "bytes": 524288}
{"mock_phase": "read_complete", "rank": 6, "ret": 0, "bytes": 524288}
{"mock_phase": "before_read", "rank": 6, "copies": 64, "bytes": 524288}
{"mock_phase": "read_complete", "rank": 6, "ret": 0, "bytes": 524288}
{"mock_phase": "before_read", "rank": 6, "copies": 64, "bytes": 8192}
{"mock_phase": "read_complete", "rank": 6, "ret": 0, "bytes": 8192}
{"mock_phase": "before_read", "rank": 6, "copies": 64, "bytes": 8192}
{"mock_phase": "read_complete", "rank": 6, "ret": 0, "bytes": 8192}
{"mock_phase": "before_read", "rank": 6, "copies": 64, "bytes": 4194304}
{"mock_phase": "read_complete", "rank": 6, "ret": 0, "bytes": 4194304}
{"mock_phase": "before_read", "rank": 6, "copies": 64, "bytes": 4194304}
{"mock_phase": "read_complete", "rank": 6, "ret": 0, "bytes": 4194304}
{"mock_phase": "before_read", "rank": 6, "copies": 64, "bytes": 524288}
{"mock_phase": "read_complete", "rank": 6, "ret": 0, "bytes": 524288}
{"mock_phase": "before_read", "rank": 6, "copies": 64, "bytes": 524288}
{"mock_phase": "read_complete", "rank": 6, "ret": 0, "bytes": 524288}
{"mock_phase": "before_read", "rank": 6, "copies": 64, "bytes": 8192}
{"mock_phase": "read_complete", "rank": 6, "ret": 0, "bytes": 8192}
{"mock_phase": "before_read", "rank": 6, "copies": 64, "bytes": 8192}
{"mock_phase": "read_complete", "rank": 6, "ret": 0, "bytes": 8192}
{"mock_phase": "before_read", "rank": 6, "copies": 64, "bytes": 8388608}
{"mock_phase": "read_complete", "rank": 6, "ret": 0, "bytes": 8388608}
{"mock_phase": "before_read", "rank": 6, "copies": 64, "bytes": 8388608}
{"mock_phase": "read_complete", "rank": 6, "ret": 0, "bytes": 8388608}
{"mock_phase": "before_read", "rank": 6, "copies": 64, "bytes": 1048576}
{"mock_phase": "read_complete", "rank": 6, "ret": 0, "bytes": 1048576}
{"mock_phase": "before_read", "rank": 6, "copies": 64, "bytes": 1048576}
{"mock_phase": "read_complete", "rank": 6, "ret": 0, "bytes": 1048576}
{"mock_phase": "before_read", "rank": 6, "copies": 64, "bytes": 16384}
{"mock_phase": "read_complete", "rank": 6, "ret": 0, "bytes": 16384}
{"mock_phase": "before_read", "rank": 6, "copies": 64, "bytes": 16384}
{"mock_phase": "read_complete", "rank": 6, "ret": 0, "bytes": 16384}
{"mock_phase": "before_read", "rank": 6, "copies": 43, "bytes": 5636096}
{"mock_phase": "read_complete", "rank": 6, "ret": 0, "bytes": 5636096}
{"mock_phase": "planned", "request_id": "cmpl-90532de9cd9972ff-0-9ab15139", "rank": 7, "pages": 1579, "bytes": 52903936}
{"mock_phase": "before_read", "rank": 7, "copies": 64, "bytes": 4194304}
{"mock_phase": "read_complete", "rank": 7, "ret": 0, "bytes": 4194304}
{"mock_phase": "before_read", "rank": 7, "copies": 64, "bytes": 4194304}
{"mock_phase": "read_complete", "rank": 7, "ret": 0, "bytes": 4194304}
{"mock_phase": "before_read", "rank": 7, "copies": 64, "bytes": 524288}
{"mock_phase": "read_complete", "rank": 7, "ret": 0, "bytes": 524288}
{"mock_phase": "before_read", "rank": 7, "copies": 64, "bytes": 524288}
{"mock_phase": "read_complete", "rank": 7, "ret": 0, "bytes": 524288}
{"mock_phase": "before_read", "rank": 7, "copies": 64, "bytes": 8192}
{"mock_phase": "read_complete", "rank": 7, "ret": 0, "bytes": 8192}
{"mock_phase": "before_read", "rank": 7, "copies": 64, "bytes": 8192}
{"mock_phase": "read_complete", "rank": 7, "ret": 0, "bytes": 8192}
{"mock_phase": "before_read", "rank": 7, "copies": 64, "bytes": 4194304}
{"mock_phase": "read_complete", "rank": 7, "ret": 0, "bytes": 4194304}
{"mock_phase": "before_read", "rank": 7, "copies": 64, "bytes": 4194304}
{"mock_phase": "read_complete", "rank": 7, "ret": 0, "bytes": 4194304}
{"mock_phase": "before_read", "rank": 7, "copies": 64, "bytes": 524288}
{"mock_phase": "read_complete", "rank": 7, "ret": 0, "bytes": 524288}
{"mock_phase": "before_read", "rank": 7, "copies": 64, "bytes": 524288}
{"mock_phase": "read_complete", "rank": 7, "ret": 0, "bytes": 524288}
{"mock_phase": "before_read", "rank": 7, "copies": 64, "bytes": 8192}
{"mock_phase": "read_complete", "rank": 7, "ret": 0, "bytes": 8192}
{"mock_phase": "before_read", "rank": 7, "copies": 64, "bytes": 8192}
{"mock_phase": "read_complete", "rank": 7, "ret": 0, "bytes": 8192}
{"mock_phase": "before_read", "rank": 7, "copies": 64, "bytes": 4194304}
{"mock_phase": "read_complete", "rank": 7, "ret": 0, "bytes": 4194304}
{"mock_phase": "before_read", "rank": 7, "copies": 64, "bytes": 4194304}
{"mock_phase": "read_complete", "rank": 7, "ret": 0, "bytes": 4194304}
{"mock_phase": "before_read", "rank": 7, "copies": 64, "bytes": 524288}
{"mock_phase": "read_complete", "rank": 7, "ret": 0, "bytes": 524288}
{"mock_phase": "before_read", "rank": 7, "copies": 64, "bytes": 524288}
{"mock_phase": "read_complete", "rank": 7, "ret": 0, "bytes": 524288}
{"mock_phase": "before_read", "rank": 7, "copies": 64, "bytes": 8192}
{"mock_phase": "read_complete", "rank": 7, "ret": 0, "bytes": 8192}
{"mock_phase": "before_read", "rank": 7, "copies": 64, "bytes": 8192}
{"mock_phase": "read_complete", "rank": 7, "ret": 0, "bytes": 8192}
{"mock_phase": "before_read", "rank": 7, "copies": 64, "bytes": 8388608}
{"mock_phase": "read_complete", "rank": 7, "ret": 0, "bytes": 8388608}
{"mock_phase": "before_read", "rank": 7, "copies": 64, "bytes": 8388608}
{"mock_phase": "read_complete", "rank": 7, "ret": 0, "bytes": 8388608}
{"mock_phase": "before_read", "rank": 7, "copies": 64, "bytes": 1048576}
{"mock_phase": "read_complete", "rank": 7, "ret": 0, "bytes": 1048576}
{"mock_phase": "before_read", "rank": 7, "copies": 64, "bytes": 1048576}
{"mock_phase": "read_complete", "rank": 7, "ret": 0, "bytes": 1048576}
{"mock_phase": "before_read", "rank": 7, "copies": 64, "bytes": 16384}
{"mock_phase": "read_complete", "rank": 7, "ret": 0, "bytes": 16384}
{"mock_phase": "before_read", "rank": 7, "copies": 64, "bytes": 16384}
{"mock_phase": "read_complete", "rank": 7, "ret": 0, "bytes": 16384}
{"mock_phase": "before_read", "rank": 7, "copies": 43, "bytes": 5636096}
{"mock_phase": "read_complete", "rank": 7, "ret": 0, "bytes": 5636096}
{"ok": true, "request_id": "cmpl-90532de9cd9972ff-0-9ab15139", "ranks": [{"rank": 0, "bytes": 52903936, "read_s": 0.013573509640991688, "hash_s": 0.07099342159926891, "nonzero_groups": [0, 1, 2, 3, 4, 5, 6]}, {"rank": 1, "bytes": 52903936, "read_s": 0.012058351188898087, "hash_s": 0.07029136037454009, "nonzero_groups": [0, 1, 2, 3, 4, 5, 6]}, {"rank": 2, "bytes": 52903936, "read_s": 0.012483398895710707, "hash_s": 0.07055572001263499, "nonzero_groups": [0, 1, 2, 3, 4, 5, 6]}, {"rank": 3, "bytes": 52903936, "read_s": 0.011864349711686373, "hash_s": 0.06942872982472181, "nonzero_groups": [0, 1, 2, 3, 4, 5, 6]}, {"rank": 4, "bytes": 52903936, "read_s": 0.011915020644664764, "hash_s": 0.07013153098523617, "nonzero_groups": [0, 1, 2, 3, 4, 5, 6]}, {"rank": 5, "bytes": 52903936, "read_s": 0.012417141813784838, "hash_s": 0.06984102074056864, "nonzero_groups": [0, 1, 2, 3, 4, 5, 6]}, {"rank": 6, "bytes": 52903936, "read_s": 0.011774858925491571, "hash_s": 0.06972907902672887, "nonzero_groups": [0, 1, 2, 3, 4, 5, 6]}, {"rank": 7, "bytes": 52903936, "read_s": 0.012030582409352064, "hash_s": 0.07105246093124151, "nonzero_groups": [0, 1, 2, 3, 4, 5, 6]}], "bytes": 423231488, "consume_s": 0.7061256603337824, "ack_s": 0.0023967898450791836, "total_s": 0.7085226001217961, "hold_ms": 0}
127.0.0.1 - - [09/Oct/2026 07:22:43] "POST /consume HTTP/1.1" 200 -
{"mock_phase": "planned", "request_id": "cmpl-adf29d8f916b4083-0-ac5282b1", "rank": 0, "pages": 1579, "bytes": 52903936}
{"mock_phase": "before_read", "rank": 0, "copies": 64, "bytes": 4194304}
{"mock_phase": "read_complete", "rank": 0, "ret": 0, "bytes": 4194304}
{"mock_phase": "before_read", "rank": 0, "copies": 64, "bytes": 4194304}
{"mock_phase": "read_complete", "rank": 0, "ret": 0, "bytes": 4194304}
{"mock_phase": "before_read", "rank": 0, "copies": 64, "bytes": 524288}
{"mock_phase": "read_complete", "rank": 0, "ret": 0, "bytes": 524288}
{"mock_phase": "before_read", "rank": 0, "copies": 64, "bytes": 524288}
{"mock_phase": "read_complete", "rank": 0, "ret": 0, "bytes": 524288}
{"mock_phase": "before_read", "rank": 0, "copies": 64, "bytes": 8192}
{"mock_phase": "read_complete", "rank": 0, "ret": 0, "bytes": 8192}
{"mock_phase": "before_read", "rank": 0, "copies": 64, "bytes": 8192}
{"mock_phase": "read_complete", "rank": 0, "ret": 0, "bytes": 8192}
{"mock_phase": "before_read", "rank": 0, "copies": 64, "bytes": 4194304}
{"mock_phase": "read_complete", "rank": 0, "ret": 0, "bytes": 4194304}
{"mock_phase": "before_read", "rank": 0, "copies": 64, "bytes": 4194304}
{"mock_phase": "read_complete", "rank": 0, "ret": 0, "bytes": 4194304}
{"mock_phase": "before_read", "rank": 0, "copies": 64, "bytes": 524288}
{"mock_phase": "read_complete", "rank": 0, "ret": 0, "bytes": 524288}
{"mock_phase": "before_read", "rank": 0, "copies": 64, "bytes": 524288}
{"mock_phase": "read_complete", "rank": 0, "ret": 0, "bytes": 524288}
{"mock_phase": "before_read", "rank": 0, "copies": 64, "bytes": 8192}
{"mock_phase": "read_complete", "rank": 0, "ret": 0, "bytes": 8192}
{"mock_phase": "before_read", "rank": 0, "copies": 64, "bytes": 8192}
{"mock_phase": "read_complete", "rank": 0, "ret": 0, "bytes": 8192}
{"mock_phase": "before_read", "rank": 0, "copies": 64, "bytes": 4194304}
{"mock_phase": "read_complete", "rank": 0, "ret": 0, "bytes": 4194304}
{"mock_phase": "before_read", "rank": 0, "copies": 64, "bytes": 4194304}
{"mock_phase": "read_complete", "rank": 0, "ret": 0, "bytes": 4194304}
{"mock_phase": "before_read", "rank": 0, "copies": 64, "bytes": 524288}
{"mock_phase": "read_complete", "rank": 0, "ret": 0, "bytes": 524288}
{"mock_phase": "before_read", "rank": 0, "copies": 64, "bytes": 524288}
{"mock_phase": "read_complete", "rank": 0, "ret": 0, "bytes": 524288}
{"mock_phase": "before_read", "rank": 0, "copies": 64, "bytes": 8192}
{"mock_phase": "read_complete", "rank": 0, "ret": 0, "bytes": 8192}
{"mock_phase": "before_read", "rank": 0, "copies": 64, "bytes": 8192}
{"mock_phase": "read_complete", "rank": 0, "ret": 0, "bytes": 8192}
{"mock_phase": "before_read", "rank": 0, "copies": 64, "bytes": 8388608}
{"mock_phase": "read_complete", "rank": 0, "ret": 0, "bytes": 8388608}
{"mock_phase": "before_read", "rank": 0, "copies": 64, "bytes": 8388608}
{"mock_phase": "read_complete", "rank": 0, "ret": 0, "bytes": 8388608}
{"mock_phase": "before_read", "rank": 0, "copies": 64, "bytes": 1048576}
{"mock_phase": "read_complete", "rank": 0, "ret": 0, "bytes": 1048576}
{"mock_phase": "before_read", "rank": 0, "copies": 64, "bytes": 1048576}
{"mock_phase": "read_complete", "rank": 0, "ret": 0, "bytes": 1048576}
{"mock_phase": "before_read", "rank": 0, "copies": 64, "bytes": 16384}
{"mock_phase": "read_complete", "rank": 0, "ret": 0, "bytes": 16384}
{"mock_phase": "before_read", "rank": 0, "copies": 64, "bytes": 16384}
{"mock_phase": "read_complete", "rank": 0, "ret": 0, "bytes": 16384}
{"mock_phase": "before_read", "rank": 0, "copies": 43, "bytes": 5636096}
{"mock_phase": "read_complete", "rank": 0, "ret": 0, "bytes": 5636096}
{"mock_phase": "planned", "request_id": "cmpl-adf29d8f916b4083-0-ac5282b1", "rank": 1, "pages": 1579, "bytes": 52903936}
{"mock_phase": "before_read", "rank": 1, "copies": 64, "bytes": 4194304}
{"mock_phase": "read_complete", "rank": 1, "ret": 0, "bytes": 4194304}
{"mock_phase": "before_read", "rank": 1, "copies": 64, "bytes": 4194304}
{"mock_phase": "read_complete", "rank": 1, "ret": 0, "bytes": 4194304}
{"mock_phase": "before_read", "rank": 1, "copies": 64, "bytes": 524288}
{"mock_phase": "read_complete", "rank": 1, "ret": 0, "bytes": 524288}
{"mock_phase": "before_read", "rank": 1, "copies": 64, "bytes": 524288}
{"mock_phase": "read_complete", "rank": 1, "ret": 0, "bytes": 524288}
{"mock_phase": "before_read", "rank": 1, "copies": 64, "bytes": 8192}
{"mock_phase": "read_complete", "rank": 1, "ret": 0, "bytes": 8192}
{"mock_phase": "before_read", "rank": 1, "copies": 64, "bytes": 8192}
{"mock_phase": "read_complete", "rank": 1, "ret": 0, "bytes": 8192}
{"mock_phase": "before_read", "rank": 1, "copies": 64, "bytes": 4194304}
{"mock_phase": "read_complete", "rank": 1, "ret": 0, "bytes": 4194304}
{"mock_phase": "before_read", "rank": 1, "copies": 64, "bytes": 4194304}
{"mock_phase": "read_complete", "rank": 1, "ret": 0, "bytes": 4194304}
{"mock_phase": "before_read", "rank": 1, "copies": 64, "bytes": 524288}
{"mock_phase": "read_complete", "rank": 1, "ret": 0, "bytes": 524288}
{"mock_phase": "before_read", "rank": 1, "copies": 64, "bytes": 524288}
{"mock_phase": "read_complete", "rank": 1, "ret": 0, "bytes": 524288}
{"mock_phase": "before_read", "rank": 1, "copies": 64, "bytes": 8192}
{"mock_phase": "read_complete", "rank": 1, "ret": 0, "bytes": 8192}
{"mock_phase": "before_read", "rank": 1, "copies": 64, "bytes": 8192}
{"mock_phase": "read_complete", "rank": 1, "ret": 0, "bytes": 8192}
{"mock_phase": "before_read", "rank": 1, "copies": 64, "bytes": 4194304}
{"mock_phase": "read_complete", "rank": 1, "ret": 0, "bytes": 4194304}
{"mock_phase": "before_read", "rank": 1, "copies": 64, "bytes": 4194304}
{"mock_phase": "read_complete", "rank": 1, "ret": 0, "bytes": 4194304}
{"mock_phase": "before_read", "rank": 1, "copies": 64, "bytes": 524288}
{"mock_phase": "read_complete", "rank": 1, "ret": 0, "bytes": 524288}
{"mock_phase": "before_read", "rank": 1, "copies": 64, "bytes": 524288}
{"mock_phase": "read_complete", "rank": 1, "ret": 0, "bytes": 524288}
{"mock_phase": "before_read", "rank": 1, "copies": 64, "bytes": 8192}
{"mock_phase": "read_complete", "rank": 1, "ret": 0, "bytes": 8192}
{"mock_phase": "before_read", "rank": 1, "copies": 64, "bytes": 8192}
{"mock_phase": "read_complete", "rank": 1, "ret": 0, "bytes": 8192}
{"mock_phase": "before_read", "rank": 1, "copies": 64, "bytes": 8388608}
{"mock_phase": "read_complete", "rank": 1, "ret": 0, "bytes": 8388608}
{"mock_phase": "before_read", "rank": 1, "copies": 64, "bytes": 8388608}
{"mock_phase": "read_complete", "rank": 1, "ret": 0, "bytes": 8388608}
{"mock_phase": "before_read", "rank": 1, "copies": 64, "bytes": 1048576}
{"mock_phase": "read_complete", "rank": 1, "ret": 0, "bytes": 1048576}
{"mock_phase": "before_read", "rank": 1, "copies": 64, "bytes": 1048576}
{"mock_phase": "read_complete", "rank": 1, "ret": 0, "bytes": 1048576}
{"mock_phase": "before_read", "rank": 1, "copies": 64, "bytes": 16384}
{"mock_phase": "read_complete", "rank": 1, "ret": 0, "bytes": 16384}
{"mock_phase": "before_read", "rank": 1, "copies": 64, "bytes": 16384}
{"mock_phase": "read_complete", "rank": 1, "ret": 0, "bytes": 16384}
{"mock_phase": "before_read", "rank": 1, "copies": 43, "bytes": 5636096}
{"mock_phase": "read_complete", "rank": 1, "ret": 0, "bytes": 5636096}
{"mock_phase": "planned", "request_id": "cmpl-adf29d8f916b4083-0-ac5282b1", "rank": 2, "pages": 1579, "bytes": 52903936}
{"mock_phase": "before_read", "rank": 2, "copies": 64, "bytes": 4194304}
{"mock_phase": "read_complete", "rank": 2, "ret": 0, "bytes": 4194304}
{"mock_phase": "before_read", "rank": 2, "copies": 64, "bytes": 4194304}
{"mock_phase": "read_complete", "rank": 2, "ret": 0, "bytes": 4194304}
{"mock_phase": "before_read", "rank": 2, "copies": 64, "bytes": 524288}
{"mock_phase": "read_complete", "rank": 2, "ret": 0, "bytes": 524288}
{"mock_phase": "before_read", "rank": 2, "copies": 64, "bytes": 524288}
{"mock_phase": "read_complete", "rank": 2, "ret": 0, "bytes": 524288}
{"mock_phase": "before_read", "rank": 2, "copies": 64, "bytes": 8192}
{"mock_phase": "read_complete", "rank": 2, "ret": 0, "bytes": 8192}
{"mock_phase": "before_read", "rank": 2, "copies": 64, "bytes": 8192}
{"mock_phase": "read_complete", "rank": 2, "ret": 0, "bytes": 8192}
{"mock_phase": "before_read", "rank": 2, "copies": 64, "bytes": 4194304}
{"mock_phase": "read_complete", "rank": 2, "ret": 0, "bytes": 4194304}
{"mock_phase": "before_read", "rank": 2, "copies": 64, "bytes": 4194304}
{"mock_phase": "read_complete", "rank": 2, "ret": 0, "bytes": 4194304}
{"mock_phase": "before_read", "rank": 2, "copies": 64, "bytes": 524288}
{"mock_phase": "read_complete", "rank": 2, "ret": 0, "bytes": 524288}
{"mock_phase": "before_read", "rank": 2, "copies": 64, "bytes": 524288}
{"mock_phase": "read_complete", "rank": 2, "ret": 0, "bytes": 524288}
{"mock_phase": "before_read", "rank": 2, "copies": 64, "bytes": 8192}
{"mock_phase": "read_complete", "rank": 2, "ret": 0, "bytes": 8192}
{"mock_phase": "before_read", "rank": 2, "copies": 64, "bytes": 8192}
{"mock_phase": "read_complete", "rank": 2, "ret": 0, "bytes": 8192}
{"mock_phase": "before_read", "rank": 2, "copies": 64, "bytes": 4194304}
{"mock_phase": "read_complete", "rank": 2, "ret": 0, "bytes": 4194304}
{"mock_phase": "before_read", "rank": 2, "copies": 64, "bytes": 4194304}
{"mock_phase": "read_complete", "rank": 2, "ret": 0, "bytes": 4194304}
{"mock_phase": "before_read", "rank": 2, "copies": 64, "bytes": 524288}
{"mock_phase": "read_complete", "rank": 2, "ret": 0, "bytes": 524288}
{"mock_phase": "before_read", "rank": 2, "copies": 64, "bytes": 524288}
{"mock_phase": "read_complete", "rank": 2, "ret": 0, "bytes": 524288}
{"mock_phase": "before_read", "rank": 2, "copies": 64, "bytes": 8192}
{"mock_phase": "read_complete", "rank": 2, "ret": 0, "bytes": 8192}
{"mock_phase": "before_read", "rank": 2, "copies": 64, "bytes": 8192}
{"mock_phase": "read_complete", "rank": 2, "ret": 0, "bytes": 8192}
{"mock_phase": "before_read", "rank": 2, "copies": 64, "bytes": 8388608}
{"mock_phase": "read_complete", "rank": 2, "ret": 0, "bytes": 8388608}
{"mock_phase": "before_read", "rank": 2, "copies": 64, "bytes": 8388608}
{"mock_phase": "read_complete", "rank": 2, "ret": 0, "bytes": 8388608}
{"mock_phase": "before_read", "rank": 2, "copies": 64, "bytes": 1048576}
{"mock_phase": "read_complete", "rank": 2, "ret": 0, "bytes": 1048576}
{"mock_phase": "before_read", "rank": 2, "copies": 64, "bytes": 1048576}
{"mock_phase": "read_complete", "rank": 2, "ret": 0, "bytes": 1048576}
{"mock_phase": "before_read", "rank": 2, "copies": 64, "bytes": 16384}
{"mock_phase": "read_complete", "rank": 2, "ret": 0, "bytes": 16384}
{"mock_phase": "before_read", "rank": 2, "copies": 64, "bytes": 16384}
{"mock_phase": "read_complete", "rank": 2, "ret": 0, "bytes": 16384}
{"mock_phase": "before_read", "rank": 2, "copies": 43, "bytes": 5636096}
{"mock_phase": "read_complete", "rank": 2, "ret": 0, "bytes": 5636096}
{"mock_phase": "planned", "request_id": "cmpl-adf29d8f916b4083-0-ac5282b1", "rank": 3, "pages": 1579, "bytes": 52903936}
{"mock_phase": "before_read", "rank": 3, "copies": 64, "bytes": 4194304}
{"mock_phase": "read_complete", "rank": 3, "ret": 0, "bytes": 4194304}
{"mock_phase": "before_read", "rank": 3, "copies": 64, "bytes": 4194304}
{"mock_phase": "read_complete", "rank": 3, "ret": 0, "bytes": 4194304}
{"mock_phase": "before_read", "rank": 3, "copies": 64, "bytes": 524288}
{"mock_phase": "read_complete", "rank": 3, "ret": 0, "bytes": 524288}
{"mock_phase": "before_read", "rank": 3, "copies": 64, "bytes": 524288}
{"mock_phase": "read_complete", "rank": 3, "ret": 0, "bytes": 524288}
{"mock_phase": "before_read", "rank": 3, "copies": 64, "bytes": 8192}
{"mock_phase": "read_complete", "rank": 3, "ret": 0, "bytes": 8192}
{"mock_phase": "before_read", "rank": 3, "copies": 64, "bytes": 8192}
{"mock_phase": "read_complete", "rank": 3, "ret": 0, "bytes": 8192}
{"mock_phase": "before_read", "rank": 3, "copies": 64, "bytes": 4194304}
{"mock_phase": "read_complete", "rank": 3, "ret": 0, "bytes": 4194304}
{"mock_phase": "before_read", "rank": 3, "copies": 64, "bytes": 4194304}
{"mock_phase": "read_complete", "rank": 3, "ret": 0, "bytes": 4194304}
{"mock_phase": "before_read", "rank": 3, "copies": 64, "bytes": 524288}
{"mock_phase": "read_complete", "rank": 3, "ret": 0, "bytes": 524288}
{"mock_phase": "before_read", "rank": 3, "copies": 64, "bytes": 524288}
{"mock_phase": "read_complete", "rank": 3, "ret": 0, "bytes": 524288}
{"mock_phase": "before_read", "rank": 3, "copies": 64, "bytes": 8192}
{"mock_phase": "read_complete", "rank": 3, "ret": 0, "bytes": 8192}
{"mock_phase": "before_read", "rank": 3, "copies": 64, "bytes": 8192}
{"mock_phase": "read_complete", "rank": 3, "ret": 0, "bytes": 8192}
{"mock_phase": "before_read", "rank": 3, "copies": 64, "bytes": 4194304}
{"mock_phase": "read_complete", "rank": 3, "ret": 0, "bytes": 4194304}
{"mock_phase": "before_read", "rank": 3, "copies": 64, "bytes": 4194304}
{"mock_phase": "read_complete", "rank": 3, "ret": 0, "bytes": 4194304}
{"mock_phase": "before_read", "rank": 3, "copies": 64, "bytes": 524288}
{"mock_phase": "read_complete", "rank": 3, "ret": 0, "bytes": 524288}
{"mock_phase": "before_read", "rank": 3, "copies": 64, "bytes": 524288}
{"mock_phase": "read_complete", "rank": 3, "ret": 0, "bytes": 524288}
{"mock_phase": "before_read", "rank": 3, "copies": 64, "bytes": 8192}
{"mock_phase": "read_complete", "rank": 3, "ret": 0, "bytes": 8192}
{"mock_phase": "before_read", "rank": 3, "copies": 64, "bytes": 8192}
{"mock_phase": "read_complete", "rank": 3, "ret": 0, "bytes": 8192}
{"mock_phase": "before_read", "rank": 3, "copies": 64, "bytes": 8388608}
{"mock_phase": "read_complete", "rank": 3, "ret": 0, "bytes": 8388608}
{"mock_phase": "before_read", "rank": 3, "copies": 64, "bytes": 8388608}
{"mock_phase": "read_complete", "rank": 3, "ret": 0, "bytes": 8388608}
{"mock_phase": "before_read", "rank": 3, "copies": 64, "bytes": 1048576}
{"mock_phase": "read_complete", "rank": 3, "ret": 0, "bytes": 1048576}
{"mock_phase": "before_read", "rank": 3, "copies": 64, "bytes": 1048576}
{"mock_phase": "read_complete", "rank": 3, "ret": 0, "bytes": 1048576}
{"mock_phase": "before_read", "rank": 3, "copies": 64, "bytes": 16384}
{"mock_phase": "read_complete", "rank": 3, "ret": 0, "bytes": 16384}
{"mock_phase": "before_read", "rank": 3, "copies": 64, "bytes": 16384}
{"mock_phase": "read_complete", "rank": 3, "ret": 0, "bytes": 16384}
{"mock_phase": "before_read", "rank": 3, "copies": 43, "bytes": 5636096}
{"mock_phase": "read_complete", "rank": 3, "ret": 0, "bytes": 5636096}
{"mock_phase": "planned", "request_id": "cmpl-adf29d8f916b4083-0-ac5282b1", "rank": 4, "pages": 1579, "bytes": 52903936}
{"mock_phase": "before_read", "rank": 4, "copies": 64, "bytes": 4194304}
{"mock_phase": "read_complete", "rank": 4, "ret": 0, "bytes": 4194304}
{"mock_phase": "before_read", "rank": 4, "copies": 64, "bytes": 4194304}
{"mock_phase": "read_complete", "rank": 4, "ret": 0, "bytes": 4194304}
{"mock_phase": "before_read", "rank": 4, "copies": 64, "bytes": 524288}
{"mock_phase": "read_complete", "rank": 4, "ret": 0, "bytes": 524288}
{"mock_phase": "before_read", "rank": 4, "copies": 64, "bytes": 524288}
{"mock_phase": "read_complete", "rank": 4, "ret": 0, "bytes": 524288}
{"mock_phase": "before_read", "rank": 4, "copies": 64, "bytes": 8192}
{"mock_phase": "read_complete", "rank": 4, "ret": 0, "bytes": 8192}
{"mock_phase": "before_read", "rank": 4, "copies": 64, "bytes": 8192}
{"mock_phase": "read_complete", "rank": 4, "ret": 0, "bytes": 8192}
{"mock_phase": "before_read", "rank": 4, "copies": 64, "bytes": 4194304}
{"mock_phase": "read_complete", "rank": 4, "ret": 0, "bytes": 4194304}
{"mock_phase": "before_read", "rank": 4, "copies": 64, "bytes": 4194304}
{"mock_phase": "read_complete", "rank": 4, "ret": 0, "bytes": 4194304}
{"mock_phase": "before_read", "rank": 4, "copies": 64, "bytes": 524288}
{"mock_phase": "read_complete", "rank": 4, "ret": 0, "bytes": 524288}
{"mock_phase": "before_read", "rank": 4, "copies": 64, "bytes": 524288}
{"mock_phase": "read_complete", "rank": 4, "ret": 0, "bytes": 524288}
{"mock_phase": "before_read", "rank": 4, "copies": 64, "bytes": 8192}
{"mock_phase": "read_complete", "rank": 4, "ret": 0, "bytes": 8192}
{"mock_phase": "before_read", "rank": 4, "copies": 64, "bytes": 8192}
{"mock_phase": "read_complete", "rank": 4, "ret": 0, "bytes": 8192}
{"mock_phase": "before_read", "rank": 4, "copies": 64, "bytes": 4194304}
{"mock_phase": "read_complete", "rank": 4, "ret": 0, "bytes": 4194304}
{"mock_phase": "before_read", "rank": 4, "copies": 64, "bytes": 4194304}
{"mock_phase": "read_complete", "rank": 4, "ret": 0, "bytes": 4194304}
{"mock_phase": "before_read", "rank": 4, "copies": 64, "bytes": 524288}
{"mock_phase": "read_complete", "rank": 4, "ret": 0, "bytes": 524288}
{"mock_phase": "before_read", "rank": 4, "copies": 64, "bytes": 524288}
{"mock_phase": "read_complete", "rank": 4, "ret": 0, "bytes": 524288}
{"mock_phase": "before_read", "rank": 4, "copies": 64, "bytes": 8192}
{"mock_phase": "read_complete", "rank": 4, "ret": 0, "bytes": 8192}
{"mock_phase": "before_read", "rank": 4, "copies": 64, "bytes": 8192}
{"mock_phase": "read_complete", "rank": 4, "ret": 0, "bytes": 8192}
{"mock_phase": "before_read", "rank": 4, "copies": 64, "bytes": 8388608}
{"mock_phase": "read_complete", "rank": 4, "ret": 0, "bytes": 8388608}
{"mock_phase": "before_read", "rank": 4, "copies": 64, "bytes": 8388608}
{"mock_phase": "read_complete", "rank": 4, "ret": 0, "bytes": 8388608}
{"mock_phase": "before_read", "rank": 4, "copies": 64, "bytes": 1048576}
{"mock_phase": "read_complete", "rank": 4, "ret": 0, "bytes": 1048576}
{"mock_phase": "before_read", "rank": 4, "copies": 64, "bytes": 1048576}
{"mock_phase": "read_complete", "rank": 4, "ret": 0, "bytes": 1048576}
{"mock_phase": "before_read", "rank": 4, "copies": 64, "bytes": 16384}
{"mock_phase": "read_complete", "rank": 4, "ret": 0, "bytes": 16384}
{"mock_phase": "before_read", "rank": 4, "copies": 64, "bytes": 16384}
{"mock_phase": "read_complete", "rank": 4, "ret": 0, "bytes": 16384}
{"mock_phase": "before_read", "rank": 4, "copies": 43, "bytes": 5636096}
{"mock_phase": "read_complete", "rank": 4, "ret": 0, "bytes": 5636096}
{"mock_phase": "planned", "request_id": "cmpl-adf29d8f916b4083-0-ac5282b1", "rank": 5, "pages": 1579, "bytes": 52903936}
{"mock_phase": "before_read", "rank": 5, "copies": 64, "bytes": 4194304}
{"mock_phase": "read_complete", "rank": 5, "ret": 0, "bytes": 4194304}
{"mock_phase": "before_read", "rank": 5, "copies": 64, "bytes": 4194304}
{"mock_phase": "read_complete", "rank": 5, "ret": 0, "bytes": 4194304}
{"mock_phase": "before_read", "rank": 5, "copies": 64, "bytes": 524288}
{"mock_phase": "read_complete", "rank": 5, "ret": 0, "bytes": 524288}
{"mock_phase": "before_read", "rank": 5, "copies": 64, "bytes": 524288}
{"mock_phase": "read_complete", "rank": 5, "ret": 0, "bytes": 524288}
{"mock_phase": "before_read", "rank": 5, "copies": 64, "bytes": 8192}
{"mock_phase": "read_complete", "rank": 5, "ret": 0, "bytes": 8192}
{"mock_phase": "before_read", "rank": 5, "copies": 64, "bytes": 8192}
{"mock_phase": "read_complete", "rank": 5, "ret": 0, "bytes": 8192}
{"mock_phase": "before_read", "rank": 5, "copies": 64, "bytes": 4194304}
{"mock_phase": "read_complete", "rank": 5, "ret": 0, "bytes": 4194304}
{"mock_phase": "before_read", "rank": 5, "copies": 64, "bytes": 4194304}
{"mock_phase": "read_complete", "rank": 5, "ret": 0, "bytes": 4194304}
{"mock_phase": "before_read", "rank": 5, "copies": 64, "bytes": 524288}
{"mock_phase": "read_complete", "rank": 5, "ret": 0, "bytes": 524288}
{"mock_phase": "before_read", "rank": 5, "copies": 64, "bytes": 524288}
{"mock_phase": "read_complete", "rank": 5, "ret": 0, "bytes": 524288}
{"mock_phase": "before_read", "rank": 5, "copies": 64, "bytes": 8192}
{"mock_phase": "read_complete", "rank": 5, "ret": 0, "bytes": 8192}
{"mock_phase": "before_read", "rank": 5, "copies": 64, "bytes": 8192}
{"mock_phase": "read_complete", "rank": 5, "ret": 0, "bytes": 8192}
{"mock_phase": "before_read", "rank": 5, "copies": 64, "bytes": 4194304}
{"mock_phase": "read_complete", "rank": 5, "ret": 0, "bytes": 4194304}
{"mock_phase": "before_read", "rank": 5, "copies": 64, "bytes": 4194304}
{"mock_phase": "read_complete", "rank": 5, "ret": 0, "bytes": 4194304}
{"mock_phase": "before_read", "rank": 5, "copies": 64, "bytes": 524288}
{"mock_phase": "read_complete", "rank": 5, "ret": 0, "bytes": 524288}
{"mock_phase": "before_read", "rank": 5, "copies": 64, "bytes": 524288}
{"mock_phase": "read_complete", "rank": 5, "ret": 0, "bytes": 524288}
{"mock_phase": "before_read", "rank": 5, "copies": 64, "bytes": 8192}
{"mock_phase": "read_complete", "rank": 5, "ret": 0, "bytes": 8192}
{"mock_phase": "before_read", "rank": 5, "copies": 64, "bytes": 8192}
{"mock_phase": "read_complete", "rank": 5, "ret": 0, "bytes": 8192}
{"mock_phase": "before_read", "rank": 5, "copies": 64, "bytes": 8388608}
{"mock_phase": "read_complete", "rank": 5, "ret": 0, "bytes": 8388608}
{"mock_phase": "before_read", "rank": 5, "copies": 64, "bytes": 8388608}
{"mock_phase": "read_complete", "rank": 5, "ret": 0, "bytes": 8388608}
{"mock_phase": "before_read", "rank": 5, "copies": 64, "bytes": 1048576}
{"mock_phase": "read_complete", "rank": 5, "ret": 0, "bytes": 1048576}
{"mock_phase": "before_read", "rank": 5, "copies": 64, "bytes": 1048576}
{"mock_phase": "read_complete", "rank": 5, "ret": 0, "bytes": 1048576}
{"mock_phase": "before_read", "rank": 5, "copies": 64, "bytes": 16384}
{"mock_phase": "read_complete", "rank": 5, "ret": 0, "bytes": 16384}
{"mock_phase": "before_read", "rank": 5, "copies": 64, "bytes": 16384}
{"mock_phase": "read_complete", "rank": 5, "ret": 0, "bytes": 16384}
{"mock_phase": "before_read", "rank": 5, "copies": 43, "bytes": 5636096}
{"mock_phase": "read_complete", "rank": 5, "ret": 0, "bytes": 5636096}
{"mock_phase": "planned", "request_id": "cmpl-adf29d8f916b4083-0-ac5282b1", "rank": 6, "pages": 1579, "bytes": 52903936}
{"mock_phase": "before_read", "rank": 6, "copies": 64, "bytes": 4194304}
{"mock_phase": "read_complete", "rank": 6, "ret": 0, "bytes": 4194304}
{"mock_phase": "before_read", "rank": 6, "copies": 64, "bytes": 4194304}
{"mock_phase": "read_complete", "rank": 6, "ret": 0, "bytes": 4194304}
{"mock_phase": "before_read", "rank": 6, "copies": 64, "bytes": 524288}
{"mock_phase": "read_complete", "rank": 6, "ret": 0, "bytes": 524288}
{"mock_phase": "before_read", "rank": 6, "copies": 64, "bytes": 524288}
{"mock_phase": "read_complete", "rank": 6, "ret": 0, "bytes": 524288}
{"mock_phase": "before_read", "rank": 6, "copies": 64, "bytes": 8192}
{"mock_phase": "read_complete", "rank": 6, "ret": 0, "bytes": 8192}
{"mock_phase": "before_read", "rank": 6, "copies": 64, "bytes": 8192}
{"mock_phase": "read_complete", "rank": 6, "ret": 0, "bytes": 8192}
{"mock_phase": "before_read", "rank": 6, "copies": 64, "bytes": 4194304}
{"mock_phase": "read_complete", "rank": 6, "ret": 0, "bytes": 4194304}
{"mock_phase": "before_read", "rank": 6, "copies": 64, "bytes": 4194304}
{"mock_phase": "read_complete", "rank": 6, "ret": 0, "bytes": 4194304}
{"mock_phase": "before_read", "rank": 6, "copies": 64, "bytes": 524288}
{"mock_phase": "read_complete", "rank": 6, "ret": 0, "bytes": 524288}
{"mock_phase": "before_read", "rank": 6, "copies": 64, "bytes": 524288}
{"mock_phase": "read_complete", "rank": 6, "ret": 0, "bytes": 524288}
{"mock_phase": "before_read", "rank": 6, "copies": 64, "bytes": 8192}
{"mock_phase": "read_complete", "rank": 6, "ret": 0, "bytes": 8192}
{"mock_phase": "before_read", "rank": 6, "copies": 64, "bytes": 8192}
{"mock_phase": "read_complete", "rank": 6, "ret": 0, "bytes": 8192}
{"mock_phase": "before_read", "rank": 6, "copies": 64, "bytes": 4194304}
{"mock_phase": "read_complete", "rank": 6, "ret": 0, "bytes": 4194304}
{"mock_phase": "before_read", "rank": 6, "copies": 64, "bytes": 4194304}
{"mock_phase": "read_complete", "rank": 6, "ret": 0, "bytes": 4194304}
{"mock_phase": "before_read", "rank": 6, "copies": 64, "bytes": 524288}
{"mock_phase": "read_complete", "rank": 6, "ret": 0, "bytes": 524288}
{"mock_phase": "before_read", "rank": 6, "copies": 64, "bytes": 524288}
{"mock_phase": "read_complete", "rank": 6, "ret": 0, "bytes": 524288}
{"mock_phase": "before_read", "rank": 6, "copies": 64, "bytes": 8192}
{"mock_phase": "read_complete", "rank": 6, "ret": 0, "bytes": 8192}
{"mock_phase": "before_read", "rank": 6, "copies": 64, "bytes": 8192}
{"mock_phase": "read_complete", "rank": 6, "ret": 0, "bytes": 8192}
{"mock_phase": "before_read", "rank": 6, "copies": 64, "bytes": 8388608}
{"mock_phase": "read_complete", "rank": 6, "ret": 0, "bytes": 8388608}
{"mock_phase": "before_read", "rank": 6, "copies": 64, "bytes": 8388608}
{"mock_phase": "read_complete", "rank": 6, "ret": 0, "bytes": 8388608}
{"mock_phase": "before_read", "rank": 6, "copies": 64, "bytes": 1048576}
{"mock_phase": "read_complete", "rank": 6, "ret": 0, "bytes": 1048576}
{"mock_phase": "before_read", "rank": 6, "copies": 64, "bytes": 1048576}
{"mock_phase": "read_complete", "rank": 6, "ret": 0, "bytes": 1048576}
{"mock_phase": "before_read", "rank": 6, "copies": 64, "bytes": 16384}
{"mock_phase": "read_complete", "rank": 6, "ret": 0, "bytes": 16384}
{"mock_phase": "before_read", "rank": 6, "copies": 64, "bytes": 16384}
{"mock_phase": "read_complete", "rank": 6, "ret": 0, "bytes": 16384}
{"mock_phase": "before_read", "rank": 6, "copies": 43, "bytes": 5636096}
{"mock_phase": "read_complete", "rank": 6, "ret": 0, "bytes": 5636096}
{"mock_phase": "planned", "request_id": "cmpl-adf29d8f916b4083-0-ac5282b1", "rank": 7, "pages": 1579, "bytes": 52903936}
{"mock_phase": "before_read", "rank": 7, "copies": 64, "bytes": 4194304}
{"mock_phase": "read_complete", "rank": 7, "ret": 0, "bytes": 4194304}
{"mock_phase": "before_read", "rank": 7, "copies": 64, "bytes": 4194304}
{"mock_phase": "read_complete", "rank": 7, "ret": 0, "bytes": 4194304}
{"mock_phase": "before_read", "rank": 7, "copies": 64, "bytes": 524288}
{"mock_phase": "read_complete", "rank": 7, "ret": 0, "bytes": 524288}
{"mock_phase": "before_read", "rank": 7, "copies": 64, "bytes": 524288}
{"mock_phase": "read_complete", "rank": 7, "ret": 0, "bytes": 524288}
{"mock_phase": "before_read", "rank": 7, "copies": 64, "bytes": 8192}
{"mock_phase": "read_complete", "rank": 7, "ret": 0, "bytes": 8192}
{"mock_phase": "before_read", "rank": 7, "copies": 64, "bytes": 8192}
{"mock_phase": "read_complete", "rank": 7, "ret": 0, "bytes": 8192}
{"mock_phase": "before_read", "rank": 7, "copies": 64, "bytes": 4194304}
{"mock_phase": "read_complete", "rank": 7, "ret": 0, "bytes": 4194304}
{"mock_phase": "before_read", "rank": 7, "copies": 64, "bytes": 4194304}
{"mock_phase": "read_complete", "rank": 7, "ret": 0, "bytes": 4194304}
{"mock_phase": "before_read", "rank": 7, "copies": 64, "bytes": 524288}
{"mock_phase": "read_complete", "rank": 7, "ret": 0, "bytes": 524288}
{"mock_phase": "before_read", "rank": 7, "copies": 64, "bytes": 524288}
{"mock_phase": "read_complete", "rank": 7, "ret": 0, "bytes": 524288}
{"mock_phase": "before_read", "rank": 7, "copies": 64, "bytes": 8192}
{"mock_phase": "read_complete", "rank": 7, "ret": 0, "bytes": 8192}
{"mock_phase": "before_read", "rank": 7, "copies": 64, "bytes": 8192}
{"mock_phase": "read_complete", "rank": 7, "ret": 0, "bytes": 8192}
{"mock_phase": "before_read", "rank": 7, "copies": 64, "bytes": 4194304}
{"mock_phase": "read_complete", "rank": 7, "ret": 0, "bytes": 4194304}
{"mock_phase": "before_read", "rank": 7, "copies": 64, "bytes": 4194304}
{"mock_phase": "read_complete", "rank": 7, "ret": 0, "bytes": 4194304}
{"mock_phase": "before_read", "rank": 7, "copies": 64, "bytes": 524288}
{"mock_phase": "read_complete", "rank": 7, "ret": 0, "bytes": 524288}
{"mock_phase": "before_read", "rank": 7, "copies": 64, "bytes": 524288}
{"mock_phase": "read_complete", "rank": 7, "ret": 0, "bytes": 524288}
{"mock_phase": "before_read", "rank": 7, "copies": 64, "bytes": 8192}
{"mock_phase": "read_complete", "rank": 7, "ret": 0, "bytes": 8192}
{"mock_phase": "before_read", "rank": 7, "copies": 64, "bytes": 8192}
{"mock_phase": "read_complete", "rank": 7, "ret": 0, "bytes": 8192}
{"mock_phase": "before_read", "rank": 7, "copies": 64, "bytes": 8388608}
{"mock_phase": "read_complete", "rank": 7, "ret": 0, "bytes": 8388608}
{"mock_phase": "before_read", "rank": 7, "copies": 64, "bytes": 8388608}
{"mock_phase": "read_complete", "rank": 7, "ret": 0, "bytes": 8388608}
{"mock_phase": "before_read", "rank": 7, "copies": 64, "bytes": 1048576}
{"mock_phase": "read_complete", "rank": 7, "ret": 0, "bytes": 1048576}
{"mock_phase": "before_read", "rank": 7, "copies": 64, "bytes": 1048576}
{"mock_phase": "read_complete", "rank": 7, "ret": 0, "bytes": 1048576}
{"mock_phase": "before_read", "rank": 7, "copies": 64, "bytes": 16384}
{"mock_phase": "read_complete", "rank": 7, "ret": 0, "bytes": 16384}
{"mock_phase": "before_read", "rank": 7, "copies": 64, "bytes": 16384}
{"mock_phase": "read_complete", "rank": 7, "ret": 0, "bytes": 16384}
{"mock_phase": "before_read", "rank": 7, "copies": 43, "bytes": 5636096}
{"mock_phase": "read_complete", "rank": 7, "ret": 0, "bytes": 5636096}
{"ok": true, "request_id": "cmpl-adf29d8f916b4083-0-ac5282b1", "ranks": [{"rank": 0, "bytes": 52903936, "read_s": 0.012754090130329132, "hash_s": 0.07047389028593898, "nonzero_groups": [0, 1, 2, 3, 4, 5, 6]}, {"rank": 1, "bytes": 52903936, "read_s": 0.011973259504884481, "hash_s": 0.07044993946328759, "nonzero_groups": [0, 1, 2, 3, 4, 5, 6]}, {"rank": 2, "bytes": 52903936, "read_s": 0.012653951067477465, "hash_s": 0.07053497154265642, "nonzero_groups": [0, 1, 2, 3, 4, 5, 6]}, {"rank": 3, "bytes": 52903936, "read_s": 0.011885779444128275, "hash_s": 0.0699697402305901, "nonzero_groups": [0, 1, 2, 3, 4, 5, 6]}, {"rank": 4, "bytes": 52903936, "read_s": 0.011979720089584589, "hash_s": 0.07021224917843938, "nonzero_groups": [0, 1, 2, 3, 4, 5, 6]}, {"rank": 5, "bytes": 52903936, "read_s": 0.011796162463724613, "hash_s": 0.07018947834149003, "nonzero_groups": [0, 1, 2, 3, 4, 5, 6]}, {"rank": 6, "bytes": 52903936, "read_s": 0.012393929995596409, "hash_s": 0.0688713095150888, "nonzero_groups": [0, 1, 2, 3, 4, 5, 6]}, {"rank": 7, "bytes": 52903936, "read_s": 0.011736891232430935, "hash_s": 0.0703926095739007, "nonzero_groups": [0, 1, 2, 3, 4, 5, 6]}], "bytes": 423231488, "consume_s": 0.7053498402237892, "ack_s": 0.0022634901106357574, "total_s": 0.7076134700328112, "hold_ms": 0}
127.0.0.1 - - [09/Oct/2026 07:22:45] "POST /consume HTTP/1.1" 200 -
{"mock_phase": "planned", "request_id": "cmpl-b7c9f5ab5c20deee-0-92640f3f", "rank": 0, "pages": 1579, "bytes": 52903936}
{"mock_phase": "before_read", "rank": 0, "copies": 64, "bytes": 4194304}
{"mock_phase": "read_complete", "rank": 0, "ret": 0, "bytes": 4194304}
{"mock_phase": "before_read", "rank": 0, "copies": 64, "bytes": 4194304}
{"mock_phase": "read_complete", "rank": 0, "ret": 0, "bytes": 4194304}
{"mock_phase": "before_read", "rank": 0, "copies": 64, "bytes": 524288}
{"mock_phase": "read_complete", "rank": 0, "ret": 0, "bytes": 524288}
{"mock_phase": "before_read", "rank": 0, "copies": 64, "bytes": 524288}
{"mock_phase": "read_complete", "rank": 0, "ret": 0, "bytes": 524288}
{"mock_phase": "before_read", "rank": 0, "copies": 64, "bytes": 8192}
{"mock_phase": "read_complete", "rank": 0, "ret": 0, "bytes": 8192}
{"mock_phase": "before_read", "rank": 0, "copies": 64, "bytes": 8192}
{"mock_phase": "read_complete", "rank": 0, "ret": 0, "bytes": 8192}
{"mock_phase": "before_read", "rank": 0, "copies": 64, "bytes": 4194304}
{"mock_phase": "read_complete", "rank": 0, "ret": 0, "bytes": 4194304}
{"mock_phase": "before_read", "rank": 0, "copies": 64, "bytes": 4194304}
{"mock_phase": "read_complete", "rank": 0, "ret": 0, "bytes": 4194304}
{"mock_phase": "before_read", "rank": 0, "copies": 64, "bytes": 524288}
{"mock_phase": "read_complete", "rank": 0, "ret": 0, "bytes": 524288}
{"mock_phase": "before_read", "rank": 0, "copies": 64, "bytes": 524288}
{"mock_phase": "read_complete", "rank": 0, "ret": 0, "bytes": 524288}
{"mock_phase": "before_read", "rank": 0, "copies": 64, "bytes": 8192}
{"mock_phase": "read_complete", "rank": 0, "ret": 0, "bytes": 8192}
{"mock_phase": "before_read", "rank": 0, "copies": 64, "bytes": 8192}
{"mock_phase": "read_complete", "rank": 0, "ret": 0, "bytes": 8192}
{"mock_phase": "before_read", "rank": 0, "copies": 64, "bytes": 4194304}
{"mock_phase": "read_complete", "rank": 0, "ret": 0, "bytes": 4194304}
{"mock_phase": "before_read", "rank": 0, "copies": 64, "bytes": 4194304}
{"mock_phase": "read_complete", "rank": 0, "ret": 0, "bytes": 4194304}
{"mock_phase": "before_read", "rank": 0, "copies": 64, "bytes": 524288}
{"mock_phase": "read_complete", "rank": 0, "ret": 0, "bytes": 524288}
{"mock_phase": "before_read", "rank": 0, "copies": 64, "bytes": 524288}
{"mock_phase": "read_complete", "rank": 0, "ret": 0, "bytes": 524288}
{"mock_phase": "before_read", "rank": 0, "copies": 64, "bytes": 8192}
{"mock_phase": "read_complete", "rank": 0, "ret": 0, "bytes": 8192}
{"mock_phase": "before_read", "rank": 0, "copies": 64, "bytes": 8192}
{"mock_phase": "read_complete", "rank": 0, "ret": 0, "bytes": 8192}
{"mock_phase": "before_read", "rank": 0, "copies": 64, "bytes": 8388608}
{"mock_phase": "read_complete", "rank": 0, "ret": 0, "bytes": 8388608}
{"mock_phase": "before_read", "rank": 0, "copies": 64, "bytes": 8388608}
{"mock_phase": "read_complete", "rank": 0, "ret": 0, "bytes": 8388608}
{"mock_phase": "before_read", "rank": 0, "copies": 64, "bytes": 1048576}
{"mock_phase": "read_complete", "rank": 0, "ret": 0, "bytes": 1048576}
{"mock_phase": "before_read", "rank": 0, "copies": 64, "bytes": 1048576}
{"mock_phase": "read_complete", "rank": 0, "ret": 0, "bytes": 1048576}
{"mock_phase": "before_read", "rank": 0, "copies": 64, "bytes": 16384}
{"mock_phase": "read_complete", "rank": 0, "ret": 0, "bytes": 16384}
{"mock_phase": "before_read", "rank": 0, "copies": 64, "bytes": 16384}
{"mock_phase": "read_complete", "rank": 0, "ret": 0, "bytes": 16384}
{"mock_phase": "before_read", "rank": 0, "copies": 43, "bytes": 5636096}
{"mock_phase": "read_complete", "rank": 0, "ret": 0, "bytes": 5636096}
{"mock_phase": "planned", "request_id": "cmpl-b7c9f5ab5c20deee-0-92640f3f", "rank": 1, "pages": 1579, "bytes": 52903936}
{"mock_phase": "before_read", "rank": 1, "copies": 64, "bytes": 4194304}
{"mock_phase": "read_complete", "rank": 1, "ret": 0, "bytes": 4194304}
{"mock_phase": "before_read", "rank": 1, "copies": 64, "bytes": 4194304}
{"mock_phase": "read_complete", "rank": 1, "ret": 0, "bytes": 4194304}
{"mock_phase": "before_read", "rank": 1, "copies": 64, "bytes": 524288}
{"mock_phase": "read_complete", "rank": 1, "ret": 0, "bytes": 524288}
{"mock_phase": "before_read", "rank": 1, "copies": 64, "bytes": 524288}
{"mock_phase": "read_complete", "rank": 1, "ret": 0, "bytes": 524288}
{"mock_phase": "before_read", "rank": 1, "copies": 64, "bytes": 8192}
{"mock_phase": "read_complete", "rank": 1, "ret": 0, "bytes": 8192}
{"mock_phase": "before_read", "rank": 1, "copies": 64, "bytes": 8192}
{"mock_phase": "read_complete", "rank": 1, "ret": 0, "bytes": 8192}
{"mock_phase": "before_read", "rank": 1, "copies": 64, "bytes": 4194304}
{"mock_phase": "read_complete", "rank": 1, "ret": 0, "bytes": 4194304}
{"mock_phase": "before_read", "rank": 1, "copies": 64, "bytes": 4194304}
{"mock_phase": "read_complete", "rank": 1, "ret": 0, "bytes": 4194304}
{"mock_phase": "before_read", "rank": 1, "copies": 64, "bytes": 524288}
{"mock_phase": "read_complete", "rank": 1, "ret": 0, "bytes": 524288}
{"mock_phase": "before_read", "rank": 1, "copies": 64, "bytes": 524288}
{"mock_phase": "read_complete", "rank": 1, "ret": 0, "bytes": 524288}
{"mock_phase": "before_read", "rank": 1, "copies": 64, "bytes": 8192}
{"mock_phase": "read_complete", "rank": 1, "ret": 0, "bytes": 8192}
{"mock_phase": "before_read", "rank": 1, "copies": 64, "bytes": 8192}
{"mock_phase": "read_complete", "rank": 1, "ret": 0, "bytes": 8192}
{"mock_phase": "before_read", "rank": 1, "copies": 64, "bytes": 4194304}
{"mock_phase": "read_complete", "rank": 1, "ret": 0, "bytes": 4194304}
{"mock_phase": "before_read", "rank": 1, "copies": 64, "bytes": 4194304}
{"mock_phase": "read_complete", "rank": 1, "ret": 0, "bytes": 4194304}
{"mock_phase": "before_read", "rank": 1, "copies": 64, "bytes": 524288}
{"mock_phase": "read_complete", "rank": 1, "ret": 0, "bytes": 524288}
{"mock_phase": "before_read", "rank": 1, "copies": 64, "bytes": 524288}
{"mock_phase": "read_complete", "rank": 1, "ret": 0, "bytes": 524288}
{"mock_phase": "before_read", "rank": 1, "copies": 64, "bytes": 8192}
{"mock_phase": "read_complete", "rank": 1, "ret": 0, "bytes": 8192}
{"mock_phase": "before_read", "rank": 1, "copies": 64, "bytes": 8192}
{"mock_phase": "read_complete", "rank": 1, "ret": 0, "bytes": 8192}
{"mock_phase": "before_read", "rank": 1, "copies": 64, "bytes": 8388608}
{"mock_phase": "read_complete", "rank": 1, "ret": 0, "bytes": 8388608}
{"mock_phase": "before_read", "rank": 1, "copies": 64, "bytes": 8388608}
{"mock_phase": "read_complete", "rank": 1, "ret": 0, "bytes": 8388608}
{"mock_phase": "before_read", "rank": 1, "copies": 64, "bytes": 1048576}
{"mock_phase": "read_complete", "rank": 1, "ret": 0, "bytes": 1048576}
{"mock_phase": "before_read", "rank": 1, "copies": 64, "bytes": 1048576}
{"mock_phase": "read_complete", "rank": 1, "ret": 0, "bytes": 1048576}
{"mock_phase": "before_read", "rank": 1, "copies": 64, "bytes": 16384}
{"mock_phase": "read_complete", "rank": 1, "ret": 0, "bytes": 16384}
{"mock_phase": "before_read", "rank": 1, "copies": 64, "bytes": 16384}
{"mock_phase": "read_complete", "rank": 1, "ret": 0, "bytes": 16384}
{"mock_phase": "before_read", "rank": 1, "copies": 43, "bytes": 5636096}
{"mock_phase": "read_complete", "rank": 1, "ret": 0, "bytes": 5636096}
{"mock_phase": "planned", "request_id": "cmpl-b7c9f5ab5c20deee-0-92640f3f", "rank": 2, "pages": 1579, "bytes": 52903936}
{"mock_phase": "before_read", "rank": 2, "copies": 64, "bytes": 4194304}
{"mock_phase": "read_complete", "rank": 2, "ret": 0, "bytes": 4194304}
{"mock_phase": "before_read", "rank": 2, "copies": 64, "bytes": 4194304}
{"mock_phase": "read_complete", "rank": 2, "ret": 0, "bytes": 4194304}
{"mock_phase": "before_read", "rank": 2, "copies": 64, "bytes": 524288}
{"mock_phase": "read_complete", "rank": 2, "ret": 0, "bytes": 524288}
{"mock_phase": "before_read", "rank": 2, "copies": 64, "bytes": 524288}
{"mock_phase": "read_complete", "rank": 2, "ret": 0, "bytes": 524288}
{"mock_phase": "before_read", "rank": 2, "copies": 64, "bytes": 8192}
{"mock_phase": "read_complete", "rank": 2, "ret": 0, "bytes": 8192}
{"mock_phase": "before_read", "rank": 2, "copies": 64, "bytes": 8192}
{"mock_phase": "read_complete", "rank": 2, "ret": 0, "bytes": 8192}
{"mock_phase": "before_read", "rank": 2, "copies": 64, "bytes": 4194304}
{"mock_phase": "read_complete", "rank": 2, "ret": 0, "bytes": 4194304}
{"mock_phase": "before_read", "rank": 2, "copies": 64, "bytes": 4194304}
{"mock_phase": "read_complete", "rank": 2, "ret": 0, "bytes": 4194304}
{"mock_phase": "before_read", "rank": 2, "copies": 64, "bytes": 524288}
{"mock_phase": "read_complete", "rank": 2, "ret": 0, "bytes": 524288}
{"mock_phase": "before_read", "rank": 2, "copies": 64, "bytes": 524288}
{"mock_phase": "read_complete", "rank": 2, "ret": 0, "bytes": 524288}
{"mock_phase": "before_read", "rank": 2, "copies": 64, "bytes": 8192}
{"mock_phase": "read_complete", "rank": 2, "ret": 0, "bytes": 8192}
{"mock_phase": "before_read", "rank": 2, "copies": 64, "bytes": 8192}
{"mock_phase": "read_complete", "rank": 2, "ret": 0, "bytes": 8192}
{"mock_phase": "before_read", "rank": 2, "copies": 64, "bytes": 4194304}
{"mock_phase": "read_complete", "rank": 2, "ret": 0, "bytes": 4194304}
{"mock_phase": "before_read", "rank": 2, "copies": 64, "bytes": 4194304}
{"mock_phase": "read_complete", "rank": 2, "ret": 0, "bytes": 4194304}
{"mock_phase": "before_read", "rank": 2, "copies": 64, "bytes": 524288}
{"mock_phase": "read_complete", "rank": 2, "ret": 0, "bytes": 524288}
{"mock_phase": "before_read", "rank": 2, "copies": 64, "bytes": 524288}
{"mock_phase": "read_complete", "rank": 2, "ret": 0, "bytes": 524288}
{"mock_phase": "before_read", "rank": 2, "copies": 64, "bytes": 8192}
{"mock_phase": "read_complete", "rank": 2, "ret": 0, "bytes": 8192}
{"mock_phase": "before_read", "rank": 2, "copies": 64, "bytes": 8192}
{"mock_phase": "read_complete", "rank": 2, "ret": 0, "bytes": 8192}
{"mock_phase": "before_read", "rank": 2, "copies": 64, "bytes": 8388608}
{"mock_phase": "read_complete", "rank": 2, "ret": 0, "bytes": 8388608}
{"mock_phase": "before_read", "rank": 2, "copies": 64, "bytes": 8388608}
{"mock_phase": "read_complete", "rank": 2, "ret": 0, "bytes": 8388608}
{"mock_phase": "before_read", "rank": 2, "copies": 64, "bytes": 1048576}
{"mock_phase": "read_complete", "rank": 2, "ret": 0, "bytes": 1048576}
{"mock_phase": "before_read", "rank": 2, "copies": 64, "bytes": 1048576}
{"mock_phase": "read_complete", "rank": 2, "ret": 0, "bytes": 1048576}
{"mock_phase": "before_read", "rank": 2, "copies": 64, "bytes": 16384}
{"mock_phase": "read_complete", "rank": 2, "ret": 0, "bytes": 16384}
{"mock_phase": "before_read", "rank": 2, "copies": 64, "bytes": 16384}
{"mock_phase": "read_complete", "rank": 2, "ret": 0, "bytes": 16384}
{"mock_phase": "before_read", "rank": 2, "copies": 43, "bytes": 5636096}
{"mock_phase": "read_complete", "rank": 2, "ret": 0, "bytes": 5636096}
{"mock_phase": "planned", "request_id": "cmpl-b7c9f5ab5c20deee-0-92640f3f", "rank": 3, "pages": 1579, "bytes": 52903936}
{"mock_phase": "before_read", "rank": 3, "copies": 64, "bytes": 4194304}
{"mock_phase": "read_complete", "rank": 3, "ret": 0, "bytes": 4194304}
{"mock_phase": "before_read", "rank": 3, "copies": 64, "bytes": 4194304}
{"mock_phase": "read_complete", "rank": 3, "ret": 0, "bytes": 4194304}
{"mock_phase": "before_read", "rank": 3, "copies": 64, "bytes": 524288}
{"mock_phase": "read_complete", "rank": 3, "ret": 0, "bytes": 524288}
{"mock_phase": "before_read", "rank": 3, "copies": 64, "bytes": 524288}
{"mock_phase": "read_complete", "rank": 3, "ret": 0, "bytes": 524288}
{"mock_phase": "before_read", "rank": 3, "copies": 64, "bytes": 8192}
{"mock_phase": "read_complete", "rank": 3, "ret": 0, "bytes": 8192}
{"mock_phase": "before_read", "rank": 3, "copies": 64, "bytes": 8192}
{"mock_phase": "read_complete", "rank": 3, "ret": 0, "bytes": 8192}
{"mock_phase": "before_read", "rank": 3, "copies": 64, "bytes": 4194304}
{"mock_phase": "read_complete", "rank": 3, "ret": 0, "bytes": 4194304}
{"mock_phase": "before_read", "rank": 3, "copies": 64, "bytes": 4194304}
{"mock_phase": "read_complete", "rank": 3, "ret": 0, "bytes": 4194304}
{"mock_phase": "before_read", "rank": 3, "copies": 64, "bytes": 524288}
{"mock_phase": "read_complete", "rank": 3, "ret": 0, "bytes": 524288}
{"mock_phase": "before_read", "rank": 3, "copies": 64, "bytes": 524288}
{"mock_phase": "read_complete", "rank": 3, "ret": 0, "bytes": 524288}
{"mock_phase": "before_read", "rank": 3, "copies": 64, "bytes": 8192}
{"mock_phase": "read_complete", "rank": 3, "ret": 0, "bytes": 8192}
{"mock_phase": "before_read", "rank": 3, "copies": 64, "bytes": 8192}
{"mock_phase": "read_complete", "rank": 3, "ret": 0, "bytes": 8192}
{"mock_phase": "before_read", "rank": 3, "copies": 64, "bytes": 4194304}
{"mock_phase": "read_complete", "rank": 3, "ret": 0, "bytes": 4194304}
{"mock_phase": "before_read", "rank": 3, "copies": 64, "bytes": 4194304}
{"mock_phase": "read_complete", "rank": 3, "ret": 0, "bytes": 4194304}
{"mock_phase": "before_read", "rank": 3, "copies": 64, "bytes": 524288}
{"mock_phase": "read_complete", "rank": 3, "ret": 0, "bytes": 524288}
{"mock_phase": "before_read", "rank": 3, "copies": 64, "bytes": 524288}
{"mock_phase": "read_complete", "rank": 3, "ret": 0, "bytes": 524288}
{"mock_phase": "before_read", "rank": 3, "copies": 64, "bytes": 8192}
{"mock_phase": "read_complete", "rank": 3, "ret": 0, "bytes": 8192}
{"mock_phase": "before_read", "rank": 3, "copies": 64, "bytes": 8192}
{"mock_phase": "read_complete", "rank": 3, "ret": 0, "bytes": 8192}
{"mock_phase": "before_read", "rank": 3, "copies": 64, "bytes": 8388608}
{"mock_phase": "read_complete", "rank": 3, "ret": 0, "bytes": 8388608}
{"mock_phase": "before_read", "rank": 3, "copies": 64, "bytes": 8388608}
{"mock_phase": "read_complete", "rank": 3, "ret": 0, "bytes": 8388608}
{"mock_phase": "before_read", "rank": 3, "copies": 64, "bytes": 1048576}
{"mock_phase": "read_complete", "rank": 3, "ret": 0, "bytes": 1048576}
{"mock_phase": "before_read", "rank": 3, "copies": 64, "bytes": 1048576}
{"mock_phase": "read_complete", "rank": 3, "ret": 0, "bytes": 1048576}
{"mock_phase": "before_read", "rank": 3, "copies": 64, "bytes": 16384}
{"mock_phase": "read_complete", "rank": 3, "ret": 0, "bytes": 16384}
{"mock_phase": "before_read", "rank": 3, "copies": 64, "bytes": 16384}
{"mock_phase": "read_complete", "rank": 3, "ret": 0, "bytes": 16384}
{"mock_phase": "before_read", "rank": 3, "copies": 43, "bytes": 5636096}
{"mock_phase": "read_complete", "rank": 3, "ret": 0, "bytes": 5636096}
{"mock_phase": "planned", "request_id": "cmpl-b7c9f5ab5c20deee-0-92640f3f", "rank": 4, "pages": 1579, "bytes": 52903936}
{"mock_phase": "before_read", "rank": 4, "copies": 64, "bytes": 4194304}
{"mock_phase": "read_complete", "rank": 4, "ret": 0, "bytes": 4194304}
{"mock_phase": "before_read", "rank": 4, "copies": 64, "bytes": 4194304}
{"mock_phase": "read_complete", "rank": 4, "ret": 0, "bytes": 4194304}
{"mock_phase": "before_read", "rank": 4, "copies": 64, "bytes": 524288}
{"mock_phase": "read_complete", "rank": 4, "ret": 0, "bytes": 524288}
{"mock_phase": "before_read", "rank": 4, "copies": 64, "bytes": 524288}
{"mock_phase": "read_complete", "rank": 4, "ret": 0, "bytes": 524288}
{"mock_phase": "before_read", "rank": 4, "copies": 64, "bytes": 8192}
{"mock_phase": "read_complete", "rank": 4, "ret": 0, "bytes": 8192}
{"mock_phase": "before_read", "rank": 4, "copies": 64, "bytes": 8192}
{"mock_phase": "read_complete", "rank": 4, "ret": 0, "bytes": 8192}
{"mock_phase": "before_read", "rank": 4, "copies": 64, "bytes": 4194304}
{"mock_phase": "read_complete", "rank": 4, "ret": 0, "bytes": 4194304}
{"mock_phase": "before_read", "rank": 4, "copies": 64, "bytes": 4194304}
{"mock_phase": "read_complete", "rank": 4, "ret": 0, "bytes": 4194304}
{"mock_phase": "before_read", "rank": 4, "copies": 64, "bytes": 524288}
{"mock_phase": "read_complete", "rank": 4, "ret": 0, "bytes": 524288}
{"mock_phase": "before_read", "rank": 4, "copies": 64, "bytes": 524288}
{"mock_phase": "read_complete", "rank": 4, "ret": 0, "bytes": 524288}
{"mock_phase": "before_read", "rank": 4, "copies": 64, "bytes": 8192}
{"mock_phase": "read_complete", "rank": 4, "ret": 0, "bytes": 8192}
{"mock_phase": "before_read", "rank": 4, "copies": 64, "bytes": 8192}
{"mock_phase": "read_complete", "rank": 4, "ret": 0, "bytes": 8192}
{"mock_phase": "before_read", "rank": 4, "copies": 64, "bytes": 4194304}
{"mock_phase": "read_complete", "rank": 4, "ret": 0, "bytes": 4194304}
{"mock_phase": "before_read", "rank": 4, "copies": 64, "bytes": 4194304}
{"mock_phase": "read_complete", "rank": 4, "ret": 0, "bytes": 4194304}
{"mock_phase": "before_read", "rank": 4, "copies": 64, "bytes": 524288}
{"mock_phase": "read_complete", "rank": 4, "ret": 0, "bytes": 524288}
{"mock_phase": "before_read", "rank": 4, "copies": 64, "bytes": 524288}
{"mock_phase": "read_complete", "rank": 4, "ret": 0, "bytes": 524288}
{"mock_phase": "before_read", "rank": 4, "copies": 64, "bytes": 8192}
{"mock_phase": "read_complete", "rank": 4, "ret": 0, "bytes": 8192}
{"mock_phase": "before_read", "rank": 4, "copies": 64, "bytes": 8192}
{"mock_phase": "read_complete", "rank": 4, "ret": 0, "bytes": 8192}
{"mock_phase": "before_read", "rank": 4, "copies": 64, "bytes": 8388608}
{"mock_phase": "read_complete", "rank": 4, "ret": 0, "bytes": 8388608}
{"mock_phase": "before_read", "rank": 4, "copies": 64, "bytes": 8388608}
{"mock_phase": "read_complete", "rank": 4, "ret": 0, "bytes": 8388608}
{"mock_phase": "before_read", "rank": 4, "copies": 64, "bytes": 1048576}
{"mock_phase": "read_complete", "rank": 4, "ret": 0, "bytes": 1048576}
{"mock_phase": "before_read", "rank": 4, "copies": 64, "bytes": 1048576}
{"mock_phase": "read_complete", "rank": 4, "ret": 0, "bytes": 1048576}
{"mock_phase": "before_read", "rank": 4, "copies": 64, "bytes": 16384}
{"mock_phase": "read_complete", "rank": 4, "ret": 0, "bytes": 16384}
{"mock_phase": "before_read", "rank": 4, "copies": 64, "bytes": 16384}
{"mock_phase": "read_complete", "rank": 4, "ret": 0, "bytes": 16384}
{"mock_phase": "before_read", "rank": 4, "copies": 43, "bytes": 5636096}
{"mock_phase": "read_complete", "rank": 4, "ret": 0, "bytes": 5636096}
{"mock_phase": "planned", "request_id": "cmpl-b7c9f5ab5c20deee-0-92640f3f", "rank": 5, "pages": 1579, "bytes": 52903936}
{"mock_phase": "before_read", "rank": 5, "copies": 64, "bytes": 4194304}
{"mock_phase": "read_complete", "rank": 5, "ret": 0, "bytes": 4194304}
{"mock_phase": "before_read", "rank": 5, "copies": 64, "bytes": 4194304}
{"mock_phase": "read_complete", "rank": 5, "ret": 0, "bytes": 4194304}
{"mock_phase": "before_read", "rank": 5, "copies": 64, "bytes": 524288}
{"mock_phase": "read_complete", "rank": 5, "ret": 0, "bytes": 524288}
{"mock_phase": "before_read", "rank": 5, "copies": 64, "bytes": 524288}
{"mock_phase": "read_complete", "rank": 5, "ret": 0, "bytes": 524288}
{"mock_phase": "before_read", "rank": 5, "copies": 64, "bytes": 8192}
{"mock_phase": "read_complete", "rank": 5, "ret": 0, "bytes": 8192}
{"mock_phase": "before_read", "rank": 5, "copies": 64, "bytes": 8192}
{"mock_phase": "read_complete", "rank": 5, "ret": 0, "bytes": 8192}
{"mock_phase": "before_read", "rank": 5, "copies": 64, "bytes": 4194304}
{"mock_phase": "read_complete", "rank": 5, "ret": 0, "bytes": 4194304}
{"mock_phase": "before_read", "rank": 5, "copies": 64, "bytes": 4194304}
{"mock_phase": "read_complete", "rank": 5, "ret": 0, "bytes": 4194304}
{"mock_phase": "before_read", "rank": 5, "copies": 64, "bytes": 524288}
{"mock_phase": "read_complete", "rank": 5, "ret": 0, "bytes": 524288}
{"mock_phase": "before_read", "rank": 5, "copies": 64, "bytes": 524288}
{"mock_phase": "read_complete", "rank": 5, "ret": 0, "bytes": 524288}
{"mock_phase": "before_read", "rank": 5, "copies": 64, "bytes": 8192}
{"mock_phase": "read_complete", "rank": 5, "ret": 0, "bytes": 8192}
{"mock_phase": "before_read", "rank": 5, "copies": 64, "bytes": 8192}
{"mock_phase": "read_complete", "rank": 5, "ret": 0, "bytes": 8192}
{"mock_phase": "before_read", "rank": 5, "copies": 64, "bytes": 4194304}
{"mock_phase": "read_complete", "rank": 5, "ret": 0, "bytes": 4194304}
{"mock_phase": "before_read", "rank": 5, "copies": 64, "bytes": 4194304}
{"mock_phase": "read_complete", "rank": 5, "ret": 0, "bytes": 4194304}
{"mock_phase": "before_read", "rank": 5, "copies": 64, "bytes": 524288}
{"mock_phase": "read_complete", "rank": 5, "ret": 0, "bytes": 524288}
{"mock_phase": "before_read", "rank": 5, "copies": 64, "bytes": 524288}
{"mock_phase": "read_complete", "rank": 5, "ret": 0, "bytes": 524288}
{"mock_phase": "before_read", "rank": 5, "copies": 64, "bytes": 8192}
{"mock_phase": "read_complete", "rank": 5, "ret": 0, "bytes": 8192}
{"mock_phase": "before_read", "rank": 5, "copies": 64, "bytes": 8192}
{"mock_phase": "read_complete", "rank": 5, "ret": 0, "bytes": 8192}
{"mock_phase": "before_read", "rank": 5, "copies": 64, "bytes": 8388608}
{"mock_phase": "read_complete", "rank": 5, "ret": 0, "bytes": 8388608}
{"mock_phase": "before_read", "rank": 5, "copies": 64, "bytes": 8388608}
{"mock_phase": "read_complete", "rank": 5, "ret": 0, "bytes": 8388608}
{"mock_phase": "before_read", "rank": 5, "copies": 64, "bytes": 1048576}
{"mock_phase": "read_complete", "rank": 5, "ret": 0, "bytes": 1048576}
{"mock_phase": "before_read", "rank": 5, "copies": 64, "bytes": 1048576}
{"mock_phase": "read_complete", "rank": 5, "ret": 0, "bytes": 1048576}
{"mock_phase": "before_read", "rank": 5, "copies": 64, "bytes": 16384}
{"mock_phase": "read_complete", "rank": 5, "ret": 0, "bytes": 16384}
{"mock_phase": "before_read", "rank": 5, "copies": 64, "bytes": 16384}
{"mock_phase": "read_complete", "rank": 5, "ret": 0, "bytes": 16384}
{"mock_phase": "before_read", "rank": 5, "copies": 43, "bytes": 5636096}
{"mock_phase": "read_complete", "rank": 5, "ret": 0, "bytes": 5636096}
{"mock_phase": "planned", "request_id": "cmpl-b7c9f5ab5c20deee-0-92640f3f", "rank": 6, "pages": 1579, "bytes": 52903936}
{"mock_phase": "before_read", "rank": 6, "copies": 64, "bytes": 4194304}
{"mock_phase": "read_complete", "rank": 6, "ret": 0, "bytes": 4194304}
{"mock_phase": "before_read", "rank": 6, "copies": 64, "bytes": 4194304}
{"mock_phase": "read_complete", "rank": 6, "ret": 0, "bytes": 4194304}
{"mock_phase": "before_read", "rank": 6, "copies": 64, "bytes": 524288}
{"mock_phase": "read_complete", "rank": 6, "ret": 0, "bytes": 524288}
{"mock_phase": "before_read", "rank": 6, "copies": 64, "bytes": 524288}
{"mock_phase": "read_complete", "rank": 6, "ret": 0, "bytes": 524288}
{"mock_phase": "before_read", "rank": 6, "copies": 64, "bytes": 8192}
{"mock_phase": "read_complete", "rank": 6, "ret": 0, "bytes": 8192}
{"mock_phase": "before_read", "rank": 6, "copies": 64, "bytes": 8192}
{"mock_phase": "read_complete", "rank": 6, "ret": 0, "bytes": 8192}
{"mock_phase": "before_read", "rank": 6, "copies": 64, "bytes": 4194304}
{"mock_phase": "read_complete", "rank": 6, "ret": 0, "bytes": 4194304}
{"mock_phase": "before_read", "rank": 6, "copies": 64, "bytes": 4194304}
{"mock_phase": "read_complete", "rank": 6, "ret": 0, "bytes": 4194304}
{"mock_phase": "before_read", "rank": 6, "copies": 64, "bytes": 524288}
{"mock_phase": "read_complete", "rank": 6, "ret": 0, "bytes": 524288}
{"mock_phase": "before_read", "rank": 6, "copies": 64, "bytes": 524288}
{"mock_phase": "read_complete", "rank": 6, "ret": 0, "bytes": 524288}
{"mock_phase": "before_read", "rank": 6, "copies": 64, "bytes": 8192}
{"mock_phase": "read_complete", "rank": 6, "ret": 0, "bytes": 8192}
{"mock_phase": "before_read", "rank": 6, "copies": 64, "bytes": 8192}
{"mock_phase": "read_complete", "rank": 6, "ret": 0, "bytes": 8192}
{"mock_phase": "before_read", "rank": 6, "copies": 64, "bytes": 4194304}
{"mock_phase": "read_complete", "rank": 6, "ret": 0, "bytes": 4194304}
{"mock_phase": "before_read", "rank": 6, "copies": 64, "bytes": 4194304}
{"mock_phase": "read_complete", "rank": 6, "ret": 0, "bytes": 4194304}
{"mock_phase": "before_read", "rank": 6, "copies": 64, "bytes": 524288}
{"mock_phase": "read_complete", "rank": 6, "ret": 0, "bytes": 524288}
{"mock_phase": "before_read", "rank": 6, "copies": 64, "bytes": 524288}
{"mock_phase": "read_complete", "rank": 6, "ret": 0, "bytes": 524288}
{"mock_phase": "before_read", "rank": 6, "copies": 64, "bytes": 8192}
{"mock_phase": "read_complete", "rank": 6, "ret": 0, "bytes": 8192}
{"mock_phase": "before_read", "rank": 6, "copies": 64, "bytes": 8192}
{"mock_phase": "read_complete", "rank": 6, "ret": 0, "bytes": 8192}
{"mock_phase": "before_read", "rank": 6, "copies": 64, "bytes": 8388608}
{"mock_phase": "read_complete", "rank": 6, "ret": 0, "bytes": 8388608}
{"mock_phase": "before_read", "rank": 6, "copies": 64, "bytes": 8388608}
{"mock_phase": "read_complete", "rank": 6, "ret": 0, "bytes": 8388608}
{"mock_phase": "before_read", "rank": 6, "copies": 64, "bytes": 1048576}
{"mock_phase": "read_complete", "rank": 6, "ret": 0, "bytes": 1048576}
{"mock_phase": "before_read", "rank": 6, "copies": 64, "bytes": 1048576}
{"mock_phase": "read_complete", "rank": 6, "ret": 0, "bytes": 1048576}
{"mock_phase": "before_read", "rank": 6, "copies": 64, "bytes": 16384}
{"mock_phase": "read_complete", "rank": 6, "ret": 0, "bytes": 16384}
{"mock_phase": "before_read", "rank": 6, "copies": 64, "bytes": 16384}
{"mock_phase": "read_complete", "rank": 6, "ret": 0, "bytes": 16384}
{"mock_phase": "before_read", "rank": 6, "copies": 43, "bytes": 5636096}
{"mock_phase": "read_complete", "rank": 6, "ret": 0, "bytes": 5636096}
{"mock_phase": "planned", "request_id": "cmpl-b7c9f5ab5c20deee-0-92640f3f", "rank": 7, "pages": 1579, "bytes": 52903936}
{"mock_phase": "before_read", "rank": 7, "copies": 64, "bytes": 4194304}
{"mock_phase": "read_complete", "rank": 7, "ret": 0, "bytes": 4194304}
{"mock_phase": "before_read", "rank": 7, "copies": 64, "bytes": 4194304}
{"mock_phase": "read_complete", "rank": 7, "ret": 0, "bytes": 4194304}
{"mock_phase": "before_read", "rank": 7, "copies": 64, "bytes": 524288}
{"mock_phase": "read_complete", "rank": 7, "ret": 0, "bytes": 524288}
{"mock_phase": "before_read", "rank": 7, "copies": 64, "bytes": 524288}
{"mock_phase": "read_complete", "rank": 7, "ret": 0, "bytes": 524288}
{"mock_phase": "before_read", "rank": 7, "copies": 64, "bytes": 8192}
{"mock_phase": "read_complete", "rank": 7, "ret": 0, "bytes": 8192}
{"mock_phase": "before_read", "rank": 7, "copies": 64, "bytes": 8192}
{"mock_phase": "read_complete", "rank": 7, "ret": 0, "bytes": 8192}
{"mock_phase": "before_read", "rank": 7, "copies": 64, "bytes": 4194304}
{"mock_phase": "read_complete", "rank": 7, "ret": 0, "bytes": 4194304}
{"mock_phase": "before_read", "rank": 7, "copies": 64, "bytes": 4194304}
{"mock_phase": "read_complete", "rank": 7, "ret": 0, "bytes": 4194304}
{"mock_phase": "before_read", "rank": 7, "copies": 64, "bytes": 524288}
{"mock_phase": "read_complete", "rank": 7, "ret": 0, "bytes": 524288}
{"mock_phase": "before_read", "rank": 7, "copies": 64, "bytes": 524288}
{"mock_phase": "read_complete", "rank": 7, "ret": 0, "bytes": 524288}
{"mock_phase": "before_read", "rank": 7, "copies": 64, "bytes": 8192}
{"mock_phase": "read_complete", "rank": 7, "ret": 0, "bytes": 8192}
{"mock_phase": "before_read", "rank": 7, "copies": 64, "bytes": 8192}
{"mock_phase": "read_complete", "rank": 7, "ret": 0, "bytes": 8192}
{"mock_phase": "before_read", "rank": 7, "copies": 64, "bytes": 4194304}
{"mock_phase": "read_complete", "rank": 7, "ret": 0, "bytes": 4194304}
{"mock_phase": "before_read", "rank": 7, "copies": 64, "bytes": 4194304}
{"mock_phase": "read_complete", "rank": 7, "ret": 0, "bytes": 4194304}
{"mock_phase": "before_read", "rank": 7, "copies": 64, "bytes": 524288}
{"mock_phase": "read_complete", "rank": 7, "ret": 0, "bytes": 524288}
{"mock_phase": "before_read", "rank": 7, "copies": 64, "bytes": 524288}
{"mock_phase": "read_complete", "rank": 7, "ret": 0, "bytes": 524288}
{"mock_phase": "before_read", "rank": 7, "copies": 64, "bytes": 8192}
{"mock_phase": "read_complete", "rank": 7, "ret": 0, "bytes": 8192}
{"mock_phase": "before_read", "rank": 7, "copies": 64, "bytes": 8192}
{"mock_phase": "read_complete", "rank": 7, "ret": 0, "bytes": 8192}
{"mock_phase": "before_read", "rank": 7, "copies": 64, "bytes": 8388608}
{"mock_phase": "read_complete", "rank": 7, "ret": 0, "bytes": 8388608}
{"mock_phase": "before_read", "rank": 7, "copies": 64, "bytes": 8388608}
{"mock_phase": "read_complete", "rank": 7, "ret": 0, "bytes": 8388608}
{"mock_phase": "before_read", "rank": 7, "copies": 64, "bytes": 1048576}
{"mock_phase": "read_complete", "rank": 7, "ret": 0, "bytes": 1048576}
{"mock_phase": "before_read", "rank": 7, "copies": 64, "bytes": 1048576}
{"mock_phase": "read_complete", "rank": 7, "ret": 0, "bytes": 1048576}
{"mock_phase": "before_read", "rank": 7, "copies": 64, "bytes": 16384}
{"mock_phase": "read_complete", "rank": 7, "ret": 0, "bytes": 16384}
{"mock_phase": "before_read", "rank": 7, "copies": 64, "bytes": 16384}
{"mock_phase": "read_complete", "rank": 7, "ret": 0, "bytes": 16384}
{"mock_phase": "before_read", "rank": 7, "copies": 43, "bytes": 5636096}
{"mock_phase": "read_complete", "rank": 7, "ret": 0, "bytes": 5636096}
{"ok": true, "request_id": "cmpl-b7c9f5ab5c20deee-0-92640f3f", "ranks": [{"rank": 0, "bytes": 52903936, "read_s": 0.012442759703844786, "hash_s": 0.07072577206417918, "nonzero_groups": [0, 1, 2, 3, 4, 5, 6]}, {"rank": 1, "bytes": 52903936, "read_s": 0.011672480497509241, "hash_s": 0.07044204091653228, "nonzero_groups": [0, 1, 2, 3, 4, 5, 6]}, {"rank": 2, "bytes": 52903936, "read_s": 0.01197452936321497, "hash_s": 0.0701081994920969, "nonzero_groups": [0, 1, 2, 3, 4, 5, 6]}, {"rank": 3, "bytes": 52903936, "read_s": 0.011990951374173164, "hash_s": 0.07034041034057736, "nonzero_groups": [0, 1, 2, 3, 4, 5, 6]}, {"rank": 4, "bytes": 52903936, "read_s": 0.011995548382401466, "hash_s": 0.07048332039266825, "nonzero_groups": [0, 1, 2, 3, 4, 5, 6]}, {"rank": 5, "bytes": 52903936, "read_s": 0.012109699659049511, "hash_s": 0.06959160137921572, "nonzero_groups": [0, 1, 2, 3, 4, 5, 6]}, {"rank": 6, "bytes": 52903936, "read_s": 0.0118528394959867, "hash_s": 0.07062129164114594, "nonzero_groups": [0, 1, 2, 3, 4, 5, 6]}, {"rank": 7, "bytes": 52903936, "read_s": 0.01162437116727233, "hash_s": 0.07073098048567772, "nonzero_groups": [0, 1, 2, 3, 4, 5, 6]}], "bytes": 423231488, "consume_s": 0.7049817498773336, "ack_s": 0.0024838801473379135, "total_s": 0.7074658600613475, "hold_ms": 0}
127.0.0.1 - - [09/Oct/2026 07:22:47] "POST /consume HTTP/1.1" 200 -
{"mock_phase": "planned", "request_id": "cmpl-8359977d3db883c3-0-9d642735", "rank": 0, "pages": 1579, "bytes": 52903936}
{"mock_phase": "before_read", "rank": 0, "copies": 64, "bytes": 4194304}
{"mock_phase": "read_complete", "rank": 0, "ret": 0, "bytes": 4194304}
{"mock_phase": "before_read", "rank": 0, "copies": 64, "bytes": 4194304}
{"mock_phase": "read_complete", "rank": 0, "ret": 0, "bytes": 4194304}
{"mock_phase": "before_read", "rank": 0, "copies": 64, "bytes": 524288}
{"mock_phase": "read_complete", "rank": 0, "ret": 0, "bytes": 524288}
{"mock_phase": "before_read", "rank": 0, "copies": 64, "bytes": 524288}
{"mock_phase": "read_complete", "rank": 0, "ret": 0, "bytes": 524288}
{"mock_phase": "before_read", "rank": 0, "copies": 64, "bytes": 8192}
{"mock_phase": "read_complete", "rank": 0, "ret": 0, "bytes": 8192}
{"mock_phase": "before_read", "rank": 0, "copies": 64, "bytes": 8192}
{"mock_phase": "read_complete", "rank": 0, "ret": 0, "bytes": 8192}
{"mock_phase": "before_read", "rank": 0, "copies": 64, "bytes": 4194304}
{"mock_phase": "read_complete", "rank": 0, "ret": 0, "bytes": 4194304}
{"mock_phase": "before_read", "rank": 0, "copies": 64, "bytes": 4194304}
{"mock_phase": "read_complete", "rank": 0, "ret": 0, "bytes": 4194304}
{"mock_phase": "before_read", "rank": 0, "copies": 64, "bytes": 524288}
{"mock_phase": "read_complete", "rank": 0, "ret": 0, "bytes": 524288}
{"mock_phase": "before_read", "rank": 0, "copies": 64, "bytes": 524288}
{"mock_phase": "read_complete", "rank": 0, "ret": 0, "bytes": 524288}
{"mock_phase": "before_read", "rank": 0, "copies": 64, "bytes": 8192}
{"mock_phase": "read_complete", "rank": 0, "ret": 0, "bytes": 8192}
{"mock_phase": "before_read", "rank": 0, "copies": 64, "bytes": 8192}
{"mock_phase": "read_complete", "rank": 0, "ret": 0, "bytes": 8192}
{"mock_phase": "before_read", "rank": 0, "copies": 64, "bytes": 4194304}
{"mock_phase": "read_complete", "rank": 0, "ret": 0, "bytes": 4194304}
{"mock_phase": "before_read", "rank": 0, "copies": 64, "bytes": 4194304}
{"mock_phase": "read_complete", "rank": 0, "ret": 0, "bytes": 4194304}
{"mock_phase": "before_read", "rank": 0, "copies": 64, "bytes": 524288}
{"mock_phase": "read_complete", "rank": 0, "ret": 0, "bytes": 524288}
{"mock_phase": "before_read", "rank": 0, "copies": 64, "bytes": 524288}
{"mock_phase": "read_complete", "rank": 0, "ret": 0, "bytes": 524288}
{"mock_phase": "before_read", "rank": 0, "copies": 64, "bytes": 8192}
{"mock_phase": "read_complete", "rank": 0, "ret": 0, "bytes": 8192}
{"mock_phase": "before_read", "rank": 0, "copies": 64, "bytes": 8192}
{"mock_phase": "read_complete", "rank": 0, "ret": 0, "bytes": 8192}
{"mock_phase": "before_read", "rank": 0, "copies": 64, "bytes": 8388608}
{"mock_phase": "read_complete", "rank": 0, "ret": 0, "bytes": 8388608}
{"mock_phase": "before_read", "rank": 0, "copies": 64, "bytes": 8388608}
{"mock_phase": "read_complete", "rank": 0, "ret": 0, "bytes": 8388608}
{"mock_phase": "before_read", "rank": 0, "copies": 64, "bytes": 1048576}
{"mock_phase": "read_complete", "rank": 0, "ret": 0, "bytes": 1048576}
{"mock_phase": "before_read", "rank": 0, "copies": 64, "bytes": 1048576}
{"mock_phase": "read_complete", "rank": 0, "ret": 0, "bytes": 1048576}
{"mock_phase": "before_read", "rank": 0, "copies": 64, "bytes": 16384}
{"mock_phase": "read_complete", "rank": 0, "ret": 0, "bytes": 16384}
{"mock_phase": "before_read", "rank": 0, "copies": 64, "bytes": 16384}
{"mock_phase": "read_complete", "rank": 0, "ret": 0, "bytes": 16384}
{"mock_phase": "before_read", "rank": 0, "copies": 43, "bytes": 5636096}
{"mock_phase": "read_complete", "rank": 0, "ret": 0, "bytes": 5636096}
{"mock_phase": "planned", "request_id": "cmpl-8359977d3db883c3-0-9d642735", "rank": 1, "pages": 1579, "bytes": 52903936}
{"mock_phase": "before_read", "rank": 1, "copies": 64, "bytes": 4194304}
{"mock_phase": "read_complete", "rank": 1, "ret": 0, "bytes": 4194304}
{"mock_phase": "before_read", "rank": 1, "copies": 64, "bytes": 4194304}
{"mock_phase": "read_complete", "rank": 1, "ret": 0, "bytes": 4194304}
{"mock_phase": "before_read", "rank": 1, "copies": 64, "bytes": 524288}
{"mock_phase": "read_complete", "rank": 1, "ret": 0, "bytes": 524288}
{"mock_phase": "before_read", "rank": 1, "copies": 64, "bytes": 524288}
{"mock_phase": "read_complete", "rank": 1, "ret": 0, "bytes": 524288}
{"mock_phase": "before_read", "rank": 1, "copies": 64, "bytes": 8192}
{"mock_phase": "read_complete", "rank": 1, "ret": 0, "bytes": 8192}
{"mock_phase": "before_read", "rank": 1, "copies": 64, "bytes": 8192}
{"mock_phase": "read_complete", "rank": 1, "ret": 0, "bytes": 8192}
{"mock_phase": "before_read", "rank": 1, "copies": 64, "bytes": 4194304}
{"mock_phase": "read_complete", "rank": 1, "ret": 0, "bytes": 4194304}
{"mock_phase": "before_read", "rank": 1, "copies": 64, "bytes": 4194304}
{"mock_phase": "read_complete", "rank": 1, "ret": 0, "bytes": 4194304}
{"mock_phase": "before_read", "rank": 1, "copies": 64, "bytes": 524288}
{"mock_phase": "read_complete", "rank": 1, "ret": 0, "bytes": 524288}
{"mock_phase": "before_read", "rank": 1, "copies": 64, "bytes": 524288}
{"mock_phase": "read_complete", "rank": 1, "ret": 0, "bytes": 524288}
{"mock_phase": "before_read", "rank": 1, "copies": 64, "bytes": 8192}
{"mock_phase": "read_complete", "rank": 1, "ret": 0, "bytes": 8192}
{"mock_phase": "before_read", "rank": 1, "copies": 64, "bytes": 8192}
{"mock_phase": "read_complete", "rank": 1, "ret": 0, "bytes": 8192}
{"mock_phase": "before_read", "rank": 1, "copies": 64, "bytes": 4194304}
{"mock_phase": "read_complete", "rank": 1, "ret": 0, "bytes": 4194304}
{"mock_phase": "before_read", "rank": 1, "copies": 64, "bytes": 4194304}
{"mock_phase": "read_complete", "rank": 1, "ret": 0, "bytes": 4194304}
{"mock_phase": "before_read", "rank": 1, "copies": 64, "bytes": 524288}
{"mock_phase": "read_complete", "rank": 1, "ret": 0, "bytes": 524288}
{"mock_phase": "before_read", "rank": 1, "copies": 64, "bytes": 524288}
{"mock_phase": "read_complete", "rank": 1, "ret": 0, "bytes": 524288}
{"mock_phase": "before_read", "rank": 1, "copies": 64, "bytes": 8192}
{"mock_phase": "read_complete", "rank": 1, "ret": 0, "bytes": 8192}
{"mock_phase": "before_read", "rank": 1, "copies": 64, "bytes": 8192}
{"mock_phase": "read_complete", "rank": 1, "ret": 0, "bytes": 8192}
{"mock_phase": "before_read", "rank": 1, "copies": 64, "bytes": 8388608}
{"mock_phase": "read_complete", "rank": 1, "ret": 0, "bytes": 8388608}
{"mock_phase": "before_read", "rank": 1, "copies": 64, "bytes": 8388608}
{"mock_phase": "read_complete", "rank": 1, "ret": 0, "bytes": 8388608}
{"mock_phase": "before_read", "rank": 1, "copies": 64, "bytes": 1048576}
{"mock_phase": "read_complete", "rank": 1, "ret": 0, "bytes": 1048576}
{"mock_phase": "before_read", "rank": 1, "copies": 64, "bytes": 1048576}
{"mock_phase": "read_complete", "rank": 1, "ret": 0, "bytes": 1048576}
{"mock_phase": "before_read", "rank": 1, "copies": 64, "bytes": 16384}
{"mock_phase": "read_complete", "rank": 1, "ret": 0, "bytes": 16384}
{"mock_phase": "before_read", "rank": 1, "copies": 64, "bytes": 16384}
{"mock_phase": "read_complete", "rank": 1, "ret": 0, "bytes": 16384}
{"mock_phase": "before_read", "rank": 1, "copies": 43, "bytes": 5636096}
{"mock_phase": "read_complete", "rank": 1, "ret": 0, "bytes": 5636096}
{"mock_phase": "planned", "request_id": "cmpl-8359977d3db883c3-0-9d642735", "rank": 2, "pages": 1579, "bytes": 52903936}
{"mock_phase": "before_read", "rank": 2, "copies": 64, "bytes": 4194304}
{"mock_phase": "read_complete", "rank": 2, "ret": 0, "bytes": 4194304}
{"mock_phase": "before_read", "rank": 2, "copies": 64, "bytes": 4194304}
{"mock_phase": "read_complete", "rank": 2, "ret": 0, "bytes": 4194304}
{"mock_phase": "before_read", "rank": 2, "copies": 64, "bytes": 524288}
{"mock_phase": "read_complete", "rank": 2, "ret": 0, "bytes": 524288}
{"mock_phase": "before_read", "rank": 2, "copies": 64, "bytes": 524288}
{"mock_phase": "read_complete", "rank": 2, "ret": 0, "bytes": 524288}
{"mock_phase": "before_read", "rank": 2, "copies": 64, "bytes": 8192}
{"mock_phase": "read_complete", "rank": 2, "ret": 0, "bytes": 8192}
{"mock_phase": "before_read", "rank": 2, "copies": 64, "bytes": 8192}
{"mock_phase": "read_complete", "rank": 2, "ret": 0, "bytes": 8192}
{"mock_phase": "before_read", "rank": 2, "copies": 64, "bytes": 4194304}
{"mock_phase": "read_complete", "rank": 2, "ret": 0, "bytes": 4194304}
{"mock_phase": "before_read", "rank": 2, "copies": 64, "bytes": 4194304}
{"mock_phase": "read_complete", "rank": 2, "ret": 0, "bytes": 4194304}
{"mock_phase": "before_read", "rank": 2, "copies": 64, "bytes": 524288}
{"mock_phase": "read_complete", "rank": 2, "ret": 0, "bytes": 524288}
{"mock_phase": "before_read", "rank": 2, "copies": 64, "bytes": 524288}
{"mock_phase": "read_complete", "rank": 2, "ret": 0, "bytes": 524288}
{"mock_phase": "before_read", "rank": 2, "copies": 64, "bytes": 8192}
{"mock_phase": "read_complete", "rank": 2, "ret": 0, "bytes": 8192}
{"mock_phase": "before_read", "rank": 2, "copies": 64, "bytes": 8192}
{"mock_phase": "read_complete", "rank": 2, "ret": 0, "bytes": 8192}
{"mock_phase": "before_read", "rank": 2, "copies": 64, "bytes": 4194304}
{"mock_phase": "read_complete", "rank": 2, "ret": 0, "bytes": 4194304}
{"mock_phase": "before_read", "rank": 2, "copies": 64, "bytes": 4194304}
{"mock_phase": "read_complete", "rank": 2, "ret": 0, "bytes": 4194304}
{"mock_phase": "before_read", "rank": 2, "copies": 64, "bytes": 524288}
{"mock_phase": "read_complete", "rank": 2, "ret": 0, "bytes": 524288}
{"mock_phase": "before_read", "rank": 2, "copies": 64, "bytes": 524288}
{"mock_phase": "read_complete", "rank": 2, "ret": 0, "bytes": 524288}
{"mock_phase": "before_read", "rank": 2, "copies": 64, "bytes": 8192}
{"mock_phase": "read_complete", "rank": 2, "ret": 0, "bytes": 8192}
{"mock_phase": "before_read", "rank": 2, "copies": 64, "bytes": 8192}
{"mock_phase": "read_complete", "rank": 2, "ret": 0, "bytes": 8192}
{"mock_phase": "before_read", "rank": 2, "copies": 64, "bytes": 8388608}
{"mock_phase": "read_complete", "rank": 2, "ret": 0, "bytes": 8388608}
{"mock_phase": "before_read", "rank": 2, "copies": 64, "bytes": 8388608}
{"mock_phase": "read_complete", "rank": 2, "ret": 0, "bytes": 8388608}
{"mock_phase": "before_read", "rank": 2, "copies": 64, "bytes": 1048576}
{"mock_phase": "read_complete", "rank": 2, "ret": 0, "bytes": 1048576}
{"mock_phase": "before_read", "rank": 2, "copies": 64, "bytes": 1048576}
{"mock_phase": "read_complete", "rank": 2, "ret": 0, "bytes": 1048576}
{"mock_phase": "before_read", "rank": 2, "copies": 64, "bytes": 16384}
{"mock_phase": "read_complete", "rank": 2, "ret": 0, "bytes": 16384}
{"mock_phase": "before_read", "rank": 2, "copies": 64, "bytes": 16384}
{"mock_phase": "read_complete", "rank": 2, "ret": 0, "bytes": 16384}
{"mock_phase": "before_read", "rank": 2, "copies": 43, "bytes": 5636096}
{"mock_phase": "read_complete", "rank": 2, "ret": 0, "bytes": 5636096}
{"mock_phase": "planned", "request_id": "cmpl-8359977d3db883c3-0-9d642735", "rank": 3, "pages": 1579, "bytes": 52903936}
{"mock_phase": "before_read", "rank": 3, "copies": 64, "bytes": 4194304}
{"mock_phase": "read_complete", "rank": 3, "ret": 0, "bytes": 4194304}
{"mock_phase": "before_read", "rank": 3, "copies": 64, "bytes": 4194304}
{"mock_phase": "read_complete", "rank": 3, "ret": 0, "bytes": 4194304}
{"mock_phase": "before_read", "rank": 3, "copies": 64, "bytes": 524288}
{"mock_phase": "read_complete", "rank": 3, "ret": 0, "bytes": 524288}
{"mock_phase": "before_read", "rank": 3, "copies": 64, "bytes": 524288}
{"mock_phase": "read_complete", "rank": 3, "ret": 0, "bytes": 524288}
{"mock_phase": "before_read", "rank": 3, "copies": 64, "bytes": 8192}
{"mock_phase": "read_complete", "rank": 3, "ret": 0, "bytes": 8192}
{"mock_phase": "before_read", "rank": 3, "copies": 64, "bytes": 8192}
{"mock_phase": "read_complete", "rank": 3, "ret": 0, "bytes": 8192}
{"mock_phase": "before_read", "rank": 3, "copies": 64, "bytes": 4194304}
{"mock_phase": "read_complete", "rank": 3, "ret": 0, "bytes": 4194304}
{"mock_phase": "before_read", "rank": 3, "copies": 64, "bytes": 4194304}
{"mock_phase": "read_complete", "rank": 3, "ret": 0, "bytes": 4194304}
{"mock_phase": "before_read", "rank": 3, "copies": 64, "bytes": 524288}
{"mock_phase": "read_complete", "rank": 3, "ret": 0, "bytes": 524288}
{"mock_phase": "before_read", "rank": 3, "copies": 64, "bytes": 524288}
{"mock_phase": "read_complete", "rank": 3, "ret": 0, "bytes": 524288}
{"mock_phase": "before_read", "rank": 3, "copies": 64, "bytes": 8192}
{"mock_phase": "read_complete", "rank": 3, "ret": 0, "bytes": 8192}
{"mock_phase": "before_read", "rank": 3, "copies": 64, "bytes": 8192}
{"mock_phase": "read_complete", "rank": 3, "ret": 0, "bytes": 8192}
{"mock_phase": "before_read", "rank": 3, "copies": 64, "bytes": 4194304}
{"mock_phase": "read_complete", "rank": 3, "ret": 0, "bytes": 4194304}
{"mock_phase": "before_read", "rank": 3, "copies": 64, "bytes": 4194304}
{"mock_phase": "read_complete", "rank": 3, "ret": 0, "bytes": 4194304}
{"mock_phase": "before_read", "rank": 3, "copies": 64, "bytes": 524288}
{"mock_phase": "read_complete", "rank": 3, "ret": 0, "bytes": 524288}
{"mock_phase": "before_read", "rank": 3, "copies": 64, "bytes": 524288}
{"mock_phase": "read_complete", "rank": 3, "ret": 0, "bytes": 524288}
{"mock_phase": "before_read", "rank": 3, "copies": 64, "bytes": 8192}
{"mock_phase": "read_complete", "rank": 3, "ret": 0, "bytes": 8192}
{"mock_phase": "before_read", "rank": 3, "copies": 64, "bytes": 8192}
{"mock_phase": "read_complete", "rank": 3, "ret": 0, "bytes": 8192}
{"mock_phase": "before_read", "rank": 3, "copies": 64, "bytes": 8388608}
{"mock_phase": "read_complete", "rank": 3, "ret": 0, "bytes": 8388608}
{"mock_phase": "before_read", "rank": 3, "copies": 64, "bytes": 8388608}
{"mock_phase": "read_complete", "rank": 3, "ret": 0, "bytes": 8388608}
{"mock_phase": "before_read", "rank": 3, "copies": 64, "bytes": 1048576}
{"mock_phase": "read_complete", "rank": 3, "ret": 0, "bytes": 1048576}
{"mock_phase": "before_read", "rank": 3, "copies": 64, "bytes": 1048576}
{"mock_phase": "read_complete", "rank": 3, "ret": 0, "bytes": 1048576}
{"mock_phase": "before_read", "rank": 3, "copies": 64, "bytes": 16384}
{"mock_phase": "read_complete", "rank": 3, "ret": 0, "bytes": 16384}
{"mock_phase": "before_read", "rank": 3, "copies": 64, "bytes": 16384}
{"mock_phase": "read_complete", "rank": 3, "ret": 0, "bytes": 16384}
{"mock_phase": "before_read", "rank": 3, "copies": 43, "bytes": 5636096}
{"mock_phase": "read_complete", "rank": 3, "ret": 0, "bytes": 5636096}
{"mock_phase": "planned", "request_id": "cmpl-8359977d3db883c3-0-9d642735", "rank": 4, "pages": 1579, "bytes": 52903936}
{"mock_phase": "before_read", "rank": 4, "copies": 64, "bytes": 4194304}
{"mock_phase": "read_complete", "rank": 4, "ret": 0, "bytes": 4194304}
{"mock_phase": "before_read", "rank": 4, "copies": 64, "bytes": 4194304}
{"mock_phase": "read_complete", "rank": 4, "ret": 0, "bytes": 4194304}
{"mock_phase": "before_read", "rank": 4, "copies": 64, "bytes": 524288}
{"mock_phase": "read_complete", "rank": 4, "ret": 0, "bytes": 524288}
{"mock_phase": "before_read", "rank": 4, "copies": 64, "bytes": 524288}
{"mock_phase": "read_complete", "rank": 4, "ret": 0, "bytes": 524288}
{"mock_phase": "before_read", "rank": 4, "copies": 64, "bytes": 8192}
{"mock_phase": "read_complete", "rank": 4, "ret": 0, "bytes": 8192}
{"mock_phase": "before_read", "rank": 4, "copies": 64, "bytes": 8192}
{"mock_phase": "read_complete", "rank": 4, "ret": 0, "bytes": 8192}
{"mock_phase": "before_read", "rank": 4, "copies": 64, "bytes": 4194304}
{"mock_phase": "read_complete", "rank": 4, "ret": 0, "bytes": 4194304}
{"mock_phase": "before_read", "rank": 4, "copies": 64, "bytes": 4194304}
{"mock_phase": "read_complete", "rank": 4, "ret": 0, "bytes": 4194304}
{"mock_phase": "before_read", "rank": 4, "copies": 64, "bytes": 524288}
{"mock_phase": "read_complete", "rank": 4, "ret": 0, "bytes": 524288}
{"mock_phase": "before_read", "rank": 4, "copies": 64, "bytes": 524288}
{"mock_phase": "read_complete", "rank": 4, "ret": 0, "bytes": 524288}
{"mock_phase": "before_read", "rank": 4, "copies": 64, "bytes": 8192}
{"mock_phase": "read_complete", "rank": 4, "ret": 0, "bytes": 8192}
{"mock_phase": "before_read", "rank": 4, "copies": 64, "bytes": 8192}
{"mock_phase": "read_complete", "rank": 4, "ret": 0, "bytes": 8192}
{"mock_phase": "before_read", "rank": 4, "copies": 64, "bytes": 4194304}
{"mock_phase": "read_complete", "rank": 4, "ret": 0, "bytes": 4194304}
{"mock_phase": "before_read", "rank": 4, "copies": 64, "bytes": 4194304}
{"mock_phase": "read_complete", "rank": 4, "ret": 0, "bytes": 4194304}
{"mock_phase": "before_read", "rank": 4, "copies": 64, "bytes": 524288}
{"mock_phase": "read_complete", "rank": 4, "ret": 0, "bytes": 524288}
{"mock_phase": "before_read", "rank": 4, "copies": 64, "bytes": 524288}
{"mock_phase": "read_complete", "rank": 4, "ret": 0, "bytes": 524288}
{"mock_phase": "before_read", "rank": 4, "copies": 64, "bytes": 8192}
{"mock_phase": "read_complete", "rank": 4, "ret": 0, "bytes": 8192}
{"mock_phase": "before_read", "rank": 4, "copies": 64, "bytes": 8192}
{"mock_phase": "read_complete", "rank": 4, "ret": 0, "bytes": 8192}
{"mock_phase": "before_read", "rank": 4, "copies": 64, "bytes": 8388608}
{"mock_phase": "read_complete", "rank": 4, "ret": 0, "bytes": 8388608}
{"mock_phase": "before_read", "rank": 4, "copies": 64, "bytes": 8388608}
{"mock_phase": "read_complete", "rank": 4, "ret": 0, "bytes": 8388608}
{"mock_phase": "before_read", "rank": 4, "copies": 64, "bytes": 1048576}
{"mock_phase": "read_complete", "rank": 4, "ret": 0, "bytes": 1048576}
{"mock_phase": "before_read", "rank": 4, "copies": 64, "bytes": 1048576}
{"mock_phase": "read_complete", "rank": 4, "ret": 0, "bytes": 1048576}
{"mock_phase": "before_read", "rank": 4, "copies": 64, "bytes": 16384}
{"mock_phase": "read_complete", "rank": 4, "ret": 0, "bytes": 16384}
{"mock_phase": "before_read", "rank": 4, "copies": 64, "bytes": 16384}
{"mock_phase": "read_complete", "rank": 4, "ret": 0, "bytes": 16384}
{"mock_phase": "before_read", "rank": 4, "copies": 43, "bytes": 5636096}
{"mock_phase": "read_complete", "rank": 4, "ret": 0, "bytes": 5636096}
{"mock_phase": "planned", "request_id": "cmpl-8359977d3db883c3-0-9d642735", "rank": 5, "pages": 1579, "bytes": 52903936}
{"mock_phase": "before_read", "rank": 5, "copies": 64, "bytes": 4194304}
{"mock_phase": "read_complete", "rank": 5, "ret": 0, "bytes": 4194304}
{"mock_phase": "before_read", "rank": 5, "copies": 64, "bytes": 4194304}
{"mock_phase": "read_complete", "rank": 5, "ret": 0, "bytes": 4194304}
{"mock_phase": "before_read", "rank": 5, "copies": 64, "bytes": 524288}
{"mock_phase": "read_complete", "rank": 5, "ret": 0, "bytes": 524288}
{"mock_phase": "before_read", "rank": 5, "copies": 64, "bytes": 524288}
{"mock_phase": "read_complete", "rank": 5, "ret": 0, "bytes": 524288}
{"mock_phase": "before_read", "rank": 5, "copies": 64, "bytes": 8192}
{"mock_phase": "read_complete", "rank": 5, "ret": 0, "bytes": 8192}
{"mock_phase": "before_read", "rank": 5, "copies": 64, "bytes": 8192}
{"mock_phase": "read_complete", "rank": 5, "ret": 0, "bytes": 8192}
{"mock_phase": "before_read", "rank": 5, "copies": 64, "bytes": 4194304}
{"mock_phase": "read_complete", "rank": 5, "ret": 0, "bytes": 4194304}
{"mock_phase": "before_read", "rank": 5, "copies": 64, "bytes": 4194304}
{"mock_phase": "read_complete", "rank": 5, "ret": 0, "bytes": 4194304}
{"mock_phase": "before_read", "rank": 5, "copies": 64, "bytes": 524288}
{"mock_phase": "read_complete", "rank": 5, "ret": 0, "bytes": 524288}
{"mock_phase": "before_read", "rank": 5, "copies": 64, "bytes": 524288}
{"mock_phase": "read_complete", "rank": 5, "ret": 0, "bytes": 524288}
{"mock_phase": "before_read", "rank": 5, "copies": 64, "bytes": 8192}
{"mock_phase": "read_complete", "rank": 5, "ret": 0, "bytes": 8192}
{"mock_phase": "before_read", "rank": 5, "copies": 64, "bytes": 8192}
{"mock_phase": "read_complete", "rank": 5, "ret": 0, "bytes": 8192}
{"mock_phase": "before_read", "rank": 5, "copies": 64, "bytes": 4194304}
{"mock_phase": "read_complete", "rank": 5, "ret": 0, "bytes": 4194304}
{"mock_phase": "before_read", "rank": 5, "copies": 64, "bytes": 4194304}
{"mock_phase": "read_complete", "rank": 5, "ret": 0, "bytes": 4194304}
{"mock_phase": "before_read", "rank": 5, "copies": 64, "bytes": 524288}
{"mock_phase": "read_complete", "rank": 5, "ret": 0, "bytes": 524288}
{"mock_phase": "before_read", "rank": 5, "copies": 64, "bytes": 524288}
{"mock_phase": "read_complete", "rank": 5, "ret": 0, "bytes": 524288}
{"mock_phase": "before_read", "rank": 5, "copies": 64, "bytes": 8192}
{"mock_phase": "read_complete", "rank": 5, "ret": 0, "bytes": 8192}
{"mock_phase": "before_read", "rank": 5, "copies": 64, "bytes": 8192}
{"mock_phase": "read_complete", "rank": 5, "ret": 0, "bytes": 8192}
{"mock_phase": "before_read", "rank": 5, "copies": 64, "bytes": 8388608}
{"mock_phase": "read_complete", "rank": 5, "ret": 0, "bytes": 8388608}
{"mock_phase": "before_read", "rank": 5, "copies": 64, "bytes": 8388608}
{"mock_phase": "read_complete", "rank": 5, "ret": 0, "bytes": 8388608}
{"mock_phase": "before_read", "rank": 5, "copies": 64, "bytes": 1048576}
{"mock_phase": "read_complete", "rank": 5, "ret": 0, "bytes": 1048576}
{"mock_phase": "before_read", "rank": 5, "copies": 64, "bytes": 1048576}
{"mock_phase": "read_complete", "rank": 5, "ret": 0, "bytes": 1048576}
{"mock_phase": "before_read", "rank": 5, "copies": 64, "bytes": 16384}
{"mock_phase": "read_complete", "rank": 5, "ret": 0, "bytes": 16384}
{"mock_phase": "before_read", "rank": 5, "copies": 64, "bytes": 16384}
{"mock_phase": "read_complete", "rank": 5, "ret": 0, "bytes": 16384}
{"mock_phase": "before_read", "rank": 5, "copies": 43, "bytes": 5636096}
{"mock_phase": "read_complete", "rank": 5, "ret": 0, "bytes": 5636096}
{"mock_phase": "planned", "request_id": "cmpl-8359977d3db883c3-0-9d642735", "rank": 6, "pages": 1579, "bytes": 52903936}
{"mock_phase": "before_read", "rank": 6, "copies": 64, "bytes": 4194304}
{"mock_phase": "read_complete", "rank": 6, "ret": 0, "bytes": 4194304}
{"mock_phase": "before_read", "rank": 6, "copies": 64, "bytes": 4194304}
{"mock_phase": "read_complete", "rank": 6, "ret": 0, "bytes": 4194304}
{"mock_phase": "before_read", "rank": 6, "copies": 64, "bytes": 524288}
{"mock_phase": "read_complete", "rank": 6, "ret": 0, "bytes": 524288}
{"mock_phase": "before_read", "rank": 6, "copies": 64, "bytes": 524288}
{"mock_phase": "read_complete", "rank": 6, "ret": 0, "bytes": 524288}
{"mock_phase": "before_read", "rank": 6, "copies": 64, "bytes": 8192}
{"mock_phase": "read_complete", "rank": 6, "ret": 0, "bytes": 8192}
{"mock_phase": "before_read", "rank": 6, "copies": 64, "bytes": 8192}
{"mock_phase": "read_complete", "rank": 6, "ret": 0, "bytes": 8192}
{"mock_phase": "before_read", "rank": 6, "copies": 64, "bytes": 4194304}
{"mock_phase": "read_complete", "rank": 6, "ret": 0, "bytes": 4194304}
{"mock_phase": "before_read", "rank": 6, "copies": 64, "bytes": 4194304}
{"mock_phase": "read_complete", "rank": 6, "ret": 0, "bytes": 4194304}
{"mock_phase": "before_read", "rank": 6, "copies": 64, "bytes": 524288}
{"mock_phase": "read_complete", "rank": 6, "ret": 0, "bytes": 524288}
{"mock_phase": "before_read", "rank": 6, "copies": 64, "bytes": 524288}
{"mock_phase": "read_complete", "rank": 6, "ret": 0, "bytes": 524288}
{"mock_phase": "before_read", "rank": 6, "copies": 64, "bytes": 8192}
{"mock_phase": "read_complete", "rank": 6, "ret": 0, "bytes": 8192}
{"mock_phase": "before_read", "rank": 6, "copies": 64, "bytes": 8192}
{"mock_phase": "read_complete", "rank": 6, "ret": 0, "bytes": 8192}
{"mock_phase": "before_read", "rank": 6, "copies": 64, "bytes": 4194304}
{"mock_phase": "read_complete", "rank": 6, "ret": 0, "bytes": 4194304}
{"mock_phase": "before_read", "rank": 6, "copies": 64, "bytes": 4194304}
{"mock_phase": "read_complete", "rank": 6, "ret": 0, "bytes": 4194304}
{"mock_phase": "before_read", "rank": 6, "copies": 64, "bytes": 524288}
{"mock_phase": "read_complete", "rank": 6, "ret": 0, "bytes": 524288}
{"mock_phase": "before_read", "rank": 6, "copies": 64, "bytes": 524288}
{"mock_phase": "read_complete", "rank": 6, "ret": 0, "bytes": 524288}
{"mock_phase": "before_read", "rank": 6, "copies": 64, "bytes": 8192}
{"mock_phase": "read_complete", "rank": 6, "ret": 0, "bytes": 8192}
{"mock_phase": "before_read", "rank": 6, "copies": 64, "bytes": 8192}
{"mock_phase": "read_complete", "rank": 6, "ret": 0, "bytes": 8192}
{"mock_phase": "before_read", "rank": 6, "copies": 64, "bytes": 8388608}
{"mock_phase": "read_complete", "rank": 6, "ret": 0, "bytes": 8388608}
{"mock_phase": "before_read", "rank": 6, "copies": 64, "bytes": 8388608}
{"mock_phase": "read_complete", "rank": 6, "ret": 0, "bytes": 8388608}
{"mock_phase": "before_read", "rank": 6, "copies": 64, "bytes": 1048576}
{"mock_phase": "read_complete", "rank": 6, "ret": 0, "bytes": 1048576}
{"mock_phase": "before_read", "rank": 6, "copies": 64, "bytes": 1048576}
{"mock_phase": "read_complete", "rank": 6, "ret": 0, "bytes": 1048576}
{"mock_phase": "before_read", "rank": 6, "copies": 64, "bytes": 16384}
{"mock_phase": "read_complete", "rank": 6, "ret": 0, "bytes": 16384}
{"mock_phase": "before_read", "rank": 6, "copies": 64, "bytes": 16384}
{"mock_phase": "read_complete", "rank": 6, "ret": 0, "bytes": 16384}
{"mock_phase": "before_read", "rank": 6, "copies": 43, "bytes": 5636096}
{"mock_phase": "read_complete", "rank": 6, "ret": 0, "bytes": 5636096}
{"mock_phase": "planned", "request_id": "cmpl-8359977d3db883c3-0-9d642735", "rank": 7, "pages": 1579, "bytes": 52903936}
{"mock_phase": "before_read", "rank": 7, "copies": 64, "bytes": 4194304}
{"mock_phase": "read_complete", "rank": 7, "ret": 0, "bytes": 4194304}
{"mock_phase": "before_read", "rank": 7, "copies": 64, "bytes": 4194304}
{"mock_phase": "read_complete", "rank": 7, "ret": 0, "bytes": 4194304}
{"mock_phase": "before_read", "rank": 7, "copies": 64, "bytes": 524288}
{"mock_phase": "read_complete", "rank": 7, "ret": 0, "bytes": 524288}
{"mock_phase": "before_read", "rank": 7, "copies": 64, "bytes": 524288}
{"mock_phase": "read_complete", "rank": 7, "ret": 0, "bytes": 524288}
{"mock_phase": "before_read", "rank": 7, "copies": 64, "bytes": 8192}
{"mock_phase": "read_complete", "rank": 7, "ret": 0, "bytes": 8192}
{"mock_phase": "before_read", "rank": 7, "copies": 64, "bytes": 8192}
{"mock_phase": "read_complete", "rank": 7, "ret": 0, "bytes": 8192}
{"mock_phase": "before_read", "rank": 7, "copies": 64, "bytes": 4194304}
{"mock_phase": "read_complete", "rank": 7, "ret": 0, "bytes": 4194304}
{"mock_phase": "before_read", "rank": 7, "copies": 64, "bytes": 4194304}
{"mock_phase": "read_complete", "rank": 7, "ret": 0, "bytes": 4194304}
{"mock_phase": "before_read", "rank": 7, "copies": 64, "bytes": 524288}
{"mock_phase": "read_complete", "rank": 7, "ret": 0, "bytes": 524288}
{"mock_phase": "before_read", "rank": 7, "copies": 64, "bytes": 524288}
{"mock_phase": "read_complete", "rank": 7, "ret": 0, "bytes": 524288}
{"mock_phase": "before_read", "rank": 7, "copies": 64, "bytes": 8192}
{"mock_phase": "read_complete", "rank": 7, "ret": 0, "bytes": 8192}
{"mock_phase": "before_read", "rank": 7, "copies": 64, "bytes": 8192}
{"mock_phase": "read_complete", "rank": 7, "ret": 0, "bytes": 8192}
{"mock_phase": "before_read", "rank": 7, "copies": 64, "bytes": 4194304}
{"mock_phase": "read_complete", "rank": 7, "ret": 0, "bytes": 4194304}
{"mock_phase": "before_read", "rank": 7, "copies": 64, "bytes": 4194304}
{"mock_phase": "read_complete", "rank": 7, "ret": 0, "bytes": 4194304}
{"mock_phase": "before_read", "rank": 7, "copies": 64, "bytes": 524288}
{"mock_phase": "read_complete", "rank": 7, "ret": 0, "bytes": 524288}
{"mock_phase": "before_read", "rank": 7, "copies": 64, "bytes": 524288}
{"mock_phase": "read_complete", "rank": 7, "ret": 0, "bytes": 524288}
{"mock_phase": "before_read", "rank": 7, "copies": 64, "bytes": 8192}
{"mock_phase": "read_complete", "rank": 7, "ret": 0, "bytes": 8192}
{"mock_phase": "before_read", "rank": 7, "copies": 64, "bytes": 8192}
{"mock_phase": "read_complete", "rank": 7, "ret": 0, "bytes": 8192}
{"mock_phase": "before_read", "rank": 7, "copies": 64, "bytes": 8388608}
{"mock_phase": "read_complete", "rank": 7, "ret": 0, "bytes": 8388608}
{"mock_phase": "before_read", "rank": 7, "copies": 64, "bytes": 8388608}
{"mock_phase": "read_complete", "rank": 7, "ret": 0, "bytes": 8388608}
{"mock_phase": "before_read", "rank": 7, "copies": 64, "bytes": 1048576}
{"mock_phase": "read_complete", "rank": 7, "ret": 0, "bytes": 1048576}
{"mock_phase": "before_read", "rank": 7, "copies": 64, "bytes": 1048576}
{"mock_phase": "read_complete", "rank": 7, "ret": 0, "bytes": 1048576}
{"mock_phase": "before_read", "rank": 7, "copies": 64, "bytes": 16384}
{"mock_phase": "read_complete", "rank": 7, "ret": 0, "bytes": 16384}
{"mock_phase": "before_read", "rank": 7, "copies": 64, "bytes": 16384}
{"mock_phase": "read_complete", "rank": 7, "ret": 0, "bytes": 16384}
{"mock_phase": "before_read", "rank": 7, "copies": 43, "bytes": 5636096}
{"mock_phase": "read_complete", "rank": 7, "ret": 0, "bytes": 5636096}
{"ok": true, "request_id": "cmpl-8359977d3db883c3-0-9d642735", "ranks": [{"rank": 0, "bytes": 52903936, "read_s": 0.012570119462907314, "hash_s": 0.07023236947134137, "nonzero_groups": [0, 1, 2, 3, 4, 5, 6]}, {"rank": 1, "bytes": 52903936, "read_s": 0.012458649463951588, "hash_s": 0.07048679003491998, "nonzero_groups": [0, 1, 2, 3, 4, 5, 6]}, {"rank": 2, "bytes": 52903936, "read_s": 0.011727411299943924, "hash_s": 0.06908578937873244, "nonzero_groups": [0, 1, 2, 3, 4, 5, 6]}, {"rank": 3, "bytes": 52903936, "read_s": 0.012064781039953232, "hash_s": 0.07046396099030972, "nonzero_groups": [0, 1, 2, 3, 4, 5, 6]}, {"rank": 4, "bytes": 52903936, "read_s": 0.011661249678581953, "hash_s": 0.07042503962293267, "nonzero_groups": [0, 1, 2, 3, 4, 5, 6]}, {"rank": 5, "bytes": 52903936, "read_s": 0.01201328868046403, "hash_s": 0.07064823061227798, "nonzero_groups": [0, 1, 2, 3, 4, 5, 6]}, {"rank": 6, "bytes": 52903936, "read_s": 0.011711268685758114, "hash_s": 0.070652408991009, "nonzero_groups": [0, 1, 2, 3, 4, 5, 6]}, {"rank": 7, "bytes": 52903936, "read_s": 0.011881378944963217, "hash_s": 0.07034720992669463, "nonzero_groups": [0, 1, 2, 3, 4, 5, 6]}], "bytes": 423231488, "consume_s": 0.7042545597068965, "ack_s": 0.0026398501358926296, "total_s": 0.7068946198560297, "hold_ms": 0}
127.0.0.1 - - [09/Oct/2026 07:22:48] "POST /consume HTTP/1.1" 200 -
{"mock_phase": "planned", "request_id": "cmpl-ba5b654980fd61f9-0-9a483d06", "rank": 0, "pages": 35, "bytes": 3383936}
{"mock_phase": "before_read", "rank": 0, "copies": 35, "bytes": 3383936}
{"mock_phase": "read_complete", "rank": 0, "ret": 0, "bytes": 3383936}
{"mock_phase": "planned", "request_id": "cmpl-ba5b654980fd61f9-0-9a483d06", "rank": 1, "pages": 35, "bytes": 3383936}
{"mock_phase": "before_read", "rank": 1, "copies": 35, "bytes": 3383936}
{"mock_phase": "read_complete", "rank": 1, "ret": 0, "bytes": 3383936}
{"mock_phase": "planned", "request_id": "cmpl-ba5b654980fd61f9-0-9a483d06", "rank": 2, "pages": 35, "bytes": 3383936}
{"mock_phase": "before_read", "rank": 2, "copies": 35, "bytes": 3383936}
{"mock_phase": "read_complete", "rank": 2, "ret": 0, "bytes": 3383936}
{"mock_phase": "planned", "request_id": "cmpl-ba5b654980fd61f9-0-9a483d06", "rank": 3, "pages": 35, "bytes": 3383936}
{"mock_phase": "before_read", "rank": 3, "copies": 35, "bytes": 3383936}
{"mock_phase": "read_complete", "rank": 3, "ret": 0, "bytes": 3383936}
{"mock_phase": "planned", "request_id": "cmpl-ba5b654980fd61f9-0-9a483d06", "rank": 4, "pages": 35, "bytes": 3383936}
{"mock_phase": "before_read", "rank": 4, "copies": 35, "bytes": 3383936}
{"mock_phase": "read_complete", "rank": 4, "ret": 0, "bytes": 3383936}
{"mock_phase": "planned", "request_id": "cmpl-ba5b654980fd61f9-0-9a483d06", "rank": 5, "pages": 35, "bytes": 3383936}
{"mock_phase": "before_read", "rank": 5, "copies": 35, "bytes": 3383936}
{"mock_phase": "read_complete", "rank": 5, "ret": 0, "bytes": 3383936}
{"mock_phase": "planned", "request_id": "cmpl-ba5b654980fd61f9-0-9a483d06", "rank": 6, "pages": 35, "bytes": 3383936}
{"mock_phase": "before_read", "rank": 6, "copies": 35, "bytes": 3383936}
{"mock_phase": "read_complete", "rank": 6, "ret": 0, "bytes": 3383936}
{"mock_phase": "planned", "request_id": "cmpl-ba5b654980fd61f9-0-9a483d06", "rank": 7, "pages": 35, "bytes": 3383936}
{"mock_phase": "before_read", "rank": 7, "copies": 35, "bytes": 3383936}
{"mock_phase": "read_complete", "rank": 7, "ret": 0, "bytes": 3383936}
{"ok": true, "request_id": "cmpl-ba5b654980fd61f9-0-9a483d06", "ranks": [{"rank": 0, "bytes": 3383936, "read_s": 0.0007085399702191353, "hash_s": 0.00015104003250598907, "nonzero_groups": [0, 1, 2, 3, 4, 5, 6]}, {"rank": 1, "bytes": 3383936, "read_s": 0.0006577498279511929, "hash_s": 0.00011646002531051636, "nonzero_groups": [0, 1, 2, 3, 4, 5, 6]}, {"rank": 2, "bytes": 3383936, "read_s": 0.0005941297858953476, "hash_s": 0.00010647019371390343, "nonzero_groups": [0, 1, 2, 3, 4, 5, 6]}, {"rank": 3, "bytes": 3383936, "read_s": 0.0006604599766433239, "hash_s": 0.00010708998888731003, "nonzero_groups": [0, 1, 2, 3, 4, 5, 6]}, {"rank": 4, "bytes": 3383936, "read_s": 0.0006307396106421947, "hash_s": 0.00010797008872032166, "nonzero_groups": [0, 1, 2, 3, 4, 5, 6]}, {"rank": 5, "bytes": 3383936, "read_s": 0.0005913497880101204, "hash_s": 0.00010614003986120224, "nonzero_groups": [0, 1, 2, 3, 4, 5, 6]}, {"rank": 6, "bytes": 3383936, "read_s": 0.0006142202764749527, "hash_s": 0.00010412000119686127, "nonzero_groups": [0, 1, 2, 3, 4, 5, 6]}, {"rank": 7, "bytes": 3383936, "read_s": 0.0006306297145783901, "hash_s": 0.00010485993698239326, "nonzero_groups": [0, 1, 2, 3, 4, 5, 6]}], "bytes": 27071488, "consume_s": 0.010331960394978523, "ack_s": 0.0019220099784433842, "total_s": 0.0122541100718081, "hold_ms": 0}
127.0.0.1 - - [09/Oct/2026 07:22:48] "POST /consume HTTP/1.1" 200 -
{"mock_phase": "planned", "request_id": "cmpl-b996c69bf21374d8-0-9c2bb8ef", "rank": 0, "pages": 35, "bytes": 3383936}
{"mock_phase": "before_read", "rank": 0, "copies": 35, "bytes": 3383936}
{"mock_phase": "read_complete", "rank": 0, "ret": 0, "bytes": 3383936}
{"mock_phase": "planned", "request_id": "cmpl-b996c69bf21374d8-0-9c2bb8ef", "rank": 1, "pages": 35, "bytes": 3383936}
{"mock_phase": "before_read", "rank": 1, "copies": 35, "bytes": 3383936}
{"mock_phase": "read_complete", "rank": 1, "ret": 0, "bytes": 3383936}
{"mock_phase": "planned", "request_id": "cmpl-b996c69bf21374d8-0-9c2bb8ef", "rank": 2, "pages": 35, "bytes": 3383936}
{"mock_phase": "before_read", "rank": 2, "copies": 35, "bytes": 3383936}
{"mock_phase": "read_complete", "rank": 2, "ret": 0, "bytes": 3383936}
{"mock_phase": "planned", "request_id": "cmpl-b996c69bf21374d8-0-9c2bb8ef", "rank": 3, "pages": 35, "bytes": 3383936}
{"mock_phase": "before_read", "rank": 3, "copies": 35, "bytes": 3383936}
{"mock_phase": "read_complete", "rank": 3, "ret": 0, "bytes": 3383936}
{"mock_phase": "planned", "request_id": "cmpl-b996c69bf21374d8-0-9c2bb8ef", "rank": 4, "pages": 35, "bytes": 3383936}
{"mock_phase": "before_read", "rank": 4, "copies": 35, "bytes": 3383936}
{"mock_phase": "read_complete", "rank": 4, "ret": 0, "bytes": 3383936}
{"mock_phase": "planned", "request_id": "cmpl-b996c69bf21374d8-0-9c2bb8ef", "rank": 5, "pages": 35, "bytes": 3383936}
{"mock_phase": "before_read", "rank": 5, "copies": 35, "bytes": 3383936}
{"mock_phase": "read_complete", "rank": 5, "ret": 0, "bytes": 3383936}
{"mock_phase": "planned", "request_id": "cmpl-b996c69bf21374d8-0-9c2bb8ef", "rank": 6, "pages": 35, "bytes": 3383936}
{"mock_phase": "before_read", "rank": 6, "copies": 35, "bytes": 3383936}
{"mock_phase": "read_complete", "rank": 6, "ret": 0, "bytes": 3383936}
{"mock_phase": "planned", "request_id": "cmpl-b996c69bf21374d8-0-9c2bb8ef", "rank": 7, "pages": 35, "bytes": 3383936}
{"mock_phase": "before_read", "rank": 7, "copies": 35, "bytes": 3383936}
{"mock_phase": "read_complete", "rank": 7, "ret": 0, "bytes": 3383936}
{"ok": true, "request_id": "cmpl-b996c69bf21374d8-0-9c2bb8ef", "ranks": [{"rank": 0, "bytes": 3383936, "read_s": 0.0007155900821089745, "hash_s": 0.00014444021508097649, "nonzero_groups": [0, 1, 2, 3, 4, 5, 6]}, {"rank": 1, "bytes": 3383936, "read_s": 0.0006450801156461239, "hash_s": 0.00012393994256854057, "nonzero_groups": [0, 1, 2, 3, 4, 5, 6]}, {"rank": 2, "bytes": 3383936, "read_s": 0.0005870996974408627, "hash_s": 0.00010603014379739761, "nonzero_groups": [0, 1, 2, 3, 4, 5, 6]}, {"rank": 3, "bytes": 3383936, "read_s": 0.0006501595489680767, "hash_s": 0.00010584015399217606, "nonzero_groups": [0, 1, 2, 3, 4, 5, 6]}, {"rank": 4, "bytes": 3383936, "read_s": 0.0006114598363637924, "hash_s": 0.00010643014684319496, "nonzero_groups": [0, 1, 2, 3, 4, 5, 6]}, {"rank": 5, "bytes": 3383936, "read_s": 0.0005995500832796097, "hash_s": 0.00012452993541955948, "nonzero_groups": [0, 1, 2, 3, 4, 5, 6]}, {"rank": 6, "bytes": 3383936, "read_s": 0.0006007403135299683, "hash_s": 0.00011091027408838272, "nonzero_groups": [0, 1, 2, 3, 4, 5, 6]}, {"rank": 7, "bytes": 3383936, "read_s": 0.0006146496161818504, "hash_s": 0.00010863970965147018, "nonzero_groups": [0, 1, 2, 3, 4, 5, 6]}], "bytes": 27071488, "consume_s": 0.010299549903720617, "ack_s": 0.0012628003023564816, "total_s": 0.011562509927898645, "hold_ms": 0}
127.0.0.1 - - [09/Oct/2026 07:22:49] "POST /consume HTTP/1.1" 200 -
{"mock_phase": "planned", "request_id": "cmpl-b259048633eaf48b-0-9f65f3be", "rank": 0, "pages": 35, "bytes": 3383936}
{"mock_phase": "before_read", "rank": 0, "copies": 35, "bytes": 3383936}
{"mock_phase": "read_complete", "rank": 0, "ret": 0, "bytes": 3383936}
{"mock_phase": "planned", "request_id": "cmpl-b259048633eaf48b-0-9f65f3be", "rank": 1, "pages": 35, "bytes": 3383936}
{"mock_phase": "before_read", "rank": 1, "copies": 35, "bytes": 3383936}
{"mock_phase": "read_complete", "rank": 1, "ret": 0, "bytes": 3383936}
{"mock_phase": "planned", "request_id": "cmpl-b259048633eaf48b-0-9f65f3be", "rank": 2, "pages": 35, "bytes": 3383936}
{"mock_phase": "before_read", "rank": 2, "copies": 35, "bytes": 3383936}
{"mock_phase": "read_complete", "rank": 2, "ret": 0, "bytes": 3383936}
{"mock_phase": "planned", "request_id": "cmpl-b259048633eaf48b-0-9f65f3be", "rank": 3, "pages": 35, "bytes": 3383936}
{"mock_phase": "before_read", "rank": 3, "copies": 35, "bytes": 3383936}
{"mock_phase": "read_complete", "rank": 3, "ret": 0, "bytes": 3383936}
{"mock_phase": "planned", "request_id": "cmpl-b259048633eaf48b-0-9f65f3be", "rank": 4, "pages": 35, "bytes": 3383936}
{"mock_phase": "before_read", "rank": 4, "copies": 35, "bytes": 3383936}
{"mock_phase": "read_complete", "rank": 4, "ret": 0, "bytes": 3383936}
{"mock_phase": "planned", "request_id": "cmpl-b259048633eaf48b-0-9f65f3be", "rank": 5, "pages": 35, "bytes": 3383936}
{"mock_phase": "before_read", "rank": 5, "copies": 35, "bytes": 3383936}
{"mock_phase": "read_complete", "rank": 5, "ret": 0, "bytes": 3383936}
{"mock_phase": "planned", "request_id": "cmpl-b259048633eaf48b-0-9f65f3be", "rank": 6, "pages": 35, "bytes": 3383936}
{"mock_phase": "before_read", "rank": 6, "copies": 35, "bytes": 3383936}
{"mock_phase": "read_complete", "rank": 6, "ret": 0, "bytes": 3383936}
{"mock_phase": "planned", "request_id": "cmpl-b259048633eaf48b-0-9f65f3be", "rank": 7, "pages": 35, "bytes": 3383936}
{"mock_phase": "before_read", "rank": 7, "copies": 35, "bytes": 3383936}
{"mock_phase": "read_complete", "rank": 7, "ret": 0, "bytes": 3383936}
{"ok": true, "request_id": "cmpl-b259048633eaf48b-0-9f65f3be", "ranks": [{"rank": 0, "bytes": 3383936, "read_s": 0.0007684403099119663, "hash_s": 0.00015062978491187096, "nonzero_groups": [0, 1, 2, 3, 4, 5, 6]}, {"rank": 1, "bytes": 3383936, "read_s": 0.0007428200915455818, "hash_s": 0.00011503975838422775, "nonzero_groups": [0, 1, 2, 3, 4, 5, 6]}, {"rank": 2, "bytes": 3383936, "read_s": 0.0006694099865853786, "hash_s": 0.00010916031897068024, "nonzero_groups": [0, 1, 2, 3, 4, 5, 6]}, {"rank": 3, "bytes": 3383936, "read_s": 0.0006372202187776566, "hash_s": 0.00011218991130590439, "nonzero_groups": [0, 1, 2, 3, 4, 5, 6]}, {"rank": 4, "bytes": 3383936, "read_s": 0.0006029801443219185, "hash_s": 0.00010575028136372566, "nonzero_groups": [0, 1, 2, 3, 4, 5, 6]}, {"rank": 5, "bytes": 3383936, "read_s": 0.0005885902792215347, "hash_s": 0.00010940013453364372, "nonzero_groups": [0, 1, 2, 3, 4, 5, 6]}, {"rank": 6, "bytes": 3383936, "read_s": 0.0005946401506662369, "hash_s": 0.0001055300235748291, "nonzero_groups": [0, 1, 2, 3, 4, 5, 6]}, {"rank": 7, "bytes": 3383936, "read_s": 0.0006262003444135189, "hash_s": 0.00010482035577297211, "nonzero_groups": [0, 1, 2, 3, 4, 5, 6]}], "bytes": 27071488, "consume_s": 0.010420130100101233, "ack_s": 0.0017252699472010136, "total_s": 0.012145630083978176, "hold_ms": 0}
127.0.0.1 - - [09/Oct/2026 07:22:49] "POST /consume HTTP/1.1" 200 -
{"mock_phase": "planned", "request_id": "cmpl-b056d6c42efa79a3-0-89b3d1da", "rank": 0, "pages": 35, "bytes": 3383936}
{"mock_phase": "before_read", "rank": 0, "copies": 35, "bytes": 3383936}
{"mock_phase": "read_complete", "rank": 0, "ret": 0, "bytes": 3383936}
{"mock_phase": "planned", "request_id": "cmpl-b056d6c42efa79a3-0-89b3d1da", "rank": 1, "pages": 35, "bytes": 3383936}
{"mock_phase": "before_read", "rank": 1, "copies": 35, "bytes": 3383936}
{"mock_phase": "read_complete", "rank": 1, "ret": 0, "bytes": 3383936}
{"mock_phase": "planned", "request_id": "cmpl-b056d6c42efa79a3-0-89b3d1da", "rank": 2, "pages": 35, "bytes": 3383936}
{"mock_phase": "before_read", "rank": 2, "copies": 35, "bytes": 3383936}
{"mock_phase": "read_complete", "rank": 2, "ret": 0, "bytes": 3383936}
{"mock_phase": "planned", "request_id": "cmpl-b056d6c42efa79a3-0-89b3d1da", "rank": 3, "pages": 35, "bytes": 3383936}
{"mock_phase": "before_read", "rank": 3, "copies": 35, "bytes": 3383936}
{"mock_phase": "read_complete", "rank": 3, "ret": 0, "bytes": 3383936}
{"mock_phase": "planned", "request_id": "cmpl-b056d6c42efa79a3-0-89b3d1da", "rank": 4, "pages": 35, "bytes": 3383936}
{"mock_phase": "before_read", "rank": 4, "copies": 35, "bytes": 3383936}
{"mock_phase": "read_complete", "rank": 4, "ret": 0, "bytes": 3383936}
{"mock_phase": "planned", "request_id": "cmpl-b056d6c42efa79a3-0-89b3d1da", "rank": 5, "pages": 35, "bytes": 3383936}
{"mock_phase": "before_read", "rank": 5, "copies": 35, "bytes": 3383936}
{"mock_phase": "read_complete", "rank": 5, "ret": 0, "bytes": 3383936}
{"mock_phase": "planned", "request_id": "cmpl-b056d6c42efa79a3-0-89b3d1da", "rank": 6, "pages": 35, "bytes": 3383936}
{"mock_phase": "before_read", "rank": 6, "copies": 35, "bytes": 3383936}
{"mock_phase": "read_complete", "rank": 6, "ret": 0, "bytes": 3383936}
{"mock_phase": "planned", "request_id": "cmpl-b056d6c42efa79a3-0-89b3d1da", "rank": 7, "pages": 35, "bytes": 3383936}
{"mock_phase": "before_read", "rank": 7, "copies": 35, "bytes": 3383936}
{"mock_phase": "read_complete", "rank": 7, "ret": 0, "bytes": 3383936}
{"ok": true, "request_id": "cmpl-b056d6c42efa79a3-0-89b3d1da", "ranks": [{"rank": 0, "bytes": 3383936, "read_s": 0.0008866400457918644, "hash_s": 0.00015386007726192474, "nonzero_groups": [0, 1, 2, 3, 4, 5, 6]}, {"rank": 1, "bytes": 3383936, "read_s": 0.000733659602701664, "hash_s": 0.00010663969442248344, "nonzero_groups": [0, 1, 2, 3, 4, 5, 6]}, {"rank": 2, "bytes": 3383936, "read_s": 0.0006143497303128242, "hash_s": 0.00010575028136372566, "nonzero_groups": [0, 1, 2, 3, 4, 5, 6]}, {"rank": 3, "bytes": 3383936, "read_s": 0.0009185103699564934, "hash_s": 0.00010563991963863373, "nonzero_groups": [0, 1, 2, 3, 4, 5, 6]}, {"rank": 4, "bytes": 3383936, "read_s": 0.0006729601882398129, "hash_s": 0.00010369997471570969, "nonzero_groups": [0, 1, 2, 3, 4, 5, 6]}, {"rank": 5, "bytes": 3383936, "read_s": 0.0006886599585413933, "hash_s": 0.00010525994002819061, "nonzero_groups": [0, 1, 2, 3, 4, 5, 6]}, {"rank": 6, "bytes": 3383936, "read_s": 0.000633500050753355, "hash_s": 0.00010268017649650574, "nonzero_groups": [0, 1, 2, 3, 4, 5, 6]}, {"rank": 7, "bytes": 3383936, "read_s": 0.0006575398147106171, "hash_s": 0.00010289996862411499, "nonzero_groups": [0, 1, 2, 3, 4, 5, 6]}], "bytes": 27071488, "consume_s": 0.012112200260162354, "ack_s": 0.0018264898099005222, "total_s": 0.01393895037472248, "hold_ms": 0}
127.0.0.1 - - [09/Oct/2026 07:22:54] "POST /consume HTTP/1.1" 200 -
{"mock_phase": "planned", "request_id": "cmpl-ae923199477a6036-0-b509a183", "rank": 0, "pages": 35, "bytes": 3383936}
{"mock_phase": "before_read", "rank": 0, "copies": 35, "bytes": 3383936}
{"mock_phase": "read_complete", "rank": 0, "ret": 0, "bytes": 3383936}
{"mock_phase": "planned", "request_id": "cmpl-ae923199477a6036-0-b509a183", "rank": 1, "pages": 35, "bytes": 3383936}
{"mock_phase": "before_read", "rank": 1, "copies": 35, "bytes": 3383936}
{"mock_phase": "read_complete", "rank": 1, "ret": 0, "bytes": 3383936}
{"mock_phase": "planned", "request_id": "cmpl-ae923199477a6036-0-b509a183", "rank": 2, "pages": 35, "bytes": 3383936}
{"mock_phase": "before_read", "rank": 2, "copies": 35, "bytes": 3383936}
{"mock_phase": "read_complete", "rank": 2, "ret": 0, "bytes": 3383936}
{"mock_phase": "planned", "request_id": "cmpl-ae923199477a6036-0-b509a183", "rank": 3, "pages": 35, "bytes": 3383936}
{"mock_phase": "before_read", "rank": 3, "copies": 35, "bytes": 3383936}
{"mock_phase": "read_complete", "rank": 3, "ret": 0, "bytes": 3383936}
{"mock_phase": "planned", "request_id": "cmpl-ae923199477a6036-0-b509a183", "rank": 4, "pages": 35, "bytes": 3383936}
{"mock_phase": "before_read", "rank": 4, "copies": 35, "bytes": 3383936}
{"mock_phase": "read_complete", "rank": 4, "ret": 0, "bytes": 3383936}
{"mock_phase": "planned", "request_id": "cmpl-ae923199477a6036-0-b509a183", "rank": 5, "pages": 35, "bytes": 3383936}
{"mock_phase": "before_read", "rank": 5, "copies": 35, "bytes": 3383936}
{"mock_phase": "read_complete", "rank": 5, "ret": 0, "bytes": 3383936}
{"mock_phase": "planned", "request_id": "cmpl-ae923199477a6036-0-b509a183", "rank": 6, "pages": 35, "bytes": 3383936}
{"mock_phase": "before_read", "rank": 6, "copies": 35, "bytes": 3383936}
{"mock_phase": "read_complete", "rank": 6, "ret": 0, "bytes": 3383936}
{"mock_phase": "planned", "request_id": "cmpl-ae923199477a6036-0-b509a183", "rank": 7, "pages": 35, "bytes": 3383936}
{"mock_phase": "before_read", "rank": 7, "copies": 35, "bytes": 3383936}
{"mock_phase": "read_complete", "rank": 7, "ret": 0, "bytes": 3383936}
{"ok": true, "request_id": "cmpl-ae923199477a6036-0-b509a183", "ranks": [{"rank": 0, "bytes": 3383936, "read_s": 0.000859950203448534, "hash_s": 0.0001632198691368103, "nonzero_groups": [0, 1, 2, 3, 4, 5, 6]}, {"rank": 1, "bytes": 3383936, "read_s": 0.0006518000736832619, "hash_s": 0.00011174008250236511, "nonzero_groups": [0, 1, 2, 3, 4, 5, 6]}, {"rank": 2, "bytes": 3383936, "read_s": 0.0006034700199961662, "hash_s": 0.0001070699654519558, "nonzero_groups": [0, 1, 2, 3, 4, 5, 6]}, {"rank": 3, "bytes": 3383936, "read_s": 0.000684219878166914, "hash_s": 0.00010649999603629112, "nonzero_groups": [0, 1, 2, 3, 4, 5, 6]}, {"rank": 4, "bytes": 3383936, "read_s": 0.0006745602004230022, "hash_s": 0.00010353000834584236, "nonzero_groups": [0, 1, 2, 3, 4, 5, 6]}, {"rank": 5, "bytes": 3383936, "read_s": 0.0006342497654259205, "hash_s": 0.00010409997776150703, "nonzero_groups": [0, 1, 2, 3, 4, 5, 6]}, {"rank": 6, "bytes": 3383936, "read_s": 0.0005809199064970016, "hash_s": 0.00010770978406071663, "nonzero_groups": [0, 1, 2, 3, 4, 5, 6]}, {"rank": 7, "bytes": 3383936, "read_s": 0.0006553502753376961, "hash_s": 0.00010690977796912193, "nonzero_groups": [0, 1, 2, 3, 4, 5, 6]}], "bytes": 27071488, "consume_s": 0.01061228010803461, "ack_s": 0.0016042101196944714, "total_s": 0.012216790113598108, "hold_ms": 0}
127.0.0.1 - - [09/Oct/2026 07:22:54] "POST /consume HTTP/1.1" 200 -
{"mock_phase": "planned", "request_id": "cmpl-8b07936eaa3d62a5-0-8b1dccd7", "rank": 0, "pages": 35, "bytes": 3383936}
{"mock_phase": "before_read", "rank": 0, "copies": 35, "bytes": 3383936}
{"mock_phase": "read_complete", "rank": 0, "ret": 0, "bytes": 3383936}
{"mock_phase": "planned", "request_id": "cmpl-8b07936eaa3d62a5-0-8b1dccd7", "rank": 1, "pages": 35, "bytes": 3383936}
{"mock_phase": "before_read", "rank": 1, "copies": 35, "bytes": 3383936}
{"mock_phase": "read_complete", "rank": 1, "ret": 0, "bytes": 3383936}
{"mock_phase": "planned", "request_id": "cmpl-8b07936eaa3d62a5-0-8b1dccd7", "rank": 2, "pages": 35, "bytes": 3383936}
{"mock_phase": "before_read", "rank": 2, "copies": 35, "bytes": 3383936}
{"mock_phase": "read_complete", "rank": 2, "ret": 0, "bytes": 3383936}
{"mock_phase": "planned", "request_id": "cmpl-8b07936eaa3d62a5-0-8b1dccd7", "rank": 3, "pages": 35, "bytes": 3383936}
{"mock_phase": "before_read", "rank": 3, "copies": 35, "bytes": 3383936}
{"mock_phase": "read_complete", "rank": 3, "ret": 0, "bytes": 3383936}
{"mock_phase": "planned", "request_id": "cmpl-8b07936eaa3d62a5-0-8b1dccd7", "rank": 4, "pages": 35, "bytes": 3383936}
{"mock_phase": "before_read", "rank": 4, "copies": 35, "bytes": 3383936}
{"mock_phase": "read_complete", "rank": 4, "ret": 0, "bytes": 3383936}
{"mock_phase": "planned", "request_id": "cmpl-8b07936eaa3d62a5-0-8b1dccd7", "rank": 5, "pages": 35, "bytes": 3383936}
{"mock_phase": "before_read", "rank": 5, "copies": 35, "bytes": 3383936}
{"mock_phase": "read_complete", "rank": 5, "ret": 0, "bytes": 3383936}
{"mock_phase": "planned", "request_id": "cmpl-8b07936eaa3d62a5-0-8b1dccd7", "rank": 6, "pages": 35, "bytes": 3383936}
{"mock_phase": "before_read", "rank": 6, "copies": 35, "bytes": 3383936}
{"mock_phase": "read_complete", "rank": 6, "ret": 0, "bytes": 3383936}
{"mock_phase": "planned", "request_id": "cmpl-8b07936eaa3d62a5-0-8b1dccd7", "rank": 7, "pages": 35, "bytes": 3383936}
{"mock_phase": "before_read", "rank": 7, "copies": 35, "bytes": 3383936}
{"mock_phase": "read_complete", "rank": 7, "ret": 0, "bytes": 3383936}
{"ok": true, "request_id": "cmpl-8b07936eaa3d62a5-0-8b1dccd7", "ranks": [{"rank": 0, "bytes": 3383936, "read_s": 0.0008098897524178028, "hash_s": 0.00015373993664979935, "nonzero_groups": [0, 1, 2, 3, 4, 5, 6]}, {"rank": 1, "bytes": 3383936, "read_s": 0.0007030698470771313, "hash_s": 0.00011165998876094818, "nonzero_groups": [0, 1, 2, 3, 4, 5, 6]}, {"rank": 2, "bytes": 3383936, "read_s": 0.0006055398844182491, "hash_s": 0.00010685995221138, "nonzero_groups": [0, 1, 2, 3, 4, 5, 6]}, {"rank": 3, "bytes": 3383936, "read_s": 0.0007358100265264511, "hash_s": 0.00010533956810832024, "nonzero_groups": [0, 1, 2, 3, 4, 5, 6]}, {"rank": 4, "bytes": 3383936, "read_s": 0.0006562802009284496, "hash_s": 0.00010501965880393982, "nonzero_groups": [0, 1, 2, 3, 4, 5, 6]}, {"rank": 5, "bytes": 3383936, "read_s": 0.0006310301832854748, "hash_s": 0.00010336004197597504, "nonzero_groups": [0, 1, 2, 3, 4, 5, 6]}, {"rank": 6, "bytes": 3383936, "read_s": 0.0005729496479034424, "hash_s": 0.00010241009294986725, "nonzero_groups": [0, 1, 2, 3, 4, 5, 6]}, {"rank": 7, "bytes": 3383936, "read_s": 0.0006501800380647182, "hash_s": 0.00010525994002819061, "nonzero_groups": [0, 1, 2, 3, 4, 5, 6]}], "bytes": 27071488, "consume_s": 0.010401539970189333, "ack_s": 0.001374680083245039, "total_s": 0.011776360217481852, "hold_ms": 0}
127.0.0.1 - - [09/Oct/2026 07:22:54] "POST /consume HTTP/1.1" 200 -
{"mock_phase": "planned", "request_id": "cmpl-bfc84b7c34fb0659-0-b478ea6f", "rank": 0, "pages": 35, "bytes": 3383936}
{"mock_phase": "before_read", "rank": 0, "copies": 35, "bytes": 3383936}
{"mock_phase": "read_complete", "rank": 0, "ret": 0, "bytes": 3383936}
{"mock_phase": "planned", "request_id": "cmpl-bfc84b7c34fb0659-0-b478ea6f", "rank": 1, "pages": 35, "bytes": 3383936}
{"mock_phase": "before_read", "rank": 1, "copies": 35, "bytes": 3383936}
{"mock_phase": "read_complete", "rank": 1, "ret": 0, "bytes": 3383936}
{"mock_phase": "planned", "request_id": "cmpl-bfc84b7c34fb0659-0-b478ea6f", "rank": 2, "pages": 35, "bytes": 3383936}
{"mock_phase": "before_read", "rank": 2, "copies": 35, "bytes": 3383936}
{"mock_phase": "read_complete", "rank": 2, "ret": 0, "bytes": 3383936}
{"mock_phase": "planned", "request_id": "cmpl-bfc84b7c34fb0659-0-b478ea6f", "rank": 3, "pages": 35, "bytes": 3383936}
{"mock_phase": "before_read", "rank": 3, "copies": 35, "bytes": 3383936}
{"mock_phase": "read_complete", "rank": 3, "ret": 0, "bytes": 3383936}
{"mock_phase": "planned", "request_id": "cmpl-bfc84b7c34fb0659-0-b478ea6f", "rank": 4, "pages": 35, "bytes": 3383936}
{"mock_phase": "before_read", "rank": 4, "copies": 35, "bytes": 3383936}
{"mock_phase": "read_complete", "rank": 4, "ret": 0, "bytes": 3383936}
{"mock_phase": "planned", "request_id": "cmpl-bfc84b7c34fb0659-0-b478ea6f", "rank": 5, "pages": 35, "bytes": 3383936}
{"mock_phase": "before_read", "rank": 5, "copies": 35, "bytes": 3383936}
{"mock_phase": "read_complete", "rank": 5, "ret": 0, "bytes": 3383936}
{"mock_phase": "planned", "request_id": "cmpl-bfc84b7c34fb0659-0-b478ea6f", "rank": 6, "pages": 35, "bytes": 3383936}
{"mock_phase": "before_read", "rank": 6, "copies": 35, "bytes": 3383936}
{"mock_phase": "read_complete", "rank": 6, "ret": 0, "bytes": 3383936}
{"mock_phase": "planned", "request_id": "cmpl-bfc84b7c34fb0659-0-b478ea6f", "rank": 7, "pages": 35, "bytes": 3383936}
{"mock_phase": "before_read", "rank": 7, "copies": 35, "bytes": 3383936}
{"mock_phase": "read_complete", "rank": 7, "ret": 0, "bytes": 3383936}
{"ok": true, "request_id": "cmpl-bfc84b7c34fb0659-0-b478ea6f", "ranks": [{"rank": 0, "bytes": 3383936, "read_s": 0.0007586297579109669, "hash_s": 0.00014276988804340363, "nonzero_groups": [0, 1, 2, 3, 4, 5, 6]}, {"rank": 1, "bytes": 3383936, "read_s": 0.0006617503240704536, "hash_s": 0.00010846974328160286, "nonzero_groups": [0, 1, 2, 3, 4, 5, 6]}, {"rank": 2, "bytes": 3383936, "read_s": 0.0006038299761712551, "hash_s": 0.00010483991354703903, "nonzero_groups": [0, 1, 2, 3, 4, 5, 6]}, {"rank": 3, "bytes": 3383936, "read_s": 0.00068996986374259, "hash_s": 0.00010869977995753288, "nonzero_groups": [0, 1, 2, 3, 4, 5, 6]}, {"rank": 4, "bytes": 3383936, "read_s": 0.0006521400064229965, "hash_s": 0.00010593002662062645, "nonzero_groups": [0, 1, 2, 3, 4, 5, 6]}, {"rank": 5, "bytes": 3383936, "read_s": 0.0006454102694988251, "hash_s": 0.00010344991460442543, "nonzero_groups": [0, 1, 2, 3, 4, 5, 6]}, {"rank": 6, "bytes": 3383936, "read_s": 0.0005769697017967701, "hash_s": 0.00010461965575814247, "nonzero_groups": [0, 1, 2, 3, 4, 5, 6]}, {"rank": 7, "bytes": 3383936, "read_s": 0.0006368500180542469, "hash_s": 0.00010187039151787758, "nonzero_groups": [0, 1, 2, 3, 4, 5, 6]}], "bytes": 27071488, "consume_s": 0.011233709752559662, "ack_s": 0.00158626027405262, "total_s": 0.012820119969546795, "hold_ms": 0}
127.0.0.1 - - [09/Oct/2026 07:22:55] "POST /consume HTTP/1.1" 200 -
{"mock_phase": "planned", "request_id": "cmpl-8f0375b7e834fe21-0-8aba1b17", "rank": 0, "pages": 35, "bytes": 3383936}
{"mock_phase": "before_read", "rank": 0, "copies": 35, "bytes": 3383936}
{"mock_phase": "read_complete", "rank": 0, "ret": 0, "bytes": 3383936}
{"mock_phase": "planned", "request_id": "cmpl-8f0375b7e834fe21-0-8aba1b17", "rank": 1, "pages": 35, "bytes": 3383936}
{"mock_phase": "before_read", "rank": 1, "copies": 35, "bytes": 3383936}
{"mock_phase": "read_complete", "rank": 1, "ret": 0, "bytes": 3383936}
{"mock_phase": "planned", "request_id": "cmpl-8f0375b7e834fe21-0-8aba1b17", "rank": 2, "pages": 35, "bytes": 3383936}
{"mock_phase": "before_read", "rank": 2, "copies": 35, "bytes": 3383936}
{"mock_phase": "read_complete", "rank": 2, "ret": 0, "bytes": 3383936}
{"mock_phase": "planned", "request_id": "cmpl-8f0375b7e834fe21-0-8aba1b17", "rank": 3, "pages": 35, "bytes": 3383936}
{"mock_phase": "before_read", "rank": 3, "copies": 35, "bytes": 3383936}
{"mock_phase": "read_complete", "rank": 3, "ret": 0, "bytes": 3383936}
{"mock_phase": "planned", "request_id": "cmpl-8f0375b7e834fe21-0-8aba1b17", "rank": 4, "pages": 35, "bytes": 3383936}
{"mock_phase": "before_read", "rank": 4, "copies": 35, "bytes": 3383936}
{"mock_phase": "read_complete", "rank": 4, "ret": 0, "bytes": 3383936}
{"mock_phase": "planned", "request_id": "cmpl-8f0375b7e834fe21-0-8aba1b17", "rank": 5, "pages": 35, "bytes": 3383936}
{"mock_phase": "before_read", "rank": 5, "copies": 35, "bytes": 3383936}
{"mock_phase": "read_complete", "rank": 5, "ret": 0, "bytes": 3383936}
{"mock_phase": "planned", "request_id": "cmpl-8f0375b7e834fe21-0-8aba1b17", "rank": 6, "pages": 35, "bytes": 3383936}
{"mock_phase": "before_read", "rank": 6, "copies": 35, "bytes": 3383936}
{"mock_phase": "read_complete", "rank": 6, "ret": 0, "bytes": 3383936}
{"mock_phase": "planned", "request_id": "cmpl-8f0375b7e834fe21-0-8aba1b17", "rank": 7, "pages": 35, "bytes": 3383936}
{"mock_phase": "before_read", "rank": 7, "copies": 35, "bytes": 3383936}
{"mock_phase": "read_complete", "rank": 7, "ret": 0, "bytes": 3383936}
{"ok": true, "request_id": "cmpl-8f0375b7e834fe21-0-8aba1b17", "ranks": [{"rank": 0, "bytes": 3383936, "read_s": 0.0009015402756631374, "hash_s": 0.0001552901230752468, "nonzero_groups": [0, 1, 2, 3, 4, 5, 6]}, {"rank": 1, "bytes": 3383936, "read_s": 0.0006547803059220314, "hash_s": 0.00011094007641077042, "nonzero_groups": [0, 1, 2, 3, 4, 5, 6]}, {"rank": 2, "bytes": 3383936, "read_s": 0.0005849902518093586, "hash_s": 0.00013167038559913635, "nonzero_groups": [0, 1, 2, 3, 4, 5, 6]}, {"rank": 3, "bytes": 3383936, "read_s": 0.0007832101546227932, "hash_s": 0.00011073006317019463, "nonzero_groups": [0, 1, 2, 3, 4, 5, 6]}, {"rank": 4, "bytes": 3383936, "read_s": 0.0007080500945448875, "hash_s": 0.00010864995419979095, "nonzero_groups": [0, 1, 2, 3, 4, 5, 6]}, {"rank": 5, "bytes": 3383936, "read_s": 0.0007197600789368153, "hash_s": 0.00010677007958292961, "nonzero_groups": [0, 1, 2, 3, 4, 5, 6]}, {"rank": 6, "bytes": 3383936, "read_s": 0.0006981599144637585, "hash_s": 0.00010422011837363243, "nonzero_groups": [0, 1, 2, 3, 4, 5, 6]}, {"rank": 7, "bytes": 3383936, "read_s": 0.0006348202005028725, "hash_s": 0.00010403990745544434, "nonzero_groups": [0, 1, 2, 3, 4, 5, 6]}], "bytes": 27071488, "consume_s": 0.010895150247961283, "ack_s": 0.0032897498458623886, "total_s": 0.014185050036758184, "hold_ms": 0}
127.0.0.1 - - [09/Oct/2026 07:22:55] "POST /consume HTTP/1.1" 200 -
{"mock_phase": "planned", "request_id": "cmpl-baca1c9d8b640c5c-0-9243e727", "rank": 0, "pages": 35, "bytes": 3383936}
{"mock_phase": "before_read", "rank": 0, "copies": 35, "bytes": 3383936}
{"mock_phase": "read_complete", "rank": 0, "ret": 0, "bytes": 3383936}
{"mock_phase": "planned", "request_id": "cmpl-baca1c9d8b640c5c-0-9243e727", "rank": 1, "pages": 35, "bytes": 3383936}
{"mock_phase": "before_read", "rank": 1, "copies": 35, "bytes": 3383936}
{"mock_phase": "read_complete", "rank": 1, "ret": 0, "bytes": 3383936}
{"mock_phase": "planned", "request_id": "cmpl-baca1c9d8b640c5c-0-9243e727", "rank": 2, "pages": 35, "bytes": 3383936}
{"mock_phase": "before_read", "rank": 2, "copies": 35, "bytes": 3383936}
{"mock_phase": "read_complete", "rank": 2, "ret": 0, "bytes": 3383936}
{"mock_phase": "planned", "request_id": "cmpl-baca1c9d8b640c5c-0-9243e727", "rank": 3, "pages": 35, "bytes": 3383936}
{"mock_phase": "before_read", "rank": 3, "copies": 35, "bytes": 3383936}
{"mock_phase": "read_complete", "rank": 3, "ret": 0, "bytes": 3383936}
{"mock_phase": "planned", "request_id": "cmpl-baca1c9d8b640c5c-0-9243e727", "rank": 4, "pages": 35, "bytes": 3383936}
{"mock_phase": "before_read", "rank": 4, "copies": 35, "bytes": 3383936}
{"mock_phase": "read_complete", "rank": 4, "ret": 0, "bytes": 3383936}
{"mock_phase": "planned", "request_id": "cmpl-baca1c9d8b640c5c-0-9243e727", "rank": 5, "pages": 35, "bytes": 3383936}
{"mock_phase": "before_read", "rank": 5, "copies": 35, "bytes": 3383936}
{"mock_phase": "read_complete", "rank": 5, "ret": 0, "bytes": 3383936}
{"mock_phase": "planned", "request_id": "cmpl-baca1c9d8b640c5c-0-9243e727", "rank": 6, "pages": 35, "bytes": 3383936}
{"mock_phase": "before_read", "rank": 6, "copies": 35, "bytes": 3383936}
{"mock_phase": "read_complete", "rank": 6, "ret": 0, "bytes": 3383936}
{"mock_phase": "planned", "request_id": "cmpl-baca1c9d8b640c5c-0-9243e727", "rank": 7, "pages": 35, "bytes": 3383936}
{"mock_phase": "before_read", "rank": 7, "copies": 35, "bytes": 3383936}
{"mock_phase": "read_complete", "rank": 7, "ret": 0, "bytes": 3383936}
{"ok": true, "request_id": "cmpl-baca1c9d8b640c5c-0-9243e727", "ranks": [{"rank": 0, "bytes": 3383936, "read_s": 0.0008348496630787849, "hash_s": 0.0001636897213757038, "nonzero_groups": [0, 1, 2, 3, 4, 5, 6]}, {"rank": 1, "bytes": 3383936, "read_s": 0.0006785900332033634, "hash_s": 0.0001105000264942646, "nonzero_groups": [0, 1, 2, 3, 4, 5, 6]}, {"rank": 2, "bytes": 3383936, "read_s": 0.0005881800316274166, "hash_s": 0.00011102994903922081, "nonzero_groups": [0, 1, 2, 3, 4, 5, 6]}, {"rank": 3, "bytes": 3383936, "read_s": 0.0007384601049125195, "hash_s": 0.00010892003774642944, "nonzero_groups": [0, 1, 2, 3, 4, 5, 6]}, {"rank": 4, "bytes": 3383936, "read_s": 0.0006572301499545574, "hash_s": 0.0001033698208630085, "nonzero_groups": [0, 1, 2, 3, 4, 5, 6]}, {"rank": 5, "bytes": 3383936, "read_s": 0.0006189700216054916, "hash_s": 0.00010427972301840782, "nonzero_groups": [0, 1, 2, 3, 4, 5, 6]}, {"rank": 6, "bytes": 3383936, "read_s": 0.0007234299555420876, "hash_s": 0.0001054098829627037, "nonzero_groups": [0, 1, 2, 3, 4, 5, 6]}, {"rank": 7, "bytes": 3383936, "read_s": 0.0006364500150084496, "hash_s": 0.00010285014286637306, "nonzero_groups": [0, 1, 2, 3, 4, 5, 6]}], "bytes": 27071488, "consume_s": 0.012200610246509314, "ack_s": 0.005813129711896181, "total_s": 0.018013869877904654, "hold_ms": 0}
127.0.0.1 - - [09/Oct/2026 07:22:55] "POST /consume HTTP/1.1" 200 -
{"mock_phase": "planned", "request_id": "cmpl-97e88b1c6e350ca5-0-b4e2d698", "rank": 0, "pages": 35, "bytes": 3383936}
{"mock_phase": "before_read", "rank": 0, "copies": 35, "bytes": 3383936}
{"mock_phase": "read_complete", "rank": 0, "ret": 0, "bytes": 3383936}
{"mock_phase": "planned", "request_id": "cmpl-97e88b1c6e350ca5-0-b4e2d698", "rank": 1, "pages": 35, "bytes": 3383936}
{"mock_phase": "before_read", "rank": 1, "copies": 35, "bytes": 3383936}
{"mock_phase": "read_complete", "rank": 1, "ret": 0, "bytes": 3383936}
{"mock_phase": "planned", "request_id": "cmpl-97e88b1c6e350ca5-0-b4e2d698", "rank": 2, "pages": 35, "bytes": 3383936}
{"mock_phase": "before_read", "rank": 2, "copies": 35, "bytes": 3383936}
{"mock_phase": "read_complete", "rank": 2, "ret": 0, "bytes": 3383936}
{"mock_phase": "planned", "request_id": "cmpl-97e88b1c6e350ca5-0-b4e2d698", "rank": 3, "pages": 35, "bytes": 3383936}
{"mock_phase": "before_read", "rank": 3, "copies": 35, "bytes": 3383936}
{"mock_phase": "read_complete", "rank": 3, "ret": 0, "bytes": 3383936}
{"mock_phase": "planned", "request_id": "cmpl-97e88b1c6e350ca5-0-b4e2d698", "rank": 4, "pages": 35, "bytes": 3383936}
{"mock_phase": "before_read", "rank": 4, "copies": 35, "bytes": 3383936}
{"mock_phase": "read_complete", "rank": 4, "ret": 0, "bytes": 3383936}
{"mock_phase": "planned", "request_id": "cmpl-97e88b1c6e350ca5-0-b4e2d698", "rank": 5, "pages": 35, "bytes": 3383936}
{"mock_phase": "before_read", "rank": 5, "copies": 35, "bytes": 3383936}
{"mock_phase": "read_complete", "rank": 5, "ret": 0, "bytes": 3383936}
{"mock_phase": "planned", "request_id": "cmpl-97e88b1c6e350ca5-0-b4e2d698", "rank": 6, "pages": 35, "bytes": 3383936}
{"mock_phase": "before_read", "rank": 6, "copies": 35, "bytes": 3383936}
{"mock_phase": "read_complete", "rank": 6, "ret": 0, "bytes": 3383936}
{"mock_phase": "planned", "request_id": "cmpl-97e88b1c6e350ca5-0-b4e2d698", "rank": 7, "pages": 35, "bytes": 3383936}
{"mock_phase": "before_read", "rank": 7, "copies": 35, "bytes": 3383936}
{"mock_phase": "read_complete", "rank": 7, "ret": 0, "bytes": 3383936}
{"ok": true, "request_id": "cmpl-97e88b1c6e350ca5-0-b4e2d698", "ranks": [{"rank": 0, "bytes": 3383936, "read_s": 0.0007859701290726662, "hash_s": 0.003881820011883974, "nonzero_groups": [0, 1, 2, 3, 4, 5, 6]}, {"rank": 1, "bytes": 3383936, "read_s": 0.0007198099046945572, "hash_s": 0.003806489985436201, "nonzero_groups": [0, 1, 2, 3, 4, 5, 6]}, {"rank": 2, "bytes": 3383936, "read_s": 0.0006271498277783394, "hash_s": 0.003779939841479063, "nonzero_groups": [0, 1, 2, 3, 4, 5, 6]}, {"rank": 3, "bytes": 3383936, "read_s": 0.0007074996829032898, "hash_s": 0.0037875897251069546, "nonzero_groups": [0, 1, 2, 3, 4, 5, 6]}, {"rank": 4, "bytes": 3383936, "read_s": 0.0006901202723383904, "hash_s": 0.003762979991734028, "nonzero_groups": [0, 1, 2, 3, 4, 5, 6]}, {"rank": 5, "bytes": 3383936, "read_s": 0.0006532697007060051, "hash_s": 0.0037852698005735874, "nonzero_groups": [0, 1, 2, 3, 4, 5, 6]}, {"rank": 6, "bytes": 3383936, "read_s": 0.0006651496514678001, "hash_s": 0.003775190096348524, "nonzero_groups": [0, 1, 2, 3, 4, 5, 6]}, {"rank": 7, "bytes": 3383936, "read_s": 0.0006743897683918476, "hash_s": 0.0037701698020100594, "nonzero_groups": [0, 1, 2, 3, 4, 5, 6]}], "bytes": 27071488, "consume_s": 0.04249344998970628, "ack_s": 0.0017692400142550468, "total_s": 0.044262830168008804, "hold_ms": 0}
127.0.0.1 - - [09/Oct/2026 07:22:56] "POST /consume HTTP/1.1" 200 -
{"mock_phase": "planned", "request_id": "cmpl-80dce6b91116c47f-0-96c47346", "rank": 0, "pages": 35, "bytes": 3383936}
{"mock_phase": "before_read", "rank": 0, "copies": 35, "bytes": 3383936}
{"mock_phase": "read_complete", "rank": 0, "ret": 0, "bytes": 3383936}
{"mock_phase": "planned", "request_id": "cmpl-80dce6b91116c47f-0-96c47346", "rank": 1, "pages": 35, "bytes": 3383936}
{"mock_phase": "before_read", "rank": 1, "copies": 35, "bytes": 3383936}
{"mock_phase": "read_complete", "rank": 1, "ret": 0, "bytes": 3383936}
{"mock_phase": "planned", "request_id": "cmpl-80dce6b91116c47f-0-96c47346", "rank": 2, "pages": 35, "bytes": 3383936}
{"mock_phase": "before_read", "rank": 2, "copies": 35, "bytes": 3383936}
{"mock_phase": "read_complete", "rank": 2, "ret": 0, "bytes": 3383936}
{"mock_phase": "planned", "request_id": "cmpl-80dce6b91116c47f-0-96c47346", "rank": 3, "pages": 35, "bytes": 3383936}
{"mock_phase": "before_read", "rank": 3, "copies": 35, "bytes": 3383936}
{"mock_phase": "read_complete", "rank": 3, "ret": 0, "bytes": 3383936}
{"mock_phase": "planned", "request_id": "cmpl-80dce6b91116c47f-0-96c47346", "rank": 4, "pages": 35, "bytes": 3383936}
{"mock_phase": "before_read", "rank": 4, "copies": 35, "bytes": 3383936}
{"mock_phase": "read_complete", "rank": 4, "ret": 0, "bytes": 3383936}
{"mock_phase": "planned", "request_id": "cmpl-80dce6b91116c47f-0-96c47346", "rank": 5, "pages": 35, "bytes": 3383936}
{"mock_phase": "before_read", "rank": 5, "copies": 35, "bytes": 3383936}
{"mock_phase": "read_complete", "rank": 5, "ret": 0, "bytes": 3383936}
{"mock_phase": "planned", "request_id": "cmpl-80dce6b91116c47f-0-96c47346", "rank": 6, "pages": 35, "bytes": 3383936}
{"mock_phase": "before_read", "rank": 6, "copies": 35, "bytes": 3383936}
{"mock_phase": "read_complete", "rank": 6, "ret": 0, "bytes": 3383936}
{"mock_phase": "planned", "request_id": "cmpl-80dce6b91116c47f-0-96c47346", "rank": 7, "pages": 35, "bytes": 3383936}
{"mock_phase": "before_read", "rank": 7, "copies": 35, "bytes": 3383936}
{"mock_phase": "read_complete", "rank": 7, "ret": 0, "bytes": 3383936}
{"ok": true, "request_id": "cmpl-80dce6b91116c47f-0-96c47346", "ranks": [{"rank": 0, "bytes": 3383936, "read_s": 0.0007658200338482857, "hash_s": 0.0038502500392496586, "nonzero_groups": [0, 1, 2, 3, 4, 5, 6]}, {"rank": 1, "bytes": 3383936, "read_s": 0.0006587598472833633, "hash_s": 0.0037679700180888176, "nonzero_groups": [0, 1, 2, 3, 4, 5, 6]}, {"rank": 2, "bytes": 3383936, "read_s": 0.000621110200881958, "hash_s": 0.0037749800831079483, "nonzero_groups": [0, 1, 2, 3, 4, 5, 6]}, {"rank": 3, "bytes": 3383936, "read_s": 0.0006945701315999031, "hash_s": 0.0037715602666139603, "nonzero_groups": [0, 1, 2, 3, 4, 5, 6]}, {"rank": 4, "bytes": 3383936, "read_s": 0.0006806398741900921, "hash_s": 0.003767679911106825, "nonzero_groups": [0, 1, 2, 3, 4, 5, 6]}, {"rank": 5, "bytes": 3383936, "read_s": 0.0006447304040193558, "hash_s": 0.0037477496080100536, "nonzero_groups": [0, 1, 2, 3, 4, 5, 6]}, {"rank": 6, "bytes": 3383936, "read_s": 0.0006703399121761322, "hash_s": 0.003824640065431595, "nonzero_groups": [0, 1, 2, 3, 4, 5, 6]}, {"rank": 7, "bytes": 3383936, "read_s": 0.0006586601957678795, "hash_s": 0.0037733400240540504, "nonzero_groups": [0, 1, 2, 3, 4, 5, 6]}], "bytes": 27071488, "consume_s": 0.04100944986566901, "ack_s": 0.002113030292093754, "total_s": 0.04312263987958431, "hold_ms": 0}
127.0.0.1 - - [09/Oct/2026 07:22:56] "POST /consume HTTP/1.1" 200 -
{"mock_phase": "planned", "request_id": "cmpl-9fe7614798331a26-0-9d4529ef", "rank": 0, "pages": 35, "bytes": 3383936}
{"mock_phase": "before_read", "rank": 0, "copies": 35, "bytes": 3383936}
{"mock_phase": "read_complete", "rank": 0, "ret": 0, "bytes": 3383936}
{"mock_phase": "planned", "request_id": "cmpl-9fe7614798331a26-0-9d4529ef", "rank": 1, "pages": 35, "bytes": 3383936}
{"mock_phase": "before_read", "rank": 1, "copies": 35, "bytes": 3383936}
{"mock_phase": "read_complete", "rank": 1, "ret": 0, "bytes": 3383936}
{"mock_phase": "planned", "request_id": "cmpl-9fe7614798331a26-0-9d4529ef", "rank": 2, "pages": 35, "bytes": 3383936}
{"mock_phase": "before_read", "rank": 2, "copies": 35, "bytes": 3383936}
{"mock_phase": "read_complete", "rank": 2, "ret": 0, "bytes": 3383936}
{"mock_phase": "planned", "request_id": "cmpl-9fe7614798331a26-0-9d4529ef", "rank": 3, "pages": 35, "bytes": 3383936}
{"mock_phase": "before_read", "rank": 3, "copies": 35, "bytes": 3383936}
{"mock_phase": "read_complete", "rank": 3, "ret": 0, "bytes": 3383936}
{"mock_phase": "planned", "request_id": "cmpl-9fe7614798331a26-0-9d4529ef", "rank": 4, "pages": 35, "bytes": 3383936}
{"mock_phase": "before_read", "rank": 4, "copies": 35, "bytes": 3383936}
{"mock_phase": "read_complete", "rank": 4, "ret": 0, "bytes": 3383936}
{"mock_phase": "planned", "request_id": "cmpl-9fe7614798331a26-0-9d4529ef", "rank": 5, "pages": 35, "bytes": 3383936}
{"mock_phase": "before_read", "rank": 5, "copies": 35, "bytes": 3383936}
{"mock_phase": "read_complete", "rank": 5, "ret": 0, "bytes": 3383936}
{"mock_phase": "planned", "request_id": "cmpl-9fe7614798331a26-0-9d4529ef", "rank": 6, "pages": 35, "bytes": 3383936}
{"mock_phase": "before_read", "rank": 6, "copies": 35, "bytes": 3383936}
{"mock_phase": "read_complete", "rank": 6, "ret": 0, "bytes": 3383936}
{"mock_phase": "planned", "request_id": "cmpl-9fe7614798331a26-0-9d4529ef", "rank": 7, "pages": 35, "bytes": 3383936}
{"mock_phase": "before_read", "rank": 7, "copies": 35, "bytes": 3383936}
{"mock_phase": "read_complete", "rank": 7, "ret": 0, "bytes": 3383936}
{"ok": true, "request_id": "cmpl-9fe7614798331a26-0-9d4529ef", "ranks": [{"rank": 0, "bytes": 3383936, "read_s": 0.0007657301612198353, "hash_s": 0.0038417899049818516, "nonzero_groups": [0, 1, 2, 3, 4, 5, 6]}, {"rank": 1, "bytes": 3383936, "read_s": 0.0006969398818910122, "hash_s": 0.003804909996688366, "nonzero_groups": [0, 1, 2, 3, 4, 5, 6]}, {"rank": 2, "bytes": 3383936, "read_s": 0.0006243796087801456, "hash_s": 0.003768530208617449, "nonzero_groups": [0, 1, 2, 3, 4, 5, 6]}, {"rank": 3, "bytes": 3383936, "read_s": 0.0007033701986074448, "hash_s": 0.0037789097987115383, "nonzero_groups": [0, 1, 2, 3, 4, 5, 6]}, {"rank": 4, "bytes": 3383936, "read_s": 0.0006843297742307186, "hash_s": 0.003768680151551962, "nonzero_groups": [0, 1, 2, 3, 4, 5, 6]}, {"rank": 5, "bytes": 3383936, "read_s": 0.000650420319288969, "hash_s": 0.003765920177102089, "nonzero_groups": [0, 1, 2, 3, 4, 5, 6]}, {"rank": 6, "bytes": 3383936, "read_s": 0.0006491402164101601, "hash_s": 0.0037489300593733788, "nonzero_groups": [0, 1, 2, 3, 4, 5, 6]}, {"rank": 7, "bytes": 3383936, "read_s": 0.0006708302535116673, "hash_s": 0.00377456983551383, "nonzero_groups": [0, 1, 2, 3, 4, 5, 6]}], "bytes": 27071488, "consume_s": 0.04077660012990236, "ack_s": 0.0014380500651896, "total_s": 0.042214789893478155, "hold_ms": 0}
127.0.0.1 - - [09/Oct/2026 07:22:57] "POST /consume HTTP/1.1" 200 -
{"mock_phase": "planned", "request_id": "cmpl-832d73a9e686e576-0-9c7146a7", "rank": 0, "pages": 139, "bytes": 8590336}
{"mock_phase": "before_read", "rank": 0, "copies": 64, "bytes": 1771520}
{"mock_phase": "read_complete", "rank": 0, "ret": 0, "bytes": 1771520}
{"mock_phase": "before_read", "rank": 0, "copies": 64, "bytes": 5377024}
{"mock_phase": "read_complete", "rank": 0, "ret": 0, "bytes": 5377024}
{"mock_phase": "before_read", "rank": 0, "copies": 11, "bytes": 1441792}
{"mock_phase": "read_complete", "rank": 0, "ret": 0, "bytes": 1441792}
{"mock_phase": "planned", "request_id": "cmpl-832d73a9e686e576-0-9c7146a7", "rank": 1, "pages": 139, "bytes": 8590336}
{"mock_phase": "before_read", "rank": 1, "copies": 64, "bytes": 1771520}
{"mock_phase": "read_complete", "rank": 1, "ret": 0, "bytes": 1771520}
{"mock_phase": "before_read", "rank": 1, "copies": 64, "bytes": 5377024}
{"mock_phase": "read_complete", "rank": 1, "ret": 0, "bytes": 5377024}
{"mock_phase": "before_read", "rank": 1, "copies": 11, "bytes": 1441792}
{"mock_phase": "read_complete", "rank": 1, "ret": 0, "bytes": 1441792}
{"mock_phase": "planned", "request_id": "cmpl-832d73a9e686e576-0-9c7146a7", "rank": 2, "pages": 139, "bytes": 8590336}
{"mock_phase": "before_read", "rank": 2, "copies": 64, "bytes": 1771520}
{"mock_phase": "read_complete", "rank": 2, "ret": 0, "bytes": 1771520}
{"mock_phase": "before_read", "rank": 2, "copies": 64, "bytes": 5377024}
{"mock_phase": "read_complete", "rank": 2, "ret": 0, "bytes": 5377024}
{"mock_phase": "before_read", "rank": 2, "copies": 11, "bytes": 1441792}
{"mock_phase": "read_complete", "rank": 2, "ret": 0, "bytes": 1441792}
{"mock_phase": "planned", "request_id": "cmpl-832d73a9e686e576-0-9c7146a7", "rank": 3, "pages": 139, "bytes": 8590336}
{"mock_phase": "before_read", "rank": 3, "copies": 64, "bytes": 1771520}
{"mock_phase": "read_complete", "rank": 3, "ret": 0, "bytes": 1771520}
{"mock_phase": "before_read", "rank": 3, "copies": 64, "bytes": 5377024}
{"mock_phase": "read_complete", "rank": 3, "ret": 0, "bytes": 5377024}
{"mock_phase": "before_read", "rank": 3, "copies": 11, "bytes": 1441792}
{"mock_phase": "read_complete", "rank": 3, "ret": 0, "bytes": 1441792}
{"mock_phase": "planned", "request_id": "cmpl-832d73a9e686e576-0-9c7146a7", "rank": 4, "pages": 139, "bytes": 8590336}
{"mock_phase": "before_read", "rank": 4, "copies": 64, "bytes": 1771520}
{"mock_phase": "read_complete", "rank": 4, "ret": 0, "bytes": 1771520}
{"mock_phase": "before_read", "rank": 4, "copies": 64, "bytes": 5377024}
{"mock_phase": "read_complete", "rank": 4, "ret": 0, "bytes": 5377024}
{"mock_phase": "before_read", "rank": 4, "copies": 11, "bytes": 1441792}
{"mock_phase": "read_complete", "rank": 4, "ret": 0, "bytes": 1441792}
{"mock_phase": "planned", "request_id": "cmpl-832d73a9e686e576-0-9c7146a7", "rank": 5, "pages": 139, "bytes": 8590336}
{"mock_phase": "before_read", "rank": 5, "copies": 64, "bytes": 1771520}
{"mock_phase": "read_complete", "rank": 5, "ret": 0, "bytes": 1771520}
{"mock_phase": "before_read", "rank": 5, "copies": 64, "bytes": 5377024}
{"mock_phase": "read_complete", "rank": 5, "ret": 0, "bytes": 5377024}
{"mock_phase": "before_read", "rank": 5, "copies": 11, "bytes": 1441792}
{"mock_phase": "read_complete", "rank": 5, "ret": 0, "bytes": 1441792}
{"mock_phase": "planned", "request_id": "cmpl-832d73a9e686e576-0-9c7146a7", "rank": 6, "pages": 139, "bytes": 8590336}
{"mock_phase": "before_read", "rank": 6, "copies": 64, "bytes": 1771520}
{"mock_phase": "read_complete", "rank": 6, "ret": 0, "bytes": 1771520}
{"mock_phase": "before_read", "rank": 6, "copies": 64, "bytes": 5377024}
{"mock_phase": "read_complete", "rank": 6, "ret": 0, "bytes": 5377024}
{"mock_phase": "before_read", "rank": 6, "copies": 11, "bytes": 1441792}
{"mock_phase": "read_complete", "rank": 6, "ret": 0, "bytes": 1441792}
{"mock_phase": "planned", "request_id": "cmpl-832d73a9e686e576-0-9c7146a7", "rank": 7, "pages": 139, "bytes": 8590336}
{"mock_phase": "before_read", "rank": 7, "copies": 64, "bytes": 1771520}
{"mock_phase": "read_complete", "rank": 7, "ret": 0, "bytes": 1771520}
{"mock_phase": "before_read", "rank": 7, "copies": 64, "bytes": 5377024}
{"mock_phase": "read_complete", "rank": 7, "ret": 0, "bytes": 5377024}
{"mock_phase": "before_read", "rank": 7, "copies": 11, "bytes": 1441792}
{"mock_phase": "read_complete", "rank": 7, "ret": 0, "bytes": 1441792}
{"ok": true, "request_id": "cmpl-832d73a9e686e576-0-9c7146a7", "ranks": [{"rank": 0, "bytes": 8590336, "read_s": 0.0018999199382960796, "hash_s": 0.006921380292624235, "nonzero_groups": [0, 1, 2, 3, 4, 5, 6]}, {"rank": 1, "bytes": 8590336, "read_s": 0.0017531299963593483, "hash_s": 0.007006620056927204, "nonzero_groups": [0, 1, 2, 3, 4, 5, 6]}, {"rank": 2, "bytes": 8590336, "read_s": 0.001671220175921917, "hash_s": 0.006930760107934475, "nonzero_groups": [0, 1, 2, 3, 4, 5, 6]}, {"rank": 3, "bytes": 8590336, "read_s": 0.0015022298321127892, "hash_s": 0.0069340006448328495, "nonzero_groups": [0, 1, 2, 3, 4, 5, 6]}, {"rank": 4, "bytes": 8590336, "read_s": 0.0014730398543179035, "hash_s": 0.006896750070154667, "nonzero_groups": [0, 1, 2, 3, 4, 5, 6]}, {"rank": 5, "bytes": 8590336, "read_s": 0.0015657898038625717, "hash_s": 0.006954560521990061, "nonzero_groups": [0, 1, 2, 3, 4, 5, 6]}, {"rank": 6, "bytes": 8590336, "read_s": 0.0015276996418833733, "hash_s": 0.006949679926037788, "nonzero_groups": [0, 1, 2, 3, 4, 5, 6]}, {"rank": 7, "bytes": 8590336, "read_s": 0.0015290002338588238, "hash_s": 0.0068929498083889484, "nonzero_groups": [0, 1, 2, 3, 4, 5, 6]}], "bytes": 68722688, "consume_s": 0.07888949010521173, "ack_s": 0.002268429845571518, "total_s": 0.08115808013826609, "hold_ms": 0}
127.0.0.1 - - [09/Oct/2026 07:22:57] "POST /consume HTTP/1.1" 200 -
{"mock_phase": "planned", "request_id": "cmpl-9d34139939e68013-0-bf50e4d1", "rank": 0, "pages": 139, "bytes": 8590336}
{"mock_phase": "before_read", "rank": 0, "copies": 64, "bytes": 1771520}
{"mock_phase": "read_complete", "rank": 0, "ret": 0, "bytes": 1771520}
{"mock_phase": "before_read", "rank": 0, "copies": 64, "bytes": 5377024}
{"mock_phase": "read_complete", "rank": 0, "ret": 0, "bytes": 5377024}
{"mock_phase": "before_read", "rank": 0, "copies": 11, "bytes": 1441792}
{"mock_phase": "read_complete", "rank": 0, "ret": 0, "bytes": 1441792}
{"mock_phase": "planned", "request_id": "cmpl-9d34139939e68013-0-bf50e4d1", "rank": 1, "pages": 139, "bytes": 8590336}
{"mock_phase": "before_read", "rank": 1, "copies": 64, "bytes": 1771520}
{"mock_phase": "read_complete", "rank": 1, "ret": 0, "bytes": 1771520}
{"mock_phase": "before_read", "rank": 1, "copies": 64, "bytes": 5377024}
{"mock_phase": "read_complete", "rank": 1, "ret": 0, "bytes": 5377024}
{"mock_phase": "before_read", "rank": 1, "copies": 11, "bytes": 1441792}
{"mock_phase": "read_complete", "rank": 1, "ret": 0, "bytes": 1441792}
{"mock_phase": "planned", "request_id": "cmpl-9d34139939e68013-0-bf50e4d1", "rank": 2, "pages": 139, "bytes": 8590336}
{"mock_phase": "before_read", "rank": 2, "copies": 64, "bytes": 1771520}
{"mock_phase": "read_complete", "rank": 2, "ret": 0, "bytes": 1771520}
{"mock_phase": "before_read", "rank": 2, "copies": 64, "bytes": 5377024}
{"mock_phase": "read_complete", "rank": 2, "ret": 0, "bytes": 5377024}
{"mock_phase": "before_read", "rank": 2, "copies": 11, "bytes": 1441792}
{"mock_phase": "read_complete", "rank": 2, "ret": 0, "bytes": 1441792}
{"mock_phase": "planned", "request_id": "cmpl-9d34139939e68013-0-bf50e4d1", "rank": 3, "pages": 139, "bytes": 8590336}
{"mock_phase": "before_read", "rank": 3, "copies": 64, "bytes": 1771520}
{"mock_phase": "read_complete", "rank": 3, "ret": 0, "bytes": 1771520}
{"mock_phase": "before_read", "rank": 3, "copies": 64, "bytes": 5377024}
{"mock_phase": "read_complete", "rank": 3, "ret": 0, "bytes": 5377024}
{"mock_phase": "before_read", "rank": 3, "copies": 11, "bytes": 1441792}
{"mock_phase": "read_complete", "rank": 3, "ret": 0, "bytes": 1441792}
{"mock_phase": "planned", "request_id": "cmpl-9d34139939e68013-0-bf50e4d1", "rank": 4, "pages": 139, "bytes": 8590336}
{"mock_phase": "before_read", "rank": 4, "copies": 64, "bytes": 1771520}
{"mock_phase": "read_complete", "rank": 4, "ret": 0, "bytes": 1771520}
{"mock_phase": "before_read", "rank": 4, "copies": 64, "bytes": 5377024}
{"mock_phase": "read_complete", "rank": 4, "ret": 0, "bytes": 5377024}
{"mock_phase": "before_read", "rank": 4, "copies": 11, "bytes": 1441792}
{"mock_phase": "read_complete", "rank": 4, "ret": 0, "bytes": 1441792}
{"mock_phase": "planned", "request_id": "cmpl-9d34139939e68013-0-bf50e4d1", "rank": 5, "pages": 139, "bytes": 8590336}
{"mock_phase": "before_read", "rank": 5, "copies": 64, "bytes": 1771520}
{"mock_phase": "read_complete", "rank": 5, "ret": 0, "bytes": 1771520}
{"mock_phase": "before_read", "rank": 5, "copies": 64, "bytes": 5377024}
{"mock_phase": "read_complete", "rank": 5, "ret": 0, "bytes": 5377024}
{"mock_phase": "before_read", "rank": 5, "copies": 11, "bytes": 1441792}
{"mock_phase": "read_complete", "rank": 5, "ret": 0, "bytes": 1441792}
{"mock_phase": "planned", "request_id": "cmpl-9d34139939e68013-0-bf50e4d1", "rank": 6, "pages": 139, "bytes": 8590336}
{"mock_phase": "before_read", "rank": 6, "copies": 64, "bytes": 1771520}
{"mock_phase": "read_complete", "rank": 6, "ret": 0, "bytes": 1771520}
{"mock_phase": "before_read", "rank": 6, "copies": 64, "bytes": 5377024}
{"mock_phase": "read_complete", "rank": 6, "ret": 0, "bytes": 5377024}
{"mock_phase": "before_read", "rank": 6, "copies": 11, "bytes": 1441792}
{"mock_phase": "read_complete", "rank": 6, "ret": 0, "bytes": 1441792}
{"mock_phase": "planned", "request_id": "cmpl-9d34139939e68013-0-bf50e4d1", "rank": 7, "pages": 139, "bytes": 8590336}
{"mock_phase": "before_read", "rank": 7, "copies": 64, "bytes": 1771520}
{"mock_phase": "read_complete", "rank": 7, "ret": 0, "bytes": 1771520}
{"mock_phase": "before_read", "rank": 7, "copies": 64, "bytes": 5377024}
{"mock_phase": "read_complete", "rank": 7, "ret": 0, "bytes": 5377024}
{"mock_phase": "before_read", "rank": 7, "copies": 11, "bytes": 1441792}
{"mock_phase": "read_complete", "rank": 7, "ret": 0, "bytes": 1441792}
{"ok": true, "request_id": "cmpl-9d34139939e68013-0-bf50e4d1", "ranks": [{"rank": 0, "bytes": 8590336, "read_s": 0.0017757099121809006, "hash_s": 0.006990739610046148, "nonzero_groups": [0, 1, 2, 3, 4, 5, 6]}, {"rank": 1, "bytes": 8590336, "read_s": 0.0017410502769052982, "hash_s": 0.00687399972230196, "nonzero_groups": [0, 1, 2, 3, 4, 5, 6]}, {"rank": 2, "bytes": 8590336, "read_s": 0.0015859096311032772, "hash_s": 0.007019249722361565, "nonzero_groups": [0, 1, 2, 3, 4, 5, 6]}, {"rank": 3, "bytes": 8590336, "read_s": 0.0015212297439575195, "hash_s": 0.006874470040202141, "nonzero_groups": [0, 1, 2, 3, 4, 5, 6]}, {"rank": 4, "bytes": 8590336, "read_s": 0.0015693800523877144, "hash_s": 0.0068501997739076614, "nonzero_groups": [0, 1, 2, 3, 4, 5, 6]}, {"rank": 5, "bytes": 8590336, "read_s": 0.0015098294243216515, "hash_s": 0.006930040195584297, "nonzero_groups": [0, 1, 2, 3, 4, 5, 6]}, {"rank": 6, "bytes": 8590336, "read_s": 0.0015409006737172604, "hash_s": 0.006902099587023258, "nonzero_groups": [0, 1, 2, 3, 4, 5, 6]}, {"rank": 7, "bytes": 8590336, "read_s": 0.001512050163000822, "hash_s": 0.006829889956861734, "nonzero_groups": [0, 1, 2, 3, 4, 5, 6]}], "bytes": 68722688, "consume_s": 0.07525846967473626, "ack_s": 0.002517110202461481, "total_s": 0.07777575962245464, "hold_ms": 0}
127.0.0.1 - - [09/Oct/2026 07:22:57] "POST /consume HTTP/1.1" 200 -
{"mock_phase": "planned", "request_id": "cmpl-ac234927696ea3d0-0-9c75817b", "rank": 0, "pages": 139, "bytes": 8590336}
{"mock_phase": "before_read", "rank": 0, "copies": 64, "bytes": 1771520}
{"mock_phase": "read_complete", "rank": 0, "ret": 0, "bytes": 1771520}
{"mock_phase": "before_read", "rank": 0, "copies": 64, "bytes": 5377024}
{"mock_phase": "read_complete", "rank": 0, "ret": 0, "bytes": 5377024}
{"mock_phase": "before_read", "rank": 0, "copies": 11, "bytes": 1441792}
{"mock_phase": "read_complete", "rank": 0, "ret": 0, "bytes": 1441792}
{"mock_phase": "planned", "request_id": "cmpl-ac234927696ea3d0-0-9c75817b", "rank": 1, "pages": 139, "bytes": 8590336}
{"mock_phase": "before_read", "rank": 1, "copies": 64, "bytes": 1771520}
{"mock_phase": "read_complete", "rank": 1, "ret": 0, "bytes": 1771520}
{"mock_phase": "before_read", "rank": 1, "copies": 64, "bytes": 5377024}
{"mock_phase": "read_complete", "rank": 1, "ret": 0, "bytes": 5377024}
{"mock_phase": "before_read", "rank": 1, "copies": 11, "bytes": 1441792}
{"mock_phase": "read_complete", "rank": 1, "ret": 0, "bytes": 1441792}
{"mock_phase": "planned", "request_id": "cmpl-ac234927696ea3d0-0-9c75817b", "rank": 2, "pages": 139, "bytes": 8590336}
{"mock_phase": "before_read", "rank": 2, "copies": 64, "bytes": 1771520}
{"mock_phase": "read_complete", "rank": 2, "ret": 0, "bytes": 1771520}
{"mock_phase": "before_read", "rank": 2, "copies": 64, "bytes": 5377024}
{"mock_phase": "read_complete", "rank": 2, "ret": 0, "bytes": 5377024}
{"mock_phase": "before_read", "rank": 2, "copies": 11, "bytes": 1441792}
{"mock_phase": "read_complete", "rank": 2, "ret": 0, "bytes": 1441792}
{"mock_phase": "planned", "request_id": "cmpl-ac234927696ea3d0-0-9c75817b", "rank": 3, "pages": 139, "bytes": 8590336}
{"mock_phase": "before_read", "rank": 3, "copies": 64, "bytes": 1771520}
{"mock_phase": "read_complete", "rank": 3, "ret": 0, "bytes": 1771520}
{"mock_phase": "before_read", "rank": 3, "copies": 64, "bytes": 5377024}
{"mock_phase": "read_complete", "rank": 3, "ret": 0, "bytes": 5377024}
{"mock_phase": "before_read", "rank": 3, "copies": 11, "bytes": 1441792}
{"mock_phase": "read_complete", "rank": 3, "ret": 0, "bytes": 1441792}
{"mock_phase": "planned", "request_id": "cmpl-ac234927696ea3d0-0-9c75817b", "rank": 4, "pages": 139, "bytes": 8590336}
{"mock_phase": "before_read", "rank": 4, "copies": 64, "bytes": 1771520}
{"mock_phase": "read_complete", "rank": 4, "ret": 0, "bytes": 1771520}
{"mock_phase": "before_read", "rank": 4, "copies": 64, "bytes": 5377024}
{"mock_phase": "read_complete", "rank": 4, "ret": 0, "bytes": 5377024}
{"mock_phase": "before_read", "rank": 4, "copies": 11, "bytes": 1441792}
{"mock_phase": "read_complete", "rank": 4, "ret": 0, "bytes": 1441792}
{"mock_phase": "planned", "request_id": "cmpl-ac234927696ea3d0-0-9c75817b", "rank": 5, "pages": 139, "bytes": 8590336}
{"mock_phase": "before_read", "rank": 5, "copies": 64, "bytes": 1771520}
{"mock_phase": "read_complete", "rank": 5, "ret": 0, "bytes": 1771520}
{"mock_phase": "before_read", "rank": 5, "copies": 64, "bytes": 5377024}
{"mock_phase": "read_complete", "rank": 5, "ret": 0, "bytes": 5377024}
{"mock_phase": "before_read", "rank": 5, "copies": 11, "bytes": 1441792}
{"mock_phase": "read_complete", "rank": 5, "ret": 0, "bytes": 1441792}
{"mock_phase": "planned", "request_id": "cmpl-ac234927696ea3d0-0-9c75817b", "rank": 6, "pages": 139, "bytes": 8590336}
{"mock_phase": "before_read", "rank": 6, "copies": 64, "bytes": 1771520}
{"mock_phase": "read_complete", "rank": 6, "ret": 0, "bytes": 1771520}
{"mock_phase": "before_read", "rank": 6, "copies": 64, "bytes": 5377024}
{"mock_phase": "read_complete", "rank": 6, "ret": 0, "bytes": 5377024}
{"mock_phase": "before_read", "rank": 6, "copies": 11, "bytes": 1441792}
{"mock_phase": "read_complete", "rank": 6, "ret": 0, "bytes": 1441792}
{"mock_phase": "planned", "request_id": "cmpl-ac234927696ea3d0-0-9c75817b", "rank": 7, "pages": 139, "bytes": 8590336}
{"mock_phase": "before_read", "rank": 7, "copies": 64, "bytes": 1771520}
{"mock_phase": "read_complete", "rank": 7, "ret": 0, "bytes": 1771520}
{"mock_phase": "before_read", "rank": 7, "copies": 64, "bytes": 5377024}
{"mock_phase": "read_complete", "rank": 7, "ret": 0, "bytes": 5377024}
{"mock_phase": "before_read", "rank": 7, "copies": 11, "bytes": 1441792}
{"mock_phase": "read_complete", "rank": 7, "ret": 0, "bytes": 1441792}
{"ok": true, "request_id": "cmpl-ac234927696ea3d0-0-9c75817b", "ranks": [{"rank": 0, "bytes": 8590336, "read_s": 0.0018231594003736973, "hash_s": 0.006977810058742762, "nonzero_groups": [0, 1, 2, 3, 4, 5, 6]}, {"rank": 1, "bytes": 8590336, "read_s": 0.0017749201506376266, "hash_s": 0.006959700491279364, "nonzero_groups": [0, 1, 2, 3, 4, 5, 6]}, {"rank": 2, "bytes": 8590336, "read_s": 0.0016508405096828938, "hash_s": 0.006943249609321356, "nonzero_groups": [0, 1, 2, 3, 4, 5, 6]}, {"rank": 3, "bytes": 8590336, "read_s": 0.0016755699180066586, "hash_s": 0.0068892305716872215, "nonzero_groups": [0, 1, 2, 3, 4, 5, 6]}, {"rank": 4, "bytes": 8590336, "read_s": 0.001579629722982645, "hash_s": 0.006918950006365776, "nonzero_groups": [0, 1, 2, 3, 4, 5, 6]}, {"rank": 5, "bytes": 8590336, "read_s": 0.001560139935463667, "hash_s": 0.00692880991846323, "nonzero_groups": [0, 1, 2, 3, 4, 5, 6]}, {"rank": 6, "bytes": 8590336, "read_s": 0.0015369001775979996, "hash_s": 0.0069328793324530125, "nonzero_groups": [0, 1, 2, 3, 4, 5, 6]}, {"rank": 7, "bytes": 8590336, "read_s": 0.0014756303280591965, "hash_s": 0.006946200039237738, "nonzero_groups": [0, 1, 2, 3, 4, 5, 6]}], "bytes": 68722688, "consume_s": 0.07724086008965969, "ack_s": 0.0016876999288797379, "total_s": 0.07892875000834465, "hold_ms": 0}
127.0.0.1 - - [09/Oct/2026 07:22:58] "POST /consume HTTP/1.1" 200 -
{"mock_phase": "planned", "request_id": "cmpl-808e1052005bd269-0-b3b06eb6", "rank": 0, "pages": 139, "bytes": 8590336}
{"mock_phase": "before_read", "rank": 0, "copies": 64, "bytes": 1771520}
{"mock_phase": "read_complete", "rank": 0, "ret": 0, "bytes": 1771520}
{"mock_phase": "before_read", "rank": 0, "copies": 64, "bytes": 5377024}
{"mock_phase": "read_complete", "rank": 0, "ret": 0, "bytes": 5377024}
{"mock_phase": "before_read", "rank": 0, "copies": 11, "bytes": 1441792}
{"mock_phase": "read_complete", "rank": 0, "ret": 0, "bytes": 1441792}
{"mock_phase": "planned", "request_id": "cmpl-808e1052005bd269-0-b3b06eb6", "rank": 1, "pages": 139, "bytes": 8590336}
{"mock_phase": "before_read", "rank": 1, "copies": 64, "bytes": 1771520}
{"mock_phase": "read_complete", "rank": 1, "ret": 0, "bytes": 1771520}
{"mock_phase": "before_read", "rank": 1, "copies": 64, "bytes": 5377024}
{"mock_phase": "read_complete", "rank": 1, "ret": 0, "bytes": 5377024}
{"mock_phase": "before_read", "rank": 1, "copies": 11, "bytes": 1441792}
{"mock_phase": "read_complete", "rank": 1, "ret": 0, "bytes": 1441792}
{"mock_phase": "planned", "request_id": "cmpl-808e1052005bd269-0-b3b06eb6", "rank": 2, "pages": 139, "bytes": 8590336}
{"mock_phase": "before_read", "rank": 2, "copies": 64, "bytes": 1771520}
{"mock_phase": "read_complete", "rank": 2, "ret": 0, "bytes": 1771520}
{"mock_phase": "before_read", "rank": 2, "copies": 64, "bytes": 5377024}
{"mock_phase": "read_complete", "rank": 2, "ret": 0, "bytes": 5377024}
{"mock_phase": "before_read", "rank": 2, "copies": 11, "bytes": 1441792}
{"mock_phase": "read_complete", "rank": 2, "ret": 0, "bytes": 1441792}
{"mock_phase": "planned", "request_id": "cmpl-808e1052005bd269-0-b3b06eb6", "rank": 3, "pages": 139, "bytes": 8590336}
{"mock_phase": "before_read", "rank": 3, "copies": 64, "bytes": 1771520}
{"mock_phase": "read_complete", "rank": 3, "ret": 0, "bytes": 1771520}
{"mock_phase": "before_read", "rank": 3, "copies": 64, "bytes": 5377024}
{"mock_phase": "read_complete", "rank": 3, "ret": 0, "bytes": 5377024}
{"mock_phase": "before_read", "rank": 3, "copies": 11, "bytes": 1441792}
{"mock_phase": "read_complete", "rank": 3, "ret": 0, "bytes": 1441792}
{"mock_phase": "planned", "request_id": "cmpl-808e1052005bd269-0-b3b06eb6", "rank": 4, "pages": 139, "bytes": 8590336}
{"mock_phase": "before_read", "rank": 4, "copies": 64, "bytes": 1771520}
{"mock_phase": "read_complete", "rank": 4, "ret": 0, "bytes": 1771520}
{"mock_phase": "before_read", "rank": 4, "copies": 64, "bytes": 5377024}
{"mock_phase": "read_complete", "rank": 4, "ret": 0, "bytes": 5377024}
{"mock_phase": "before_read", "rank": 4, "copies": 11, "bytes": 1441792}
{"mock_phase": "read_complete", "rank": 4, "ret": 0, "bytes": 1441792}
{"mock_phase": "planned", "request_id": "cmpl-808e1052005bd269-0-b3b06eb6", "rank": 5, "pages": 139, "bytes": 8590336}
{"mock_phase": "before_read", "rank": 5, "copies": 64, "bytes": 1771520}
{"mock_phase": "read_complete", "rank": 5, "ret": 0, "bytes": 1771520}
{"mock_phase": "before_read", "rank": 5, "copies": 64, "bytes": 5377024}
{"mock_phase": "read_complete", "rank": 5, "ret": 0, "bytes": 5377024}
{"mock_phase": "before_read", "rank": 5, "copies": 11, "bytes": 1441792}
{"mock_phase": "read_complete", "rank": 5, "ret": 0, "bytes": 1441792}
{"mock_phase": "planned", "request_id": "cmpl-808e1052005bd269-0-b3b06eb6", "rank": 6, "pages": 139, "bytes": 8590336}
{"mock_phase": "before_read", "rank": 6, "copies": 64, "bytes": 1771520}
{"mock_phase": "read_complete", "rank": 6, "ret": 0, "bytes": 1771520}
{"mock_phase": "before_read", "rank": 6, "copies": 64, "bytes": 5377024}
{"mock_phase": "read_complete", "rank": 6, "ret": 0, "bytes": 5377024}
{"mock_phase": "before_read", "rank": 6, "copies": 11, "bytes": 1441792}
{"mock_phase": "read_complete", "rank": 6, "ret": 0, "bytes": 1441792}
{"mock_phase": "planned", "request_id": "cmpl-808e1052005bd269-0-b3b06eb6", "rank": 7, "pages": 139, "bytes": 8590336}
{"mock_phase": "before_read", "rank": 7, "copies": 64, "bytes": 1771520}
{"mock_phase": "read_complete", "rank": 7, "ret": 0, "bytes": 1771520}
{"mock_phase": "before_read", "rank": 7, "copies": 64, "bytes": 5377024}
{"mock_phase": "read_complete", "rank": 7, "ret": 0, "bytes": 5377024}
{"mock_phase": "before_read", "rank": 7, "copies": 11, "bytes": 1441792}
{"mock_phase": "read_complete", "rank": 7, "ret": 0, "bytes": 1441792}
{"ok": true, "request_id": "cmpl-808e1052005bd269-0-b3b06eb6", "ranks": [{"rank": 0, "bytes": 8590336, "read_s": 0.0017159394919872284, "hash_s": 0.0071938494220376015, "nonzero_groups": [0, 1, 2, 3, 4, 5, 6]}, {"rank": 1, "bytes": 8590336, "read_s": 0.0017019500955939293, "hash_s": 0.0071149300783872604, "nonzero_groups": [0, 1, 2, 3, 4, 5, 6]}, {"rank": 2, "bytes": 8590336, "read_s": 0.001500499900430441, "hash_s": 0.007134610321372747, "nonzero_groups": [0, 1, 2, 3, 4, 5, 6]}, {"rank": 3, "bytes": 8590336, "read_s": 0.0014790301211178303, "hash_s": 0.007130479905754328, "nonzero_groups": [0, 1, 2, 3, 4, 5, 6]}, {"rank": 4, "bytes": 8590336, "read_s": 0.0015073399990797043, "hash_s": 0.007113220170140266, "nonzero_groups": [0, 1, 2, 3, 4, 5, 6]}, {"rank": 5, "bytes": 8590336, "read_s": 0.0014557796530425549, "hash_s": 0.007063489872962236, "nonzero_groups": [0, 1, 2, 3, 4, 5, 6]}, {"rank": 6, "bytes": 8590336, "read_s": 0.0014964304864406586, "hash_s": 0.007115910295397043, "nonzero_groups": [0, 1, 2, 3, 4, 5, 6]}, {"rank": 7, "bytes": 8590336, "read_s": 0.0015583699569106102, "hash_s": 0.00701614934951067, "nonzero_groups": [0, 1, 2, 3, 4, 5, 6]}], "bytes": 68722688, "consume_s": 0.07688302034512162, "ack_s": 0.0017421799711883068, "total_s": 0.07862539030611515, "hold_ms": 0}
127.0.0.1 - - [09/Oct/2026 07:22:58] "POST /consume HTTP/1.1" 200 -
{"mock_phase": "planned", "request_id": "cmpl-bb78f525b1654aac-0-860322ab", "rank": 0, "pages": 139, "bytes": 8590336}
{"mock_phase": "before_read", "rank": 0, "copies": 64, "bytes": 1771520}
{"mock_phase": "read_complete", "rank": 0, "ret": 0, "bytes": 1771520}
{"mock_phase": "before_read", "rank": 0, "copies": 64, "bytes": 5377024}
{"mock_phase": "read_complete", "rank": 0, "ret": 0, "bytes": 5377024}
{"mock_phase": "before_read", "rank": 0, "copies": 11, "bytes": 1441792}
{"mock_phase": "read_complete", "rank": 0, "ret": 0, "bytes": 1441792}
{"mock_phase": "planned", "request_id": "cmpl-bb78f525b1654aac-0-860322ab", "rank": 1, "pages": 139, "bytes": 8590336}
{"mock_phase": "before_read", "rank": 1, "copies": 64, "bytes": 1771520}
{"mock_phase": "read_complete", "rank": 1, "ret": 0, "bytes": 1771520}
{"mock_phase": "before_read", "rank": 1, "copies": 64, "bytes": 5377024}
{"mock_phase": "read_complete", "rank": 1, "ret": 0, "bytes": 5377024}
{"mock_phase": "before_read", "rank": 1, "copies": 11, "bytes": 1441792}
{"mock_phase": "read_complete", "rank": 1, "ret": 0, "bytes": 1441792}
{"mock_phase": "planned", "request_id": "cmpl-bb78f525b1654aac-0-860322ab", "rank": 2, "pages": 139, "bytes": 8590336}
{"mock_phase": "before_read", "rank": 2, "copies": 64, "bytes": 1771520}
{"mock_phase": "read_complete", "rank": 2, "ret": 0, "bytes": 1771520}
{"mock_phase": "before_read", "rank": 2, "copies": 64, "bytes": 5377024}
{"mock_phase": "read_complete", "rank": 2, "ret": 0, "bytes": 5377024}
{"mock_phase": "before_read", "rank": 2, "copies": 11, "bytes": 1441792}
{"mock_phase": "read_complete", "rank": 2, "ret": 0, "bytes": 1441792}
{"mock_phase": "planned", "request_id": "cmpl-bb78f525b1654aac-0-860322ab", "rank": 3, "pages": 139, "bytes": 8590336}
{"mock_phase": "before_read", "rank": 3, "copies": 64, "bytes": 1771520}
{"mock_phase": "read_complete", "rank": 3, "ret": 0, "bytes": 1771520}
{"mock_phase": "before_read", "rank": 3, "copies": 64, "bytes": 5377024}
{"mock_phase": "read_complete", "rank": 3, "ret": 0, "bytes": 5377024}
{"mock_phase": "before_read", "rank": 3, "copies": 11, "bytes": 1441792}
{"mock_phase": "read_complete", "rank": 3, "ret": 0, "bytes": 1441792}
{"mock_phase": "planned", "request_id": "cmpl-bb78f525b1654aac-0-860322ab", "rank": 4, "pages": 139, "bytes": 8590336}
{"mock_phase": "before_read", "rank": 4, "copies": 64, "bytes": 1771520}
{"mock_phase": "read_complete", "rank": 4, "ret": 0, "bytes": 1771520}
{"mock_phase": "before_read", "rank": 4, "copies": 64, "bytes": 5377024}
{"mock_phase": "read_complete", "rank": 4, "ret": 0, "bytes": 5377024}
{"mock_phase": "before_read", "rank": 4, "copies": 11, "bytes": 1441792}
{"mock_phase": "read_complete", "rank": 4, "ret": 0, "bytes": 1441792}
{"mock_phase": "planned", "request_id": "cmpl-bb78f525b1654aac-0-860322ab", "rank": 5, "pages": 139, "bytes": 8590336}
{"mock_phase": "before_read", "rank": 5, "copies": 64, "bytes": 1771520}
{"mock_phase": "read_complete", "rank": 5, "ret": 0, "bytes": 1771520}
{"mock_phase": "before_read", "rank": 5, "copies": 64, "bytes": 5377024}
{"mock_phase": "read_complete", "rank": 5, "ret": 0, "bytes": 5377024}
{"mock_phase": "before_read", "rank": 5, "copies": 11, "bytes": 1441792}
{"mock_phase": "read_complete", "rank": 5, "ret": 0, "bytes": 1441792}
{"mock_phase": "planned", "request_id": "cmpl-bb78f525b1654aac-0-860322ab", "rank": 6, "pages": 139, "bytes": 8590336}
{"mock_phase": "before_read", "rank": 6, "copies": 64, "bytes": 1771520}
{"mock_phase": "read_complete", "rank": 6, "ret": 0, "bytes": 1771520}
{"mock_phase": "before_read", "rank": 6, "copies": 64, "bytes": 5377024}
{"mock_phase": "read_complete", "rank": 6, "ret": 0, "bytes": 5377024}
{"mock_phase": "before_read", "rank": 6, "copies": 11, "bytes": 1441792}
{"mock_phase": "read_complete", "rank": 6, "ret": 0, "bytes": 1441792}
{"mock_phase": "planned", "request_id": "cmpl-bb78f525b1654aac-0-860322ab", "rank": 7, "pages": 139, "bytes": 8590336}
{"mock_phase": "before_read", "rank": 7, "copies": 64, "bytes": 1771520}
{"mock_phase": "read_complete", "rank": 7, "ret": 0, "bytes": 1771520}
{"mock_phase": "before_read", "rank": 7, "copies": 64, "bytes": 5377024}
{"mock_phase": "read_complete", "rank": 7, "ret": 0, "bytes": 5377024}
{"mock_phase": "before_read", "rank": 7, "copies": 11, "bytes": 1441792}
{"mock_phase": "read_complete", "rank": 7, "ret": 0, "bytes": 1441792}
{"ok": true, "request_id": "cmpl-bb78f525b1654aac-0-860322ab", "ranks": [{"rank": 0, "bytes": 8590336, "read_s": 0.0018440098501741886, "hash_s": 0.007077400106936693, "nonzero_groups": [0, 1, 2, 3, 4, 5, 6]}, {"rank": 1, "bytes": 8590336, "read_s": 0.0017434200271964073, "hash_s": 0.007034870330244303, "nonzero_groups": [0, 1, 2, 3, 4, 5, 6]}, {"rank": 2, "bytes": 8590336, "read_s": 0.0015963497571647167, "hash_s": 0.006985080428421497, "nonzero_groups": [0, 1, 2, 3, 4, 5, 6]}, {"rank": 3, "bytes": 8590336, "read_s": 0.0016269399784505367, "hash_s": 0.007098580244928598, "nonzero_groups": [0, 1, 2, 3, 4, 5, 6]}, {"rank": 4, "bytes": 8590336, "read_s": 0.0015358403325080872, "hash_s": 0.007009089924395084, "nonzero_groups": [0, 1, 2, 3, 4, 5, 6]}, {"rank": 5, "bytes": 8590336, "read_s": 0.0016921302303671837, "hash_s": 0.006960659753531218, "nonzero_groups": [0, 1, 2, 3, 4, 5, 6]}, {"rank": 6, "bytes": 8590336, "read_s": 0.001535859890282154, "hash_s": 0.007016150280833244, "nonzero_groups": [0, 1, 2, 3, 4, 5, 6]}, {"rank": 7, "bytes": 8590336, "read_s": 0.001539700198918581, "hash_s": 0.007001069374382496, "nonzero_groups": [0, 1, 2, 3, 4, 5, 6]}], "bytes": 68722688, "consume_s": 0.07726009981706738, "ack_s": 0.0018955301493406296, "total_s": 0.07915579993277788, "hold_ms": 0}
127.0.0.1 - - [09/Oct/2026 07:22:59] "POST /consume HTTP/1.1" 200 -
{"mock_phase": "planned", "request_id": "cmpl-8f1bf27760b558cc-0-83d6fdc3", "rank": 0, "pages": 139, "bytes": 8590336}
{"mock_phase": "before_read", "rank": 0, "copies": 64, "bytes": 1771520}
{"mock_phase": "read_complete", "rank": 0, "ret": 0, "bytes": 1771520}
{"mock_phase": "before_read", "rank": 0, "copies": 64, "bytes": 5377024}
{"mock_phase": "read_complete", "rank": 0, "ret": 0, "bytes": 5377024}
{"mock_phase": "before_read", "rank": 0, "copies": 11, "bytes": 1441792}
{"mock_phase": "read_complete", "rank": 0, "ret": 0, "bytes": 1441792}
{"mock_phase": "planned", "request_id": "cmpl-8f1bf27760b558cc-0-83d6fdc3", "rank": 1, "pages": 139, "bytes": 8590336}
{"mock_phase": "before_read", "rank": 1, "copies": 64, "bytes": 1771520}
{"mock_phase": "read_complete", "rank": 1, "ret": 0, "bytes": 1771520}
{"mock_phase": "before_read", "rank": 1, "copies": 64, "bytes": 5377024}
{"mock_phase": "read_complete", "rank": 1, "ret": 0, "bytes": 5377024}
{"mock_phase": "before_read", "rank": 1, "copies": 11, "bytes": 1441792}
{"mock_phase": "read_complete", "rank": 1, "ret": 0, "bytes": 1441792}
{"mock_phase": "planned", "request_id": "cmpl-8f1bf27760b558cc-0-83d6fdc3", "rank": 2, "pages": 139, "bytes": 8590336}
{"mock_phase": "before_read", "rank": 2, "copies": 64, "bytes": 1771520}
{"mock_phase": "read_complete", "rank": 2, "ret": 0, "bytes": 1771520}
{"mock_phase": "before_read", "rank": 2, "copies": 64, "bytes": 5377024}
{"mock_phase": "read_complete", "rank": 2, "ret": 0, "bytes": 5377024}
{"mock_phase": "before_read", "rank": 2, "copies": 11, "bytes": 1441792}
{"mock_phase": "read_complete", "rank": 2, "ret": 0, "bytes": 1441792}
{"mock_phase": "planned", "request_id": "cmpl-8f1bf27760b558cc-0-83d6fdc3", "rank": 3, "pages": 139, "bytes": 8590336}
{"mock_phase": "before_read", "rank": 3, "copies": 64, "bytes": 1771520}
{"mock_phase": "read_complete", "rank": 3, "ret": 0, "bytes": 1771520}
{"mock_phase": "before_read", "rank": 3, "copies": 64, "bytes": 5377024}
{"mock_phase": "read_complete", "rank": 3, "ret": 0, "bytes": 5377024}
{"mock_phase": "before_read", "rank": 3, "copies": 11, "bytes": 1441792}
{"mock_phase": "read_complete", "rank": 3, "ret": 0, "bytes": 1441792}
{"mock_phase": "planned", "request_id": "cmpl-8f1bf27760b558cc-0-83d6fdc3", "rank": 4, "pages": 139, "bytes": 8590336}
{"mock_phase": "before_read", "rank": 4, "copies": 64, "bytes": 1771520}
{"mock_phase": "read_complete", "rank": 4, "ret": 0, "bytes": 1771520}
{"mock_phase": "before_read", "rank": 4, "copies": 64, "bytes": 5377024}
{"mock_phase": "read_complete", "rank": 4, "ret": 0, "bytes": 5377024}
{"mock_phase": "before_read", "rank": 4, "copies": 11, "bytes": 1441792}
{"mock_phase": "read_complete", "rank": 4, "ret": 0, "bytes": 1441792}
{"mock_phase": "planned", "request_id": "cmpl-8f1bf27760b558cc-0-83d6fdc3", "rank": 5, "pages": 139, "bytes": 8590336}
{"mock_phase": "before_read", "rank": 5, "copies": 64, "bytes": 1771520}
{"mock_phase": "read_complete", "rank": 5, "ret": 0, "bytes": 1771520}
{"mock_phase": "before_read", "rank": 5, "copies": 64, "bytes": 5377024}
{"mock_phase": "read_complete", "rank": 5, "ret": 0, "bytes": 5377024}
{"mock_phase": "before_read", "rank": 5, "copies": 11, "bytes": 1441792}
{"mock_phase": "read_complete", "rank": 5, "ret": 0, "bytes": 1441792}
{"mock_phase": "planned", "request_id": "cmpl-8f1bf27760b558cc-0-83d6fdc3", "rank": 6, "pages": 139, "bytes": 8590336}
{"mock_phase": "before_read", "rank": 6, "copies": 64, "bytes": 1771520}
{"mock_phase": "read_complete", "rank": 6, "ret": 0, "bytes": 1771520}
{"mock_phase": "before_read", "rank": 6, "copies": 64, "bytes": 5377024}
{"mock_phase": "read_complete", "rank": 6, "ret": 0, "bytes": 5377024}
{"mock_phase": "before_read", "rank": 6, "copies": 11, "bytes": 1441792}
{"mock_phase": "read_complete", "rank": 6, "ret": 0, "bytes": 1441792}
{"mock_phase": "planned", "request_id": "cmpl-8f1bf27760b558cc-0-83d6fdc3", "rank": 7, "pages": 139, "bytes": 8590336}
{"mock_phase": "before_read", "rank": 7, "copies": 64, "bytes": 1771520}
{"mock_phase": "read_complete", "rank": 7, "ret": 0, "bytes": 1771520}
{"mock_phase": "before_read", "rank": 7, "copies": 64, "bytes": 5377024}
{"mock_phase": "read_complete", "rank": 7, "ret": 0, "bytes": 5377024}
{"mock_phase": "before_read", "rank": 7, "copies": 11, "bytes": 1441792}
{"mock_phase": "read_complete", "rank": 7, "ret": 0, "bytes": 1441792}
{"ok": true, "request_id": "cmpl-8f1bf27760b558cc-0-83d6fdc3", "ranks": [{"rank": 0, "bytes": 8590336, "read_s": 0.001805899664759636, "hash_s": 0.007075929548591375, "nonzero_groups": [0, 1, 2, 3, 4, 5, 6]}, {"rank": 1, "bytes": 8590336, "read_s": 0.0016310499049723148, "hash_s": 0.00698269996792078, "nonzero_groups": [0, 1, 2, 3, 4, 5, 6]}, {"rank": 2, "bytes": 8590336, "read_s": 0.0015875301323831081, "hash_s": 0.006983080413192511, "nonzero_groups": [0, 1, 2, 3, 4, 5, 6]}, {"rank": 3, "bytes": 8590336, "read_s": 0.0014460701495409012, "hash_s": 0.007035210262984037, "nonzero_groups": [0, 1, 2, 3, 4, 5, 6]}, {"rank": 4, "bytes": 8590336, "read_s": 0.0014383597299456596, "hash_s": 0.006971439812332392, "nonzero_groups": [0, 1, 2, 3, 4, 5, 6]}, {"rank": 5, "bytes": 8590336, "read_s": 0.0015077898278832436, "hash_s": 0.0069524506106972694, "nonzero_groups": [0, 1, 2, 3, 4, 5, 6]}, {"rank": 6, "bytes": 8590336, "read_s": 0.001468209084123373, "hash_s": 0.006947309710085392, "nonzero_groups": [0, 1, 2, 3, 4, 5, 6]}, {"rank": 7, "bytes": 8590336, "read_s": 0.001419530250132084, "hash_s": 0.006959069985896349, "nonzero_groups": [0, 1, 2, 3, 4, 5, 6]}], "bytes": 68722688, "consume_s": 0.07553118979558349, "ack_s": 0.001543940044939518, "total_s": 0.07707529980689287, "hold_ms": 0}
127.0.0.1 - - [09/Oct/2026 07:22:59] "POST /consume HTTP/1.1" 200 -
{"mock_phase": "planned", "request_id": "cmpl-821c61cc36e71a50-0-9ec9840a", "rank": 0, "pages": 139, "bytes": 8590336}
{"mock_phase": "before_read", "rank": 0, "copies": 64, "bytes": 1771520}
{"mock_phase": "read_complete", "rank": 0, "ret": 0, "bytes": 1771520}
{"mock_phase": "before_read", "rank": 0, "copies": 64, "bytes": 5377024}
{"mock_phase": "read_complete", "rank": 0, "ret": 0, "bytes": 5377024}
{"mock_phase": "before_read", "rank": 0, "copies": 11, "bytes": 1441792}
{"mock_phase": "read_complete", "rank": 0, "ret": 0, "bytes": 1441792}
{"mock_phase": "planned", "request_id": "cmpl-821c61cc36e71a50-0-9ec9840a", "rank": 1, "pages": 139, "bytes": 8590336}
{"mock_phase": "before_read", "rank": 1, "copies": 64, "bytes": 1771520}
{"mock_phase": "read_complete", "rank": 1, "ret": 0, "bytes": 1771520}
{"mock_phase": "before_read", "rank": 1, "copies": 64, "bytes": 5377024}
{"mock_phase": "read_complete", "rank": 1, "ret": 0, "bytes": 5377024}
{"mock_phase": "before_read", "rank": 1, "copies": 11, "bytes": 1441792}
{"mock_phase": "read_complete", "rank": 1, "ret": 0, "bytes": 1441792}
{"mock_phase": "planned", "request_id": "cmpl-821c61cc36e71a50-0-9ec9840a", "rank": 2, "pages": 139, "bytes": 8590336}
{"mock_phase": "before_read", "rank": 2, "copies": 64, "bytes": 1771520}
{"mock_phase": "read_complete", "rank": 2, "ret": 0, "bytes": 1771520}
{"mock_phase": "before_read", "rank": 2, "copies": 64, "bytes": 5377024}
{"mock_phase": "read_complete", "rank": 2, "ret": 0, "bytes": 5377024}
{"mock_phase": "before_read", "rank": 2, "copies": 11, "bytes": 1441792}
{"mock_phase": "read_complete", "rank": 2, "ret": 0, "bytes": 1441792}
{"mock_phase": "planned", "request_id": "cmpl-821c61cc36e71a50-0-9ec9840a", "rank": 3, "pages": 139, "bytes": 8590336}
{"mock_phase": "before_read", "rank": 3, "copies": 64, "bytes": 1771520}
{"mock_phase": "read_complete", "rank": 3, "ret": 0, "bytes": 1771520}
{"mock_phase": "before_read", "rank": 3, "copies": 64, "bytes": 5377024}
{"mock_phase": "read_complete", "rank": 3, "ret": 0, "bytes": 5377024}
{"mock_phase": "before_read", "rank": 3, "copies": 11, "bytes": 1441792}
{"mock_phase": "read_complete", "rank": 3, "ret": 0, "bytes": 1441792}
{"mock_phase": "planned", "request_id": "cmpl-821c61cc36e71a50-0-9ec9840a", "rank": 4, "pages": 139, "bytes": 8590336}
{"mock_phase": "before_read", "rank": 4, "copies": 64, "bytes": 1771520}
{"mock_phase": "read_complete", "rank": 4, "ret": 0, "bytes": 1771520}
{"mock_phase": "before_read", "rank": 4, "copies": 64, "bytes": 5377024}
{"mock_phase": "read_complete", "rank": 4, "ret": 0, "bytes": 5377024}
{"mock_phase": "before_read", "rank": 4, "copies": 11, "bytes": 1441792}
{"mock_phase": "read_complete", "rank": 4, "ret": 0, "bytes": 1441792}
{"mock_phase": "planned", "request_id": "cmpl-821c61cc36e71a50-0-9ec9840a", "rank": 5, "pages": 139, "bytes": 8590336}
{"mock_phase": "before_read", "rank": 5, "copies": 64, "bytes": 1771520}
{"mock_phase": "read_complete", "rank": 5, "ret": 0, "bytes": 1771520}
{"mock_phase": "before_read", "rank": 5, "copies": 64, "bytes": 5377024}
{"mock_phase": "read_complete", "rank": 5, "ret": 0, "bytes": 5377024}
{"mock_phase": "before_read", "rank": 5, "copies": 11, "bytes": 1441792}
{"mock_phase": "read_complete", "rank": 5, "ret": 0, "bytes": 1441792}
{"mock_phase": "planned", "request_id": "cmpl-821c61cc36e71a50-0-9ec9840a", "rank": 6, "pages": 139, "bytes": 8590336}
{"mock_phase": "before_read", "rank": 6, "copies": 64, "bytes": 1771520}
{"mock_phase": "read_complete", "rank": 6, "ret": 0, "bytes": 1771520}
{"mock_phase": "before_read", "rank": 6, "copies": 64, "bytes": 5377024}
{"mock_phase": "read_complete", "rank": 6, "ret": 0, "bytes": 5377024}
{"mock_phase": "before_read", "rank": 6, "copies": 11, "bytes": 1441792}
{"mock_phase": "read_complete", "rank": 6, "ret": 0, "bytes": 1441792}
{"mock_phase": "planned", "request_id": "cmpl-821c61cc36e71a50-0-9ec9840a", "rank": 7, "pages": 139, "bytes": 8590336}
{"mock_phase": "before_read", "rank": 7, "copies": 64, "bytes": 1771520}
{"mock_phase": "read_complete", "rank": 7, "ret": 0, "bytes": 1771520}
{"mock_phase": "before_read", "rank": 7, "copies": 64, "bytes": 5377024}
{"mock_phase": "read_complete", "rank": 7, "ret": 0, "bytes": 5377024}
{"mock_phase": "before_read", "rank": 7, "copies": 11, "bytes": 1441792}
{"mock_phase": "read_complete", "rank": 7, "ret": 0, "bytes": 1441792}
{"ok": true, "request_id": "cmpl-821c61cc36e71a50-0-9ec9840a", "ranks": [{"rank": 0, "bytes": 8590336, "read_s": 0.001938320230692625, "hash_s": 0.01072097010910511, "nonzero_groups": [0, 1, 2, 3, 4, 5, 6]}, {"rank": 1, "bytes": 8590336, "read_s": 0.0017804005183279514, "hash_s": 0.010572430212050676, "nonzero_groups": [0, 1, 2, 3, 4, 5, 6]}, {"rank": 2, "bytes": 8590336, "read_s": 0.001522519625723362, "hash_s": 0.010592429898679256, "nonzero_groups": [0, 1, 2, 3, 4, 5, 6]}, {"rank": 3, "bytes": 8590336, "read_s": 0.0015231897123157978, "hash_s": 0.010623370297253132, "nonzero_groups": [0, 1, 2, 3, 4, 5, 6]}, {"rank": 4, "bytes": 8590336, "read_s": 0.0015821801498532295, "hash_s": 0.01052279956638813, "nonzero_groups": [0, 1, 2, 3, 4, 5, 6]}, {"rank": 5, "bytes": 8590336, "read_s": 0.001443309709429741, "hash_s": 0.010515589732676744, "nonzero_groups": [0, 1, 2, 3, 4, 5, 6]}, {"rank": 6, "bytes": 8590336, "read_s": 0.001538439653813839, "hash_s": 0.010551560670137405, "nonzero_groups": [0, 1, 2, 3, 4, 5, 6]}, {"rank": 7, "bytes": 8590336, "read_s": 0.0014510001055896282, "hash_s": 0.01057828962802887, "nonzero_groups": [0, 1, 2, 3, 4, 5, 6]}], "bytes": 68722688, "consume_s": 0.10546759981662035, "ack_s": 0.002015999983996153, "total_s": 0.10748378001153469, "hold_ms": 0}
127.0.0.1 - - [09/Oct/2026 07:23:00] "POST /consume HTTP/1.1" 200 -
{"mock_phase": "planned", "request_id": "cmpl-a85a264dbac358c1-0-934adab6", "rank": 0, "pages": 139, "bytes": 8590336}
{"mock_phase": "before_read", "rank": 0, "copies": 64, "bytes": 1771520}
{"mock_phase": "read_complete", "rank": 0, "ret": 0, "bytes": 1771520}
{"mock_phase": "before_read", "rank": 0, "copies": 64, "bytes": 5377024}
{"mock_phase": "read_complete", "rank": 0, "ret": 0, "bytes": 5377024}
{"mock_phase": "before_read", "rank": 0, "copies": 11, "bytes": 1441792}
{"mock_phase": "read_complete", "rank": 0, "ret": 0, "bytes": 1441792}
{"mock_phase": "planned", "request_id": "cmpl-a85a264dbac358c1-0-934adab6", "rank": 1, "pages": 139, "bytes": 8590336}
{"mock_phase": "before_read", "rank": 1, "copies": 64, "bytes": 1771520}
{"mock_phase": "read_complete", "rank": 1, "ret": 0, "bytes": 1771520}
{"mock_phase": "before_read", "rank": 1, "copies": 64, "bytes": 5377024}
{"mock_phase": "read_complete", "rank": 1, "ret": 0, "bytes": 5377024}
{"mock_phase": "before_read", "rank": 1, "copies": 11, "bytes": 1441792}
{"mock_phase": "read_complete", "rank": 1, "ret": 0, "bytes": 1441792}
{"mock_phase": "planned", "request_id": "cmpl-a85a264dbac358c1-0-934adab6", "rank": 2, "pages": 139, "bytes": 8590336}
{"mock_phase": "before_read", "rank": 2, "copies": 64, "bytes": 1771520}
{"mock_phase": "read_complete", "rank": 2, "ret": 0, "bytes": 1771520}
{"mock_phase": "before_read", "rank": 2, "copies": 64, "bytes": 5377024}
{"mock_phase": "read_complete", "rank": 2, "ret": 0, "bytes": 5377024}
{"mock_phase": "before_read", "rank": 2, "copies": 11, "bytes": 1441792}
{"mock_phase": "read_complete", "rank": 2, "ret": 0, "bytes": 1441792}
{"mock_phase": "planned", "request_id": "cmpl-a85a264dbac358c1-0-934adab6", "rank": 3, "pages": 139, "bytes": 8590336}
{"mock_phase": "before_read", "rank": 3, "copies": 64, "bytes": 1771520}
{"mock_phase": "read_complete", "rank": 3, "ret": 0, "bytes": 1771520}
{"mock_phase": "before_read", "rank": 3, "copies": 64, "bytes": 5377024}
{"mock_phase": "read_complete", "rank": 3, "ret": 0, "bytes": 5377024}
{"mock_phase": "before_read", "rank": 3, "copies": 11, "bytes": 1441792}
{"mock_phase": "read_complete", "rank": 3, "ret": 0, "bytes": 1441792}
{"mock_phase": "planned", "request_id": "cmpl-a85a264dbac358c1-0-934adab6", "rank": 4, "pages": 139, "bytes": 8590336}
{"mock_phase": "before_read", "rank": 4, "copies": 64, "bytes": 1771520}
{"mock_phase": "read_complete", "rank": 4, "ret": 0, "bytes": 1771520}
{"mock_phase": "before_read", "rank": 4, "copies": 64, "bytes": 5377024}
{"mock_phase": "read_complete", "rank": 4, "ret": 0, "bytes": 5377024}
{"mock_phase": "before_read", "rank": 4, "copies": 11, "bytes": 1441792}
{"mock_phase": "read_complete", "rank": 4, "ret": 0, "bytes": 1441792}
{"mock_phase": "planned", "request_id": "cmpl-a85a264dbac358c1-0-934adab6", "rank": 5, "pages": 139, "bytes": 8590336}
{"mock_phase": "before_read", "rank": 5, "copies": 64, "bytes": 1771520}
{"mock_phase": "read_complete", "rank": 5, "ret": 0, "bytes": 1771520}
{"mock_phase": "before_read", "rank": 5, "copies": 64, "bytes": 5377024}
{"mock_phase": "read_complete", "rank": 5, "ret": 0, "bytes": 5377024}
{"mock_phase": "before_read", "rank": 5, "copies": 11, "bytes": 1441792}
{"mock_phase": "read_complete", "rank": 5, "ret": 0, "bytes": 1441792}
{"mock_phase": "planned", "request_id": "cmpl-a85a264dbac358c1-0-934adab6", "rank": 6, "pages": 139, "bytes": 8590336}
{"mock_phase": "before_read", "rank": 6, "copies": 64, "bytes": 1771520}
{"mock_phase": "read_complete", "rank": 6, "ret": 0, "bytes": 1771520}
{"mock_phase": "before_read", "rank": 6, "copies": 64, "bytes": 5377024}
{"mock_phase": "read_complete", "rank": 6, "ret": 0, "bytes": 5377024}
{"mock_phase": "before_read", "rank": 6, "copies": 11, "bytes": 1441792}
{"mock_phase": "read_complete", "rank": 6, "ret": 0, "bytes": 1441792}
{"mock_phase": "planned", "request_id": "cmpl-a85a264dbac358c1-0-934adab6", "rank": 7, "pages": 139, "bytes": 8590336}
{"mock_phase": "before_read", "rank": 7, "copies": 64, "bytes": 1771520}
{"mock_phase": "read_complete", "rank": 7, "ret": 0, "bytes": 1771520}
{"mock_phase": "before_read", "rank": 7, "copies": 64, "bytes": 5377024}
{"mock_phase": "read_complete", "rank": 7, "ret": 0, "bytes": 5377024}
{"mock_phase": "before_read", "rank": 7, "copies": 11, "bytes": 1441792}
{"mock_phase": "read_complete", "rank": 7, "ret": 0, "bytes": 1441792}
{"ok": true, "request_id": "cmpl-a85a264dbac358c1-0-934adab6", "ranks": [{"rank": 0, "bytes": 8590336, "read_s": 0.0017465404234826565, "hash_s": 0.010760090313851833, "nonzero_groups": [0, 1, 2, 3, 4, 5, 6]}, {"rank": 1, "bytes": 8590336, "read_s": 0.001863120123744011, "hash_s": 0.010656530037522316, "nonzero_groups": [0, 1, 2, 3, 4, 5, 6]}, {"rank": 2, "bytes": 8590336, "read_s": 0.0015348601154983044, "hash_s": 0.01059781014919281, "nonzero_groups": [0, 1, 2, 3, 4, 5, 6]}, {"rank": 3, "bytes": 8590336, "read_s": 0.001465880312025547, "hash_s": 0.010592949576675892, "nonzero_groups": [0, 1, 2, 3, 4, 5, 6]}, {"rank": 4, "bytes": 8590336, "read_s": 0.0014564702287316322, "hash_s": 0.01056266063824296, "nonzero_groups": [0, 1, 2, 3, 4, 5, 6]}, {"rank": 5, "bytes": 8590336, "read_s": 0.0014455500058829784, "hash_s": 0.010533709544688463, "nonzero_groups": [0, 1, 2, 3, 4, 5, 6]}, {"rank": 6, "bytes": 8590336, "read_s": 0.001512360293418169, "hash_s": 0.010596389882266521, "nonzero_groups": [0, 1, 2, 3, 4, 5, 6]}, {"rank": 7, "bytes": 8590336, "read_s": 0.0015259399078786373, "hash_s": 0.010584939736872911, "nonzero_groups": [0, 1, 2, 3, 4, 5, 6]}], "bytes": 68722688, "consume_s": 0.1049447301775217, "ack_s": 0.005327700171619654, "total_s": 0.11027261009439826, "hold_ms": 0}
127.0.0.1 - - [09/Oct/2026 07:23:00] "POST /consume HTTP/1.1" 200 -
{"mock_phase": "planned", "request_id": "cmpl-b8d25e0fd8816f00-0-8ff47cf8", "rank": 0, "pages": 139, "bytes": 8590336}
{"mock_phase": "before_read", "rank": 0, "copies": 64, "bytes": 1771520}
{"mock_phase": "read_complete", "rank": 0, "ret": 0, "bytes": 1771520}
{"mock_phase": "before_read", "rank": 0, "copies": 64, "bytes": 5377024}
{"mock_phase": "read_complete", "rank": 0, "ret": 0, "bytes": 5377024}
{"mock_phase": "before_read", "rank": 0, "copies": 11, "bytes": 1441792}
{"mock_phase": "read_complete", "rank": 0, "ret": 0, "bytes": 1441792}
{"mock_phase": "planned", "request_id": "cmpl-b8d25e0fd8816f00-0-8ff47cf8", "rank": 1, "pages": 139, "bytes": 8590336}
{"mock_phase": "before_read", "rank": 1, "copies": 64, "bytes": 1771520}
{"mock_phase": "read_complete", "rank": 1, "ret": 0, "bytes": 1771520}
{"mock_phase": "before_read", "rank": 1, "copies": 64, "bytes": 5377024}
{"mock_phase": "read_complete", "rank": 1, "ret": 0, "bytes": 5377024}
{"mock_phase": "before_read", "rank": 1, "copies": 11, "bytes": 1441792}
{"mock_phase": "read_complete", "rank": 1, "ret": 0, "bytes": 1441792}
{"mock_phase": "planned", "request_id": "cmpl-b8d25e0fd8816f00-0-8ff47cf8", "rank": 2, "pages": 139, "bytes": 8590336}
{"mock_phase": "before_read", "rank": 2, "copies": 64, "bytes": 1771520}
{"mock_phase": "read_complete", "rank": 2, "ret": 0, "bytes": 1771520}
{"mock_phase": "before_read", "rank": 2, "copies": 64, "bytes": 5377024}
{"mock_phase": "read_complete", "rank": 2, "ret": 0, "bytes": 5377024}
{"mock_phase": "before_read", "rank": 2, "copies": 11, "bytes": 1441792}
{"mock_phase": "read_complete", "rank": 2, "ret": 0, "bytes": 1441792}
{"mock_phase": "planned", "request_id": "cmpl-b8d25e0fd8816f00-0-8ff47cf8", "rank": 3, "pages": 139, "bytes": 8590336}
{"mock_phase": "before_read", "rank": 3, "copies": 64, "bytes": 1771520}
{"mock_phase": "read_complete", "rank": 3, "ret": 0, "bytes": 1771520}
{"mock_phase": "before_read", "rank": 3, "copies": 64, "bytes": 5377024}
{"mock_phase": "read_complete", "rank": 3, "ret": 0, "bytes": 5377024}
{"mock_phase": "before_read", "rank": 3, "copies": 11, "bytes": 1441792}
{"mock_phase": "read_complete", "rank": 3, "ret": 0, "bytes": 1441792}
{"mock_phase": "planned", "request_id": "cmpl-b8d25e0fd8816f00-0-8ff47cf8", "rank": 4, "pages": 139, "bytes": 8590336}
{"mock_phase": "before_read", "rank": 4, "copies": 64, "bytes": 1771520}
{"mock_phase": "read_complete", "rank": 4, "ret": 0, "bytes": 1771520}
{"mock_phase": "before_read", "rank": 4, "copies": 64, "bytes": 5377024}
{"mock_phase": "read_complete", "rank": 4, "ret": 0, "bytes": 5377024}
{"mock_phase": "before_read", "rank": 4, "copies": 11, "bytes": 1441792}
{"mock_phase": "read_complete", "rank": 4, "ret": 0, "bytes": 1441792}
{"mock_phase": "planned", "request_id": "cmpl-b8d25e0fd8816f00-0-8ff47cf8", "rank": 5, "pages": 139, "bytes": 8590336}
{"mock_phase": "before_read", "rank": 5, "copies": 64, "bytes": 1771520}
{"mock_phase": "read_complete", "rank": 5, "ret": 0, "bytes": 1771520}
{"mock_phase": "before_read", "rank": 5, "copies": 64, "bytes": 5377024}
{"mock_phase": "read_complete", "rank": 5, "ret": 0, "bytes": 5377024}
{"mock_phase": "before_read", "rank": 5, "copies": 11, "bytes": 1441792}
{"mock_phase": "read_complete", "rank": 5, "ret": 0, "bytes": 1441792}
{"mock_phase": "planned", "request_id": "cmpl-b8d25e0fd8816f00-0-8ff47cf8", "rank": 6, "pages": 139, "bytes": 8590336}
{"mock_phase": "before_read", "rank": 6, "copies": 64, "bytes": 1771520}
{"mock_phase": "read_complete", "rank": 6, "ret": 0, "bytes": 1771520}
{"mock_phase": "before_read", "rank": 6, "copies": 64, "bytes": 5377024}
{"mock_phase": "read_complete", "rank": 6, "ret": 0, "bytes": 5377024}
{"mock_phase": "before_read", "rank": 6, "copies": 11, "bytes": 1441792}
{"mock_phase": "read_complete", "rank": 6, "ret": 0, "bytes": 1441792}
{"mock_phase": "planned", "request_id": "cmpl-b8d25e0fd8816f00-0-8ff47cf8", "rank": 7, "pages": 139, "bytes": 8590336}
{"mock_phase": "before_read", "rank": 7, "copies": 64, "bytes": 1771520}
{"mock_phase": "read_complete", "rank": 7, "ret": 0, "bytes": 1771520}
{"mock_phase": "before_read", "rank": 7, "copies": 64, "bytes": 5377024}
{"mock_phase": "read_complete", "rank": 7, "ret": 0, "bytes": 5377024}
{"mock_phase": "before_read", "rank": 7, "copies": 11, "bytes": 1441792}
{"mock_phase": "read_complete", "rank": 7, "ret": 0, "bytes": 1441792}
{"ok": true, "request_id": "cmpl-b8d25e0fd8816f00-0-8ff47cf8", "ranks": [{"rank": 0, "bytes": 8590336, "read_s": 0.0017852699384093285, "hash_s": 0.0106744603253901, "nonzero_groups": [0, 1, 2, 3, 4, 5, 6]}, {"rank": 1, "bytes": 8590336, "read_s": 0.0017019095830619335, "hash_s": 0.010541749652475119, "nonzero_groups": [0, 1, 2, 3, 4, 5, 6]}, {"rank": 2, "bytes": 8590336, "read_s": 0.0015701395459473133, "hash_s": 0.010576640721410513, "nonzero_groups": [0, 1, 2, 3, 4, 5, 6]}, {"rank": 3, "bytes": 8590336, "read_s": 0.0014670798555016518, "hash_s": 0.010570120066404343, "nonzero_groups": [0, 1, 2, 3, 4, 5, 6]}, {"rank": 4, "bytes": 8590336, "read_s": 0.0014813696034252644, "hash_s": 0.010566639713943005, "nonzero_groups": [0, 1, 2, 3, 4, 5, 6]}, {"rank": 5, "bytes": 8590336, "read_s": 0.0014648493379354477, "hash_s": 0.010586279910057783, "nonzero_groups": [0, 1, 2, 3, 4, 5, 6]}, {"rank": 6, "bytes": 8590336, "read_s": 0.0014995699748396873, "hash_s": 0.01052978029474616, "nonzero_groups": [0, 1, 2, 3, 4, 5, 6]}, {"rank": 7, "bytes": 8590336, "read_s": 0.0016178200021386147, "hash_s": 0.010528529528528452, "nonzero_groups": [0, 1, 2, 3, 4, 5, 6]}], "bytes": 68722688, "consume_s": 0.10477746976539493, "ack_s": 0.001879190094769001, "total_s": 0.10665684007108212, "hold_ms": 0}
127.0.0.1 - - [09/Oct/2026 07:23:01] "POST /consume HTTP/1.1" 200 -
{"mock_phase": "planned", "request_id": "cmpl-92c9f0ec40609a21-0-877f64cd", "rank": 0, "pages": 811, "bytes": 29270016}
{"mock_phase": "before_read", "rank": 0, "copies": 64, "bytes": 4194304}
{"mock_phase": "read_complete", "rank": 0, "ret": 0, "bytes": 4194304}
{"mock_phase": "before_read", "rank": 0, "copies": 64, "bytes": 524288}
{"mock_phase": "read_complete", "rank": 0, "ret": 0, "bytes": 524288}
{"mock_phase": "before_read", "rank": 0, "copies": 64, "bytes": 8192}
{"mock_phase": "read_complete", "rank": 0, "ret": 0, "bytes": 8192}
{"mock_phase": "before_read", "rank": 0, "copies": 64, "bytes": 4194304}
{"mock_phase": "read_complete", "rank": 0, "ret": 0, "bytes": 4194304}
{"mock_phase": "before_read", "rank": 0, "copies": 64, "bytes": 524288}
{"mock_phase": "read_complete", "rank": 0, "ret": 0, "bytes": 524288}
{"mock_phase": "before_read", "rank": 0, "copies": 64, "bytes": 8192}
{"mock_phase": "read_complete", "rank": 0, "ret": 0, "bytes": 8192}
{"mock_phase": "before_read", "rank": 0, "copies": 64, "bytes": 4194304}
{"mock_phase": "read_complete", "rank": 0, "ret": 0, "bytes": 4194304}
{"mock_phase": "before_read", "rank": 0, "copies": 64, "bytes": 524288}
{"mock_phase": "read_complete", "rank": 0, "ret": 0, "bytes": 524288}
{"mock_phase": "before_read", "rank": 0, "copies": 64, "bytes": 8192}
{"mock_phase": "read_complete", "rank": 0, "ret": 0, "bytes": 8192}
{"mock_phase": "before_read", "rank": 0, "copies": 64, "bytes": 8388608}
{"mock_phase": "read_complete", "rank": 0, "ret": 0, "bytes": 8388608}
{"mock_phase": "before_read", "rank": 0, "copies": 64, "bytes": 1048576}
{"mock_phase": "read_complete", "rank": 0, "ret": 0, "bytes": 1048576}
{"mock_phase": "before_read", "rank": 0, "copies": 64, "bytes": 16384}
{"mock_phase": "read_complete", "rank": 0, "ret": 0, "bytes": 16384}
{"mock_phase": "before_read", "rank": 0, "copies": 43, "bytes": 5636096}
{"mock_phase": "read_complete", "rank": 0, "ret": 0, "bytes": 5636096}
{"mock_phase": "planned", "request_id": "cmpl-92c9f0ec40609a21-0-877f64cd", "rank": 1, "pages": 811, "bytes": 29270016}
{"mock_phase": "before_read", "rank": 1, "copies": 64, "bytes": 4194304}
{"mock_phase": "read_complete", "rank": 1, "ret": 0, "bytes": 4194304}
{"mock_phase": "before_read", "rank": 1, "copies": 64, "bytes": 524288}
{"mock_phase": "read_complete", "rank": 1, "ret": 0, "bytes": 524288}
{"mock_phase": "before_read", "rank": 1, "copies": 64, "bytes": 8192}
{"mock_phase": "read_complete", "rank": 1, "ret": 0, "bytes": 8192}
{"mock_phase": "before_read", "rank": 1, "copies": 64, "bytes": 4194304}
{"mock_phase": "read_complete", "rank": 1, "ret": 0, "bytes": 4194304}
{"mock_phase": "before_read", "rank": 1, "copies": 64, "bytes": 524288}
{"mock_phase": "read_complete", "rank": 1, "ret": 0, "bytes": 524288}
{"mock_phase": "before_read", "rank": 1, "copies": 64, "bytes": 8192}
{"mock_phase": "read_complete", "rank": 1, "ret": 0, "bytes": 8192}
{"mock_phase": "before_read", "rank": 1, "copies": 64, "bytes": 4194304}
{"mock_phase": "read_complete", "rank": 1, "ret": 0, "bytes": 4194304}
{"mock_phase": "before_read", "rank": 1, "copies": 64, "bytes": 524288}
{"mock_phase": "read_complete", "rank": 1, "ret": 0, "bytes": 524288}
{"mock_phase": "before_read", "rank": 1, "copies": 64, "bytes": 8192}
{"mock_phase": "read_complete", "rank": 1, "ret": 0, "bytes": 8192}
{"mock_phase": "before_read", "rank": 1, "copies": 64, "bytes": 8388608}
{"mock_phase": "read_complete", "rank": 1, "ret": 0, "bytes": 8388608}
{"mock_phase": "before_read", "rank": 1, "copies": 64, "bytes": 1048576}
{"mock_phase": "read_complete", "rank": 1, "ret": 0, "bytes": 1048576}
{"mock_phase": "before_read", "rank": 1, "copies": 64, "bytes": 16384}
{"mock_phase": "read_complete", "rank": 1, "ret": 0, "bytes": 16384}
{"mock_phase": "before_read", "rank": 1, "copies": 43, "bytes": 5636096}
{"mock_phase": "read_complete", "rank": 1, "ret": 0, "bytes": 5636096}
{"mock_phase": "planned", "request_id": "cmpl-92c9f0ec40609a21-0-877f64cd", "rank": 2, "pages": 811, "bytes": 29270016}
{"mock_phase": "before_read", "rank": 2, "copies": 64, "bytes": 4194304}
{"mock_phase": "read_complete", "rank": 2, "ret": 0, "bytes": 4194304}
{"mock_phase": "before_read", "rank": 2, "copies": 64, "bytes": 524288}
{"mock_phase": "read_complete", "rank": 2, "ret": 0, "bytes": 524288}
{"mock_phase": "before_read", "rank": 2, "copies": 64, "bytes": 8192}
{"mock_phase": "read_complete", "rank": 2, "ret": 0, "bytes": 8192}
{"mock_phase": "before_read", "rank": 2, "copies": 64, "bytes": 4194304}
{"mock_phase": "read_complete", "rank": 2, "ret": 0, "bytes": 4194304}
{"mock_phase": "before_read", "rank": 2, "copies": 64, "bytes": 524288}
{"mock_phase": "read_complete", "rank": 2, "ret": 0, "bytes": 524288}
{"mock_phase": "before_read", "rank": 2, "copies": 64, "bytes": 8192}
{"mock_phase": "read_complete", "rank": 2, "ret": 0, "bytes": 8192}
{"mock_phase": "before_read", "rank": 2, "copies": 64, "bytes": 4194304}
{"mock_phase": "read_complete", "rank": 2, "ret": 0, "bytes": 4194304}
{"mock_phase": "before_read", "rank": 2, "copies": 64, "bytes": 524288}
{"mock_phase": "read_complete", "rank": 2, "ret": 0, "bytes": 524288}
{"mock_phase": "before_read", "rank": 2, "copies": 64, "bytes": 8192}
{"mock_phase": "read_complete", "rank": 2, "ret": 0, "bytes": 8192}
{"mock_phase": "before_read", "rank": 2, "copies": 64, "bytes": 8388608}
{"mock_phase": "read_complete", "rank": 2, "ret": 0, "bytes": 8388608}
{"mock_phase": "before_read", "rank": 2, "copies": 64, "bytes": 1048576}
{"mock_phase": "read_complete", "rank": 2, "ret": 0, "bytes": 1048576}
{"mock_phase": "before_read", "rank": 2, "copies": 64, "bytes": 16384}
{"mock_phase": "read_complete", "rank": 2, "ret": 0, "bytes": 16384}
{"mock_phase": "before_read", "rank": 2, "copies": 43, "bytes": 5636096}
{"mock_phase": "read_complete", "rank": 2, "ret": 0, "bytes": 5636096}
{"mock_phase": "planned", "request_id": "cmpl-92c9f0ec40609a21-0-877f64cd", "rank": 3, "pages": 811, "bytes": 29270016}
{"mock_phase": "before_read", "rank": 3, "copies": 64, "bytes": 4194304}
{"mock_phase": "read_complete", "rank": 3, "ret": 0, "bytes": 4194304}
{"mock_phase": "before_read", "rank": 3, "copies": 64, "bytes": 524288}
{"mock_phase": "read_complete", "rank": 3, "ret": 0, "bytes": 524288}
{"mock_phase": "before_read", "rank": 3, "copies": 64, "bytes": 8192}
{"mock_phase": "read_complete", "rank": 3, "ret": 0, "bytes": 8192}
{"mock_phase": "before_read", "rank": 3, "copies": 64, "bytes": 4194304}
{"mock_phase": "read_complete", "rank": 3, "ret": 0, "bytes": 4194304}
{"mock_phase": "before_read", "rank": 3, "copies": 64, "bytes": 524288}
{"mock_phase": "read_complete", "rank": 3, "ret": 0, "bytes": 524288}
{"mock_phase": "before_read", "rank": 3, "copies": 64, "bytes": 8192}
{"mock_phase": "read_complete", "rank": 3, "ret": 0, "bytes": 8192}
{"mock_phase": "before_read", "rank": 3, "copies": 64, "bytes": 4194304}
{"mock_phase": "read_complete", "rank": 3, "ret": 0, "bytes": 4194304}
{"mock_phase": "before_read", "rank": 3, "copies": 64, "bytes": 524288}
{"mock_phase": "read_complete", "rank": 3, "ret": 0, "bytes": 524288}
{"mock_phase": "before_read", "rank": 3, "copies": 64, "bytes": 8192}
{"mock_phase": "read_complete", "rank": 3, "ret": 0, "bytes": 8192}
{"mock_phase": "before_read", "rank": 3, "copies": 64, "bytes": 8388608}
{"mock_phase": "read_complete", "rank": 3, "ret": 0, "bytes": 8388608}
{"mock_phase": "before_read", "rank": 3, "copies": 64, "bytes": 1048576}
{"mock_phase": "read_complete", "rank": 3, "ret": 0, "bytes": 1048576}
{"mock_phase": "before_read", "rank": 3, "copies": 64, "bytes": 16384}
{"mock_phase": "read_complete", "rank": 3, "ret": 0, "bytes": 16384}
{"mock_phase": "before_read", "rank": 3, "copies": 43, "bytes": 5636096}
{"mock_phase": "read_complete", "rank": 3, "ret": 0, "bytes": 5636096}
{"mock_phase": "planned", "request_id": "cmpl-92c9f0ec40609a21-0-877f64cd", "rank": 4, "pages": 811, "bytes": 29270016}
{"mock_phase": "before_read", "rank": 4, "copies": 64, "bytes": 4194304}
{"mock_phase": "read_complete", "rank": 4, "ret": 0, "bytes": 4194304}
{"mock_phase": "before_read", "rank": 4, "copies": 64, "bytes": 524288}
{"mock_phase": "read_complete", "rank": 4, "ret": 0, "bytes": 524288}
{"mock_phase": "before_read", "rank": 4, "copies": 64, "bytes": 8192}
{"mock_phase": "read_complete", "rank": 4, "ret": 0, "bytes": 8192}
{"mock_phase": "before_read", "rank": 4, "copies": 64, "bytes": 4194304}
{"mock_phase": "read_complete", "rank": 4, "ret": 0, "bytes": 4194304}
{"mock_phase": "before_read", "rank": 4, "copies": 64, "bytes": 524288}
{"mock_phase": "read_complete", "rank": 4, "ret": 0, "bytes": 524288}
{"mock_phase": "before_read", "rank": 4, "copies": 64, "bytes": 8192}
{"mock_phase": "read_complete", "rank": 4, "ret": 0, "bytes": 8192}
{"mock_phase": "before_read", "rank": 4, "copies": 64, "bytes": 4194304}
{"mock_phase": "read_complete", "rank": 4, "ret": 0, "bytes": 4194304}
{"mock_phase": "before_read", "rank": 4, "copies": 64, "bytes": 524288}
{"mock_phase": "read_complete", "rank": 4, "ret": 0, "bytes": 524288}
{"mock_phase": "before_read", "rank": 4, "copies": 64, "bytes": 8192}
{"mock_phase": "read_complete", "rank": 4, "ret": 0, "bytes": 8192}
{"mock_phase": "before_read", "rank": 4, "copies": 64, "bytes": 8388608}
{"mock_phase": "read_complete", "rank": 4, "ret": 0, "bytes": 8388608}
{"mock_phase": "before_read", "rank": 4, "copies": 64, "bytes": 1048576}
{"mock_phase": "read_complete", "rank": 4, "ret": 0, "bytes": 1048576}
{"mock_phase": "before_read", "rank": 4, "copies": 64, "bytes": 16384}
{"mock_phase": "read_complete", "rank": 4, "ret": 0, "bytes": 16384}
{"mock_phase": "before_read", "rank": 4, "copies": 43, "bytes": 5636096}
{"mock_phase": "read_complete", "rank": 4, "ret": 0, "bytes": 5636096}
{"mock_phase": "planned", "request_id": "cmpl-92c9f0ec40609a21-0-877f64cd", "rank": 5, "pages": 811, "bytes": 29270016}
{"mock_phase": "before_read", "rank": 5, "copies": 64, "bytes": 4194304}
{"mock_phase": "read_complete", "rank": 5, "ret": 0, "bytes": 4194304}
{"mock_phase": "before_read", "rank": 5, "copies": 64, "bytes": 524288}
{"mock_phase": "read_complete", "rank": 5, "ret": 0, "bytes": 524288}
{"mock_phase": "before_read", "rank": 5, "copies": 64, "bytes": 8192}
{"mock_phase": "read_complete", "rank": 5, "ret": 0, "bytes": 8192}
{"mock_phase": "before_read", "rank": 5, "copies": 64, "bytes": 4194304}
{"mock_phase": "read_complete", "rank": 5, "ret": 0, "bytes": 4194304}
{"mock_phase": "before_read", "rank": 5, "copies": 64, "bytes": 524288}
{"mock_phase": "read_complete", "rank": 5, "ret": 0, "bytes": 524288}
{"mock_phase": "before_read", "rank": 5, "copies": 64, "bytes": 8192}
{"mock_phase": "read_complete", "rank": 5, "ret": 0, "bytes": 8192}
{"mock_phase": "before_read", "rank": 5, "copies": 64, "bytes": 4194304}
{"mock_phase": "read_complete", "rank": 5, "ret": 0, "bytes": 4194304}
{"mock_phase": "before_read", "rank": 5, "copies": 64, "bytes": 524288}
{"mock_phase": "read_complete", "rank": 5, "ret": 0, "bytes": 524288}
{"mock_phase": "before_read", "rank": 5, "copies": 64, "bytes": 8192}
{"mock_phase": "read_complete", "rank": 5, "ret": 0, "bytes": 8192}
{"mock_phase": "before_read", "rank": 5, "copies": 64, "bytes": 8388608}
{"mock_phase": "read_complete", "rank": 5, "ret": 0, "bytes": 8388608}
{"mock_phase": "before_read", "rank": 5, "copies": 64, "bytes": 1048576}
{"mock_phase": "read_complete", "rank": 5, "ret": 0, "bytes": 1048576}
{"mock_phase": "before_read", "rank": 5, "copies": 64, "bytes": 16384}
{"mock_phase": "read_complete", "rank": 5, "ret": 0, "bytes": 16384}
{"mock_phase": "before_read", "rank": 5, "copies": 43, "bytes": 5636096}
{"mock_phase": "read_complete", "rank": 5, "ret": 0, "bytes": 5636096}
{"mock_phase": "planned", "request_id": "cmpl-92c9f0ec40609a21-0-877f64cd", "rank": 6, "pages": 811, "bytes": 29270016}
{"mock_phase": "before_read", "rank": 6, "copies": 64, "bytes": 4194304}
{"mock_phase": "read_complete", "rank": 6, "ret": 0, "bytes": 4194304}
{"mock_phase": "before_read", "rank": 6, "copies": 64, "bytes": 524288}
{"mock_phase": "read_complete", "rank": 6, "ret": 0, "bytes": 524288}
{"mock_phase": "before_read", "rank": 6, "copies": 64, "bytes": 8192}
{"mock_phase": "read_complete", "rank": 6, "ret": 0, "bytes": 8192}
{"mock_phase": "before_read", "rank": 6, "copies": 64, "bytes": 4194304}
{"mock_phase": "read_complete", "rank": 6, "ret": 0, "bytes": 4194304}
{"mock_phase": "before_read", "rank": 6, "copies": 64, "bytes": 524288}
{"mock_phase": "read_complete", "rank": 6, "ret": 0, "bytes": 524288}
{"mock_phase": "before_read", "rank": 6, "copies": 64, "bytes": 8192}
{"mock_phase": "read_complete", "rank": 6, "ret": 0, "bytes": 8192}
{"mock_phase": "before_read", "rank": 6, "copies": 64, "bytes": 4194304}
{"mock_phase": "read_complete", "rank": 6, "ret": 0, "bytes": 4194304}
{"mock_phase": "before_read", "rank": 6, "copies": 64, "bytes": 524288}
{"mock_phase": "read_complete", "rank": 6, "ret": 0, "bytes": 524288}
{"mock_phase": "before_read", "rank": 6, "copies": 64, "bytes": 8192}
{"mock_phase": "read_complete", "rank": 6, "ret": 0, "bytes": 8192}
{"mock_phase": "before_read", "rank": 6, "copies": 64, "bytes": 8388608}
{"mock_phase": "read_complete", "rank": 6, "ret": 0, "bytes": 8388608}
{"mock_phase": "before_read", "rank": 6, "copies": 64, "bytes": 1048576}
{"mock_phase": "read_complete", "rank": 6, "ret": 0, "bytes": 1048576}
{"mock_phase": "before_read", "rank": 6, "copies": 64, "bytes": 16384}
{"mock_phase": "read_complete", "rank": 6, "ret": 0, "bytes": 16384}
{"mock_phase": "before_read", "rank": 6, "copies": 43, "bytes": 5636096}
{"mock_phase": "read_complete", "rank": 6, "ret": 0, "bytes": 5636096}
{"mock_phase": "planned", "request_id": "cmpl-92c9f0ec40609a21-0-877f64cd", "rank": 7, "pages": 811, "bytes": 29270016}
{"mock_phase": "before_read", "rank": 7, "copies": 64, "bytes": 4194304}
{"mock_phase": "read_complete", "rank": 7, "ret": 0, "bytes": 4194304}
{"mock_phase": "before_read", "rank": 7, "copies": 64, "bytes": 524288}
{"mock_phase": "read_complete", "rank": 7, "ret": 0, "bytes": 524288}
{"mock_phase": "before_read", "rank": 7, "copies": 64, "bytes": 8192}
{"mock_phase": "read_complete", "rank": 7, "ret": 0, "bytes": 8192}
{"mock_phase": "before_read", "rank": 7, "copies": 64, "bytes": 4194304}
{"mock_phase": "read_complete", "rank": 7, "ret": 0, "bytes": 4194304}
{"mock_phase": "before_read", "rank": 7, "copies": 64, "bytes": 524288}
{"mock_phase": "read_complete", "rank": 7, "ret": 0, "bytes": 524288}
{"mock_phase": "before_read", "rank": 7, "copies": 64, "bytes": 8192}
{"mock_phase": "read_complete", "rank": 7, "ret": 0, "bytes": 8192}
{"mock_phase": "before_read", "rank": 7, "copies": 64, "bytes": 4194304}
{"mock_phase": "read_complete", "rank": 7, "ret": 0, "bytes": 4194304}
{"mock_phase": "before_read", "rank": 7, "copies": 64, "bytes": 524288}
{"mock_phase": "read_complete", "rank": 7, "ret": 0, "bytes": 524288}
{"mock_phase": "before_read", "rank": 7, "copies": 64, "bytes": 8192}
{"mock_phase": "read_complete", "rank": 7, "ret": 0, "bytes": 8192}
{"mock_phase": "before_read", "rank": 7, "copies": 64, "bytes": 8388608}
{"mock_phase": "read_complete", "rank": 7, "ret": 0, "bytes": 8388608}
{"mock_phase": "before_read", "rank": 7, "copies": 64, "bytes": 1048576}
{"mock_phase": "read_complete", "rank": 7, "ret": 0, "bytes": 1048576}
{"mock_phase": "before_read", "rank": 7, "copies": 64, "bytes": 16384}
{"mock_phase": "read_complete", "rank": 7, "ret": 0, "bytes": 16384}
{"mock_phase": "before_read", "rank": 7, "copies": 43, "bytes": 5636096}
{"mock_phase": "read_complete", "rank": 7, "ret": 0, "bytes": 5636096}
{"ok": true, "request_id": "cmpl-92c9f0ec40609a21-0-877f64cd", "ranks": [{"rank": 0, "bytes": 29270016, "read_s": 0.007162230089306831, "hash_s": 0.03678089054301381, "nonzero_groups": [0, 1, 2, 3, 4, 5, 6]}, {"rank": 1, "bytes": 29270016, "read_s": 0.006232100073248148, "hash_s": 0.03669074922800064, "nonzero_groups": [0, 1, 2, 3, 4, 5, 6]}, {"rank": 2, "bytes": 29270016, "read_s": 0.006595230661332607, "hash_s": 0.037044900469481945, "nonzero_groups": [0, 1, 2, 3, 4, 5, 6]}, {"rank": 3, "bytes": 29270016, "read_s": 0.006198899820446968, "hash_s": 0.03675060952082276, "nonzero_groups": [0, 1, 2, 3, 4, 5, 6]}, {"rank": 4, "bytes": 29270016, "read_s": 0.006263288669288158, "hash_s": 0.03690496971830726, "nonzero_groups": [0, 1, 2, 3, 4, 5, 6]}, {"rank": 5, "bytes": 29270016, "read_s": 0.007490209769457579, "hash_s": 0.03678825031965971, "nonzero_groups": [0, 1, 2, 3, 4, 5, 6]}, {"rank": 6, "bytes": 29270016, "read_s": 0.006206759717315435, "hash_s": 0.036848829593509436, "nonzero_groups": [0, 1, 2, 3, 4, 5, 6]}, {"rank": 7, "bytes": 29270016, "read_s": 0.00618240050971508, "hash_s": 0.0367637500166893, "nonzero_groups": [0, 1, 2, 3, 4, 5, 6]}], "bytes": 234160128, "consume_s": 0.373465730343014, "ack_s": 0.0020062196999788284, "total_s": 0.3754721703007817, "hold_ms": 0}
127.0.0.1 - - [09/Oct/2026 07:23:02] "POST /consume HTTP/1.1" 200 -
{"mock_phase": "planned", "request_id": "cmpl-a9fe379400afd0fe-0-b657d516", "rank": 0, "pages": 1675, "bytes": 55858176}
{"mock_phase": "before_read", "rank": 0, "copies": 64, "bytes": 4194304}
{"mock_phase": "read_complete", "rank": 0, "ret": 0, "bytes": 4194304}
{"mock_phase": "before_read", "rank": 0, "copies": 64, "bytes": 4194304}
{"mock_phase": "read_complete", "rank": 0, "ret": 0, "bytes": 4194304}
{"mock_phase": "before_read", "rank": 0, "copies": 64, "bytes": 983040}
{"mock_phase": "read_complete", "rank": 0, "ret": 0, "bytes": 983040}
{"mock_phase": "before_read", "rank": 0, "copies": 64, "bytes": 524288}
{"mock_phase": "read_complete", "rank": 0, "ret": 0, "bytes": 524288}
{"mock_phase": "before_read", "rank": 0, "copies": 64, "bytes": 137216}
{"mock_phase": "read_complete", "rank": 0, "ret": 0, "bytes": 137216}
{"mock_phase": "before_read", "rank": 0, "copies": 64, "bytes": 8192}
{"mock_phase": "read_complete", "rank": 0, "ret": 0, "bytes": 8192}
{"mock_phase": "before_read", "rank": 0, "copies": 64, "bytes": 2624512}
{"mock_phase": "read_complete", "rank": 0, "ret": 0, "bytes": 2624512}
{"mock_phase": "before_read", "rank": 0, "copies": 64, "bytes": 4194304}
{"mock_phase": "read_complete", "rank": 0, "ret": 0, "bytes": 4194304}
{"mock_phase": "before_read", "rank": 0, "copies": 64, "bytes": 2359296}
{"mock_phase": "read_complete", "rank": 0, "ret": 0, "bytes": 2359296}
{"mock_phase": "before_read", "rank": 0, "copies": 64, "bytes": 524288}
{"mock_phase": "read_complete", "rank": 0, "ret": 0, "bytes": 524288}
{"mock_phase": "before_read", "rank": 0, "copies": 64, "bytes": 330752}
{"mock_phase": "read_complete", "rank": 0, "ret": 0, "bytes": 330752}
{"mock_phase": "before_read", "rank": 0, "copies": 64, "bytes": 8192}
{"mock_phase": "read_complete", "rank": 0, "ret": 0, "bytes": 8192}
{"mock_phase": "before_read", "rank": 0, "copies": 64, "bytes": 1054720}
{"mock_phase": "read_complete", "rank": 0, "ret": 0, "bytes": 1054720}
{"mock_phase": "before_read", "rank": 0, "copies": 64, "bytes": 4194304}
{"mock_phase": "read_complete", "rank": 0, "ret": 0, "bytes": 4194304}
{"mock_phase": "before_read", "rank": 0, "copies": 64, "bytes": 3735552}
{"mock_phase": "read_complete", "rank": 0, "ret": 0, "bytes": 3735552}
{"mock_phase": "before_read", "rank": 0, "copies": 64, "bytes": 524288}
{"mock_phase": "read_complete", "rank": 0, "ret": 0, "bytes": 524288}
{"mock_phase": "before_read", "rank": 0, "copies": 64, "bytes": 524288}
{"mock_phase": "read_complete", "rank": 0, "ret": 0, "bytes": 524288}
{"mock_phase": "before_read", "rank": 0, "copies": 64, "bytes": 8192}
{"mock_phase": "read_complete", "rank": 0, "ret": 0, "bytes": 8192}
{"mock_phase": "before_read", "rank": 0, "copies": 64, "bytes": 8192}
{"mock_phase": "read_complete", "rank": 0, "ret": 0, "bytes": 8192}
{"mock_phase": "before_read", "rank": 0, "copies": 64, "bytes": 7341056}
{"mock_phase": "read_complete", "rank": 0, "ret": 0, "bytes": 7341056}
{"mock_phase": "before_read", "rank": 0, "copies": 64, "bytes": 8388608}
{"mock_phase": "read_complete", "rank": 0, "ret": 0, "bytes": 8388608}
{"mock_phase": "before_read", "rank": 0, "copies": 64, "bytes": 2883584}
{"mock_phase": "read_complete", "rank": 0, "ret": 0, "bytes": 2883584}
{"mock_phase": "before_read", "rank": 0, "copies": 64, "bytes": 1048576}
{"mock_phase": "read_complete", "rank": 0, "ret": 0, "bytes": 1048576}
{"mock_phase": "before_read", "rank": 0, "copies": 64, "bytes": 403456}
{"mock_phase": "read_complete", "rank": 0, "ret": 0, "bytes": 403456}
{"mock_phase": "before_read", "rank": 0, "copies": 64, "bytes": 16384}
{"mock_phase": "read_complete", "rank": 0, "ret": 0, "bytes": 16384}
{"mock_phase": "before_read", "rank": 0, "copies": 64, "bytes": 4202496}
{"mock_phase": "read_complete", "rank": 0, "ret": 0, "bytes": 4202496}
{"mock_phase": "before_read", "rank": 0, "copies": 11, "bytes": 1441792}
{"mock_phase": "read_complete", "rank": 0, "ret": 0, "bytes": 1441792}
{"mock_phase": "planned", "request_id": "cmpl-a9fe379400afd0fe-0-b657d516", "rank": 1, "pages": 1675, "bytes": 55858176}
{"mock_phase": "before_read", "rank": 1, "copies": 64, "bytes": 4194304}
{"mock_phase": "read_complete", "rank": 1, "ret": 0, "bytes": 4194304}
{"mock_phase": "before_read", "rank": 1, "copies": 64, "bytes": 4194304}
{"mock_phase": "read_complete", "rank": 1, "ret": 0, "bytes": 4194304}
{"mock_phase": "before_read", "rank": 1, "copies": 64, "bytes": 983040}
{"mock_phase": "read_complete", "rank": 1, "ret": 0, "bytes": 983040}
{"mock_phase": "before_read", "rank": 1, "copies": 64, "bytes": 524288}
{"mock_phase": "read_complete", "rank": 1, "ret": 0, "bytes": 524288}
{"mock_phase": "before_read", "rank": 1, "copies": 64, "bytes": 137216}
{"mock_phase": "read_complete", "rank": 1, "ret": 0, "bytes": 137216}
{"mock_phase": "before_read", "rank": 1, "copies": 64, "bytes": 8192}
{"mock_phase": "read_complete", "rank": 1, "ret": 0, "bytes": 8192}
{"mock_phase": "before_read", "rank": 1, "copies": 64, "bytes": 2624512}
{"mock_phase": "read_complete", "rank": 1, "ret": 0, "bytes": 2624512}
{"mock_phase": "before_read", "rank": 1, "copies": 64, "bytes": 4194304}
{"mock_phase": "read_complete", "rank": 1, "ret": 0, "bytes": 4194304}
{"mock_phase": "before_read", "rank": 1, "copies": 64, "bytes": 2359296}
{"mock_phase": "read_complete", "rank": 1, "ret": 0, "bytes": 2359296}
{"mock_phase": "before_read", "rank": 1, "copies": 64, "bytes": 524288}
{"mock_phase": "read_complete", "rank": 1, "ret": 0, "bytes": 524288}
{"mock_phase": "before_read", "rank": 1, "copies": 64, "bytes": 330752}
{"mock_phase": "read_complete", "rank": 1, "ret": 0, "bytes": 330752}
{"mock_phase": "before_read", "rank": 1, "copies": 64, "bytes": 8192}
{"mock_phase": "read_complete", "rank": 1, "ret": 0, "bytes": 8192}
{"mock_phase": "before_read", "rank": 1, "copies": 64, "bytes": 1054720}
{"mock_phase": "read_complete", "rank": 1, "ret": 0, "bytes": 1054720}
{"mock_phase": "before_read", "rank": 1, "copies": 64, "bytes": 4194304}
{"mock_phase": "read_complete", "rank": 1, "ret": 0, "bytes": 4194304}
{"mock_phase": "before_read", "rank": 1, "copies": 64, "bytes": 3735552}
{"mock_phase": "read_complete", "rank": 1, "ret": 0, "bytes": 3735552}
{"mock_phase": "before_read", "rank": 1, "copies": 64, "bytes": 524288}
{"mock_phase": "read_complete", "rank": 1, "ret": 0, "bytes": 524288}
{"mock_phase": "before_read", "rank": 1, "copies": 64, "bytes": 524288}
{"mock_phase": "read_complete", "rank": 1, "ret": 0, "bytes": 524288}
{"mock_phase": "before_read", "rank": 1, "copies": 64, "bytes": 8192}
{"mock_phase": "read_complete", "rank": 1, "ret": 0, "bytes": 8192}
{"mock_phase": "before_read", "rank": 1, "copies": 64, "bytes": 8192}
{"mock_phase": "read_complete", "rank": 1, "ret": 0, "bytes": 8192}
{"mock_phase": "before_read", "rank": 1, "copies": 64, "bytes": 7341056}
{"mock_phase": "read_complete", "rank": 1, "ret": 0, "bytes": 7341056}
{"mock_phase": "before_read", "rank": 1, "copies": 64, "bytes": 8388608}
{"mock_phase": "read_complete", "rank": 1, "ret": 0, "bytes": 8388608}
{"mock_phase": "before_read", "rank": 1, "copies": 64, "bytes": 2883584}
{"mock_phase": "read_complete", "rank": 1, "ret": 0, "bytes": 2883584}
{"mock_phase": "before_read", "rank": 1, "copies": 64, "bytes": 1048576}
{"mock_phase": "read_complete", "rank": 1, "ret": 0, "bytes": 1048576}
{"mock_phase": "before_read", "rank": 1, "copies": 64, "bytes": 403456}
{"mock_phase": "read_complete", "rank": 1, "ret": 0, "bytes": 403456}
{"mock_phase": "before_read", "rank": 1, "copies": 64, "bytes": 16384}
{"mock_phase": "read_complete", "rank": 1, "ret": 0, "bytes": 16384}
{"mock_phase": "before_read", "rank": 1, "copies": 64, "bytes": 4202496}
{"mock_phase": "read_complete", "rank": 1, "ret": 0, "bytes": 4202496}
{"mock_phase": "before_read", "rank": 1, "copies": 11, "bytes": 1441792}
{"mock_phase": "read_complete", "rank": 1, "ret": 0, "bytes": 1441792}
{"mock_phase": "planned", "request_id": "cmpl-a9fe379400afd0fe-0-b657d516", "rank": 2, "pages": 1675, "bytes": 55858176}
{"mock_phase": "before_read", "rank": 2, "copies": 64, "bytes": 4194304}
{"mock_phase": "read_complete", "rank": 2, "ret": 0, "bytes": 4194304}
{"mock_phase": "before_read", "rank": 2, "copies": 64, "bytes": 4194304}
{"mock_phase": "read_complete", "rank": 2, "ret": 0, "bytes": 4194304}
{"mock_phase": "before_read", "rank": 2, "copies": 64, "bytes": 983040}
{"mock_phase": "read_complete", "rank": 2, "ret": 0, "bytes": 983040}
{"mock_phase": "before_read", "rank": 2, "copies": 64, "bytes": 524288}
{"mock_phase": "read_complete", "rank": 2, "ret": 0, "bytes": 524288}
{"mock_phase": "before_read", "rank": 2, "copies": 64, "bytes": 137216}
{"mock_phase": "read_complete", "rank": 2, "ret": 0, "bytes": 137216}
{"mock_phase": "before_read", "rank": 2, "copies": 64, "bytes": 8192}
{"mock_phase": "read_complete", "rank": 2, "ret": 0, "bytes": 8192}
{"mock_phase": "before_read", "rank": 2, "copies": 64, "bytes": 2624512}
{"mock_phase": "read_complete", "rank": 2, "ret": 0, "bytes": 2624512}
{"mock_phase": "before_read", "rank": 2, "copies": 64, "bytes": 4194304}
{"mock_phase": "read_complete", "rank": 2, "ret": 0, "bytes": 4194304}
{"mock_phase": "before_read", "rank": 2, "copies": 64, "bytes": 2359296}
{"mock_phase": "read_complete", "rank": 2, "ret": 0, "bytes": 2359296}
{"mock_phase": "before_read", "rank": 2, "copies": 64, "bytes": 524288}
{"mock_phase": "read_complete", "rank": 2, "ret": 0, "bytes": 524288}
{"mock_phase": "before_read", "rank": 2, "copies": 64, "bytes": 330752}
{"mock_phase": "read_complete", "rank": 2, "ret": 0, "bytes": 330752}
{"mock_phase": "before_read", "rank": 2, "copies": 64, "bytes": 8192}
{"mock_phase": "read_complete", "rank": 2, "ret": 0, "bytes": 8192}
{"mock_phase": "before_read", "rank": 2, "copies": 64, "bytes": 1054720}
{"mock_phase": "read_complete", "rank": 2, "ret": 0, "bytes": 1054720}
{"mock_phase": "before_read", "rank": 2, "copies": 64, "bytes": 4194304}
{"mock_phase": "read_complete", "rank": 2, "ret": 0, "bytes": 4194304}
{"mock_phase": "before_read", "rank": 2, "copies": 64, "bytes": 3735552}
{"mock_phase": "read_complete", "rank": 2, "ret": 0, "bytes": 3735552}
{"mock_phase": "before_read", "rank": 2, "copies": 64, "bytes": 524288}
{"mock_phase": "read_complete", "rank": 2, "ret": 0, "bytes": 524288}
{"mock_phase": "before_read", "rank": 2, "copies": 64, "bytes": 524288}
{"mock_phase": "read_complete", "rank": 2, "ret": 0, "bytes": 524288}
{"mock_phase": "before_read", "rank": 2, "copies": 64, "bytes": 8192}
{"mock_phase": "read_complete", "rank": 2, "ret": 0, "bytes": 8192}
{"mock_phase": "before_read", "rank": 2, "copies": 64, "bytes": 8192}
{"mock_phase": "read_complete", "rank": 2, "ret": 0, "bytes": 8192}
{"mock_phase": "before_read", "rank": 2, "copies": 64, "bytes": 7341056}
{"mock_phase": "read_complete", "rank": 2, "ret": 0, "bytes": 7341056}
{"mock_phase": "before_read", "rank": 2, "copies": 64, "bytes": 8388608}
{"mock_phase": "read_complete", "rank": 2, "ret": 0, "bytes": 8388608}
{"mock_phase": "before_read", "rank": 2, "copies": 64, "bytes": 2883584}
{"mock_phase": "read_complete", "rank": 2, "ret": 0, "bytes": 2883584}
{"mock_phase": "before_read", "rank": 2, "copies": 64, "bytes": 1048576}
{"mock_phase": "read_complete", "rank": 2, "ret": 0, "bytes": 1048576}
{"mock_phase": "before_read", "rank": 2, "copies": 64, "bytes": 403456}
{"mock_phase": "read_complete", "rank": 2, "ret": 0, "bytes": 403456}
{"mock_phase": "before_read", "rank": 2, "copies": 64, "bytes": 16384}
{"mock_phase": "read_complete", "rank": 2, "ret": 0, "bytes": 16384}
{"mock_phase": "before_read", "rank": 2, "copies": 64, "bytes": 4202496}
{"mock_phase": "read_complete", "rank": 2, "ret": 0, "bytes": 4202496}
{"mock_phase": "before_read", "rank": 2, "copies": 11, "bytes": 1441792}
{"mock_phase": "read_complete", "rank": 2, "ret": 0, "bytes": 1441792}
{"mock_phase": "planned", "request_id": "cmpl-a9fe379400afd0fe-0-b657d516", "rank": 3, "pages": 1675, "bytes": 55858176}
{"mock_phase": "before_read", "rank": 3, "copies": 64, "bytes": 4194304}
{"mock_phase": "read_complete", "rank": 3, "ret": 0, "bytes": 4194304}
{"mock_phase": "before_read", "rank": 3, "copies": 64, "bytes": 4194304}
{"mock_phase": "read_complete", "rank": 3, "ret": 0, "bytes": 4194304}
{"mock_phase": "before_read", "rank": 3, "copies": 64, "bytes": 983040}
{"mock_phase": "read_complete", "rank": 3, "ret": 0, "bytes": 983040}
{"mock_phase": "before_read", "rank": 3, "copies": 64, "bytes": 524288}
{"mock_phase": "read_complete", "rank": 3, "ret": 0, "bytes": 524288}
{"mock_phase": "before_read", "rank": 3, "copies": 64, "bytes": 137216}
{"mock_phase": "read_complete", "rank": 3, "ret": 0, "bytes": 137216}
{"mock_phase": "before_read", "rank": 3, "copies": 64, "bytes": 8192}
{"mock_phase": "read_complete", "rank": 3, "ret": 0, "bytes": 8192}
{"mock_phase": "before_read", "rank": 3, "copies": 64, "bytes": 2624512}
{"mock_phase": "read_complete", "rank": 3, "ret": 0, "bytes": 2624512}
{"mock_phase": "before_read", "rank": 3, "copies": 64, "bytes": 4194304}
{"mock_phase": "read_complete", "rank": 3, "ret": 0, "bytes": 4194304}
{"mock_phase": "before_read", "rank": 3, "copies": 64, "bytes": 2359296}
{"mock_phase": "read_complete", "rank": 3, "ret": 0, "bytes": 2359296}
{"mock_phase": "before_read", "rank": 3, "copies": 64, "bytes": 524288}
{"mock_phase": "read_complete", "rank": 3, "ret": 0, "bytes": 524288}
{"mock_phase": "before_read", "rank": 3, "copies": 64, "bytes": 330752}
{"mock_phase": "read_complete", "rank": 3, "ret": 0, "bytes": 330752}
{"mock_phase": "before_read", "rank": 3, "copies": 64, "bytes": 8192}
{"mock_phase": "read_complete", "rank": 3, "ret": 0, "bytes": 8192}
{"mock_phase": "before_read", "rank": 3, "copies": 64, "bytes": 1054720}
{"mock_phase": "read_complete", "rank": 3, "ret": 0, "bytes": 1054720}
{"mock_phase": "before_read", "rank": 3, "copies": 64, "bytes": 4194304}
{"mock_phase": "read_complete", "rank": 3, "ret": 0, "bytes": 4194304}
{"mock_phase": "before_read", "rank": 3, "copies": 64, "bytes": 3735552}
{"mock_phase": "read_complete", "rank": 3, "ret": 0, "bytes": 3735552}
{"mock_phase": "before_read", "rank": 3, "copies": 64, "bytes": 524288}
{"mock_phase": "read_complete", "rank": 3, "ret": 0, "bytes": 524288}
{"mock_phase": "before_read", "rank": 3, "copies": 64, "bytes": 524288}
{"mock_phase": "read_complete", "rank": 3, "ret": 0, "bytes": 524288}
{"mock_phase": "before_read", "rank": 3, "copies": 64, "bytes": 8192}
{"mock_phase": "read_complete", "rank": 3, "ret": 0, "bytes": 8192}
{"mock_phase": "before_read", "rank": 3, "copies": 64, "bytes": 8192}
{"mock_phase": "read_complete", "rank": 3, "ret": 0, "bytes": 8192}
{"mock_phase": "before_read", "rank": 3, "copies": 64, "bytes": 7341056}
{"mock_phase": "read_complete", "rank": 3, "ret": 0, "bytes": 7341056}
{"mock_phase": "before_read", "rank": 3, "copies": 64, "bytes": 8388608}
{"mock_phase": "read_complete", "rank": 3, "ret": 0, "bytes": 8388608}
{"mock_phase": "before_read", "rank": 3, "copies": 64, "bytes": 2883584}
{"mock_phase": "read_complete", "rank": 3, "ret": 0, "bytes": 2883584}
{"mock_phase": "before_read", "rank": 3, "copies": 64, "bytes": 1048576}
{"mock_phase": "read_complete", "rank": 3, "ret": 0, "bytes": 1048576}
{"mock_phase": "before_read", "rank": 3, "copies": 64, "bytes": 403456}
{"mock_phase": "read_complete", "rank": 3, "ret": 0, "bytes": 403456}
{"mock_phase": "before_read", "rank": 3, "copies": 64, "bytes": 16384}
{"mock_phase": "read_complete", "rank": 3, "ret": 0, "bytes": 16384}
{"mock_phase": "before_read", "rank": 3, "copies": 64, "bytes": 4202496}
{"mock_phase": "read_complete", "rank": 3, "ret": 0, "bytes": 4202496}
{"mock_phase": "before_read", "rank": 3, "copies": 11, "bytes": 1441792}
{"mock_phase": "read_complete", "rank": 3, "ret": 0, "bytes": 1441792}
{"mock_phase": "planned", "request_id": "cmpl-a9fe379400afd0fe-0-b657d516", "rank": 4, "pages": 1675, "bytes": 55858176}
{"mock_phase": "before_read", "rank": 4, "copies": 64, "bytes": 4194304}
{"mock_phase": "read_complete", "rank": 4, "ret": 0, "bytes": 4194304}
{"mock_phase": "before_read", "rank": 4, "copies": 64, "bytes": 4194304}
{"mock_phase": "read_complete", "rank": 4, "ret": 0, "bytes": 4194304}
{"mock_phase": "before_read", "rank": 4, "copies": 64, "bytes": 983040}
{"mock_phase": "read_complete", "rank": 4, "ret": 0, "bytes": 983040}
{"mock_phase": "before_read", "rank": 4, "copies": 64, "bytes": 524288}
{"mock_phase": "read_complete", "rank": 4, "ret": 0, "bytes": 524288}
{"mock_phase": "before_read", "rank": 4, "copies": 64, "bytes": 137216}
{"mock_phase": "read_complete", "rank": 4, "ret": 0, "bytes": 137216}
{"mock_phase": "before_read", "rank": 4, "copies": 64, "bytes": 8192}
{"mock_phase": "read_complete", "rank": 4, "ret": 0, "bytes": 8192}
{"mock_phase": "before_read", "rank": 4, "copies": 64, "bytes": 2624512}
{"mock_phase": "read_complete", "rank": 4, "ret": 0, "bytes": 2624512}
{"mock_phase": "before_read", "rank": 4, "copies": 64, "bytes": 4194304}
{"mock_phase": "read_complete", "rank": 4, "ret": 0, "bytes": 4194304}
{"mock_phase": "before_read", "rank": 4, "copies": 64, "bytes": 2359296}
{"mock_phase": "read_complete", "rank": 4, "ret": 0, "bytes": 2359296}
{"mock_phase": "before_read", "rank": 4, "copies": 64, "bytes": 524288}
{"mock_phase": "read_complete", "rank": 4, "ret": 0, "bytes": 524288}
{"mock_phase": "before_read", "rank": 4, "copies": 64, "bytes": 330752}
{"mock_phase": "read_complete", "rank": 4, "ret": 0, "bytes": 330752}
{"mock_phase": "before_read", "rank": 4, "copies": 64, "bytes": 8192}
{"mock_phase": "read_complete", "rank": 4, "ret": 0, "bytes": 8192}
{"mock_phase": "before_read", "rank": 4, "copies": 64, "bytes": 1054720}
{"mock_phase": "read_complete", "rank": 4, "ret": 0, "bytes": 1054720}
{"mock_phase": "before_read", "rank": 4, "copies": 64, "bytes": 4194304}
{"mock_phase": "read_complete", "rank": 4, "ret": 0, "bytes": 4194304}
{"mock_phase": "before_read", "rank": 4, "copies": 64, "bytes": 3735552}
{"mock_phase": "read_complete", "rank": 4, "ret": 0, "bytes": 3735552}
{"mock_phase": "before_read", "rank": 4, "copies": 64, "bytes": 524288}
{"mock_phase": "read_complete", "rank": 4, "ret": 0, "bytes": 524288}
{"mock_phase": "before_read", "rank": 4, "copies": 64, "bytes": 524288}
{"mock_phase": "read_complete", "rank": 4, "ret": 0, "bytes": 524288}
{"mock_phase": "before_read", "rank": 4, "copies": 64, "bytes": 8192}
{"mock_phase": "read_complete", "rank": 4, "ret": 0, "bytes": 8192}
{"mock_phase": "before_read", "rank": 4, "copies": 64, "bytes": 8192}
{"mock_phase": "read_complete", "rank": 4, "ret": 0, "bytes": 8192}
{"mock_phase": "before_read", "rank": 4, "copies": 64, "bytes": 7341056}
{"mock_phase": "read_complete", "rank": 4, "ret": 0, "bytes": 7341056}
{"mock_phase": "before_read", "rank": 4, "copies": 64, "bytes": 8388608}
{"mock_phase": "read_complete", "rank": 4, "ret": 0, "bytes": 8388608}
{"mock_phase": "before_read", "rank": 4, "copies": 64, "bytes": 2883584}
{"mock_phase": "read_complete", "rank": 4, "ret": 0, "bytes": 2883584}
{"mock_phase": "before_read", "rank": 4, "copies": 64, "bytes": 1048576}
{"mock_phase": "read_complete", "rank": 4, "ret": 0, "bytes": 1048576}
{"mock_phase": "before_read", "rank": 4, "copies": 64, "bytes": 403456}
{"mock_phase": "read_complete", "rank": 4, "ret": 0, "bytes": 403456}
{"mock_phase": "before_read", "rank": 4, "copies": 64, "bytes": 16384}
{"mock_phase": "read_complete", "rank": 4, "ret": 0, "bytes": 16384}
{"mock_phase": "before_read", "rank": 4, "copies": 64, "bytes": 4202496}
{"mock_phase": "read_complete", "rank": 4, "ret": 0, "bytes": 4202496}
{"mock_phase": "before_read", "rank": 4, "copies": 11, "bytes": 1441792}
{"mock_phase": "read_complete", "rank": 4, "ret": 0, "bytes": 1441792}
{"mock_phase": "planned", "request_id": "cmpl-a9fe379400afd0fe-0-b657d516", "rank": 5, "pages": 1675, "bytes": 55858176}
{"mock_phase": "before_read", "rank": 5, "copies": 64, "bytes": 4194304}
{"mock_phase": "read_complete", "rank": 5, "ret": 0, "bytes": 4194304}
{"mock_phase": "before_read", "rank": 5, "copies": 64, "bytes": 4194304}
{"mock_phase": "read_complete", "rank": 5, "ret": 0, "bytes": 4194304}
{"mock_phase": "before_read", "rank": 5, "copies": 64, "bytes": 983040}
{"mock_phase": "read_complete", "rank": 5, "ret": 0, "bytes": 983040}
{"mock_phase": "before_read", "rank": 5, "copies": 64, "bytes": 524288}
{"mock_phase": "read_complete", "rank": 5, "ret": 0, "bytes": 524288}
{"mock_phase": "before_read", "rank": 5, "copies": 64, "bytes": 137216}
{"mock_phase": "read_complete", "rank": 5, "ret": 0, "bytes": 137216}
{"mock_phase": "before_read", "rank": 5, "copies": 64, "bytes": 8192}
{"mock_phase": "read_complete", "rank": 5, "ret": 0, "bytes": 8192}
{"mock_phase": "before_read", "rank": 5, "copies": 64, "bytes": 2624512}
{"mock_phase": "read_complete", "rank": 5, "ret": 0, "bytes": 2624512}
{"mock_phase": "before_read", "rank": 5, "copies": 64, "bytes": 4194304}
{"mock_phase": "read_complete", "rank": 5, "ret": 0, "bytes": 4194304}
{"mock_phase": "before_read", "rank": 5, "copies": 64, "bytes": 2359296}
{"mock_phase": "read_complete", "rank": 5, "ret": 0, "bytes": 2359296}
{"mock_phase": "before_read", "rank": 5, "copies": 64, "bytes": 524288}
{"mock_phase": "read_complete", "rank": 5, "ret": 0, "bytes": 524288}
{"mock_phase": "before_read", "rank": 5, "copies": 64, "bytes": 330752}
{"mock_phase": "read_complete", "rank": 5, "ret": 0, "bytes": 330752}
{"mock_phase": "before_read", "rank": 5, "copies": 64, "bytes": 8192}
{"mock_phase": "read_complete", "rank": 5, "ret": 0, "bytes": 8192}
{"mock_phase": "before_read", "rank": 5, "copies": 64, "bytes": 1054720}
{"mock_phase": "read_complete", "rank": 5, "ret": 0, "bytes": 1054720}
{"mock_phase": "before_read", "rank": 5, "copies": 64, "bytes": 4194304}
{"mock_phase": "read_complete", "rank": 5, "ret": 0, "bytes": 4194304}
{"mock_phase": "before_read", "rank": 5, "copies": 64, "bytes": 3735552}
{"mock_phase": "read_complete", "rank": 5, "ret": 0, "bytes": 3735552}
{"mock_phase": "before_read", "rank": 5, "copies": 64, "bytes": 524288}
{"mock_phase": "read_complete", "rank": 5, "ret": 0, "bytes": 524288}
{"mock_phase": "before_read", "rank": 5, "copies": 64, "bytes": 524288}
{"mock_phase": "read_complete", "rank": 5, "ret": 0, "bytes": 524288}
{"mock_phase": "before_read", "rank": 5, "copies": 64, "bytes": 8192}
{"mock_phase": "read_complete", "rank": 5, "ret": 0, "bytes": 8192}
{"mock_phase": "before_read", "rank": 5, "copies": 64, "bytes": 8192}
{"mock_phase": "read_complete", "rank": 5, "ret": 0, "bytes": 8192}
{"mock_phase": "before_read", "rank": 5, "copies": 64, "bytes": 7341056}
{"mock_phase": "read_complete", "rank": 5, "ret": 0, "bytes": 7341056}
{"mock_phase": "before_read", "rank": 5, "copies": 64, "bytes": 8388608}
{"mock_phase": "read_complete", "rank": 5, "ret": 0, "bytes": 8388608}
{"mock_phase": "before_read", "rank": 5, "copies": 64, "bytes": 2883584}
{"mock_phase": "read_complete", "rank": 5, "ret": 0, "bytes": 2883584}
{"mock_phase": "before_read", "rank": 5, "copies": 64, "bytes": 1048576}
{"mock_phase": "read_complete", "rank": 5, "ret": 0, "bytes": 1048576}
{"mock_phase": "before_read", "rank": 5, "copies": 64, "bytes": 403456}
{"mock_phase": "read_complete", "rank": 5, "ret": 0, "bytes": 403456}
{"mock_phase": "before_read", "rank": 5, "copies": 64, "bytes": 16384}
{"mock_phase": "read_complete", "rank": 5, "ret": 0, "bytes": 16384}
{"mock_phase": "before_read", "rank": 5, "copies": 64, "bytes": 4202496}
{"mock_phase": "read_complete", "rank": 5, "ret": 0, "bytes": 4202496}
{"mock_phase": "before_read", "rank": 5, "copies": 11, "bytes": 1441792}
{"mock_phase": "read_complete", "rank": 5, "ret": 0, "bytes": 1441792}
{"mock_phase": "planned", "request_id": "cmpl-a9fe379400afd0fe-0-b657d516", "rank": 6, "pages": 1675, "bytes": 55858176}
{"mock_phase": "before_read", "rank": 6, "copies": 64, "bytes": 4194304}
{"mock_phase": "read_complete", "rank": 6, "ret": 0, "bytes": 4194304}
{"mock_phase": "before_read", "rank": 6, "copies": 64, "bytes": 4194304}
{"mock_phase": "read_complete", "rank": 6, "ret": 0, "bytes": 4194304}
{"mock_phase": "before_read", "rank": 6, "copies": 64, "bytes": 983040}
{"mock_phase": "read_complete", "rank": 6, "ret": 0, "bytes": 983040}
{"mock_phase": "before_read", "rank": 6, "copies": 64, "bytes": 524288}
{"mock_phase": "read_complete", "rank": 6, "ret": 0, "bytes": 524288}
{"mock_phase": "before_read", "rank": 6, "copies": 64, "bytes": 137216}
{"mock_phase": "read_complete", "rank": 6, "ret": 0, "bytes": 137216}
{"mock_phase": "before_read", "rank": 6, "copies": 64, "bytes": 8192}
{"mock_phase": "read_complete", "rank": 6, "ret": 0, "bytes": 8192}
{"mock_phase": "before_read", "rank": 6, "copies": 64, "bytes": 2624512}
{"mock_phase": "read_complete", "rank": 6, "ret": 0, "bytes": 2624512}
{"mock_phase": "before_read", "rank": 6, "copies": 64, "bytes": 4194304}
{"mock_phase": "read_complete", "rank": 6, "ret": 0, "bytes": 4194304}
{"mock_phase": "before_read", "rank": 6, "copies": 64, "bytes": 2359296}
{"mock_phase": "read_complete", "rank": 6, "ret": 0, "bytes": 2359296}
{"mock_phase": "before_read", "rank": 6, "copies": 64, "bytes": 524288}
{"mock_phase": "read_complete", "rank": 6, "ret": 0, "bytes": 524288}
{"mock_phase": "before_read", "rank": 6, "copies": 64, "bytes": 330752}
{"mock_phase": "read_complete", "rank": 6, "ret": 0, "bytes": 330752}
{"mock_phase": "before_read", "rank": 6, "copies": 64, "bytes": 8192}
{"mock_phase": "read_complete", "rank": 6, "ret": 0, "bytes": 8192}
{"mock_phase": "before_read", "rank": 6, "copies": 64, "bytes": 1054720}
{"mock_phase": "read_complete", "rank": 6, "ret": 0, "bytes": 1054720}
{"mock_phase": "before_read", "rank": 6, "copies": 64, "bytes": 4194304}
{"mock_phase": "read_complete", "rank": 6, "ret": 0, "bytes": 4194304}
{"mock_phase": "before_read", "rank": 6, "copies": 64, "bytes": 3735552}
{"mock_phase": "read_complete", "rank": 6, "ret": 0, "bytes": 3735552}
{"mock_phase": "before_read", "rank": 6, "copies": 64, "bytes": 524288}
{"mock_phase": "read_complete", "rank": 6, "ret": 0, "bytes": 524288}
{"mock_phase": "before_read", "rank": 6, "copies": 64, "bytes": 524288}
{"mock_phase": "read_complete", "rank": 6, "ret": 0, "bytes": 524288}
{"mock_phase": "before_read", "rank": 6, "copies": 64, "bytes": 8192}
{"mock_phase": "read_complete", "rank": 6, "ret": 0, "bytes": 8192}
{"mock_phase": "before_read", "rank": 6, "copies": 64, "bytes": 8192}
{"mock_phase": "read_complete", "rank": 6, "ret": 0, "bytes": 8192}
{"mock_phase": "before_read", "rank": 6, "copies": 64, "bytes": 7341056}
{"mock_phase": "read_complete", "rank": 6, "ret": 0, "bytes": 7341056}
{"mock_phase": "before_read", "rank": 6, "copies": 64, "bytes": 8388608}
{"mock_phase": "read_complete", "rank": 6, "ret": 0, "bytes": 8388608}
{"mock_phase": "before_read", "rank": 6, "copies": 64, "bytes": 2883584}
{"mock_phase": "read_complete", "rank": 6, "ret": 0, "bytes": 2883584}
{"mock_phase": "before_read", "rank": 6, "copies": 64, "bytes": 1048576}
{"mock_phase": "read_complete", "rank": 6, "ret": 0, "bytes": 1048576}
{"mock_phase": "before_read", "rank": 6, "copies": 64, "bytes": 403456}
{"mock_phase": "read_complete", "rank": 6, "ret": 0, "bytes": 403456}
{"mock_phase": "before_read", "rank": 6, "copies": 64, "bytes": 16384}
{"mock_phase": "read_complete", "rank": 6, "ret": 0, "bytes": 16384}
{"mock_phase": "before_read", "rank": 6, "copies": 64, "bytes": 4202496}
{"mock_phase": "read_complete", "rank": 6, "ret": 0, "bytes": 4202496}
{"mock_phase": "before_read", "rank": 6, "copies": 11, "bytes": 1441792}
{"mock_phase": "read_complete", "rank": 6, "ret": 0, "bytes": 1441792}
{"mock_phase": "planned", "request_id": "cmpl-a9fe379400afd0fe-0-b657d516", "rank": 7, "pages": 1675, "bytes": 55858176}
{"mock_phase": "before_read", "rank": 7, "copies": 64, "bytes": 4194304}
{"mock_phase": "read_complete", "rank": 7, "ret": 0, "bytes": 4194304}
{"mock_phase": "before_read", "rank": 7, "copies": 64, "bytes": 4194304}
{"mock_phase": "read_complete", "rank": 7, "ret": 0, "bytes": 4194304}
{"mock_phase": "before_read", "rank": 7, "copies": 64, "bytes": 983040}
{"mock_phase": "read_complete", "rank": 7, "ret": 0, "bytes": 983040}
{"mock_phase": "before_read", "rank": 7, "copies": 64, "bytes": 524288}
{"mock_phase": "read_complete", "rank": 7, "ret": 0, "bytes": 524288}
{"mock_phase": "before_read", "rank": 7, "copies": 64, "bytes": 137216}
{"mock_phase": "read_complete", "rank": 7, "ret": 0, "bytes": 137216}
{"mock_phase": "before_read", "rank": 7, "copies": 64, "bytes": 8192}
{"mock_phase": "read_complete", "rank": 7, "ret": 0, "bytes": 8192}
{"mock_phase": "before_read", "rank": 7, "copies": 64, "bytes": 2624512}
{"mock_phase": "read_complete", "rank": 7, "ret": 0, "bytes": 2624512}
{"mock_phase": "before_read", "rank": 7, "copies": 64, "bytes": 4194304}
{"mock_phase": "read_complete", "rank": 7, "ret": 0, "bytes": 4194304}
{"mock_phase": "before_read", "rank": 7, "copies": 64, "bytes": 2359296}
{"mock_phase": "read_complete", "rank": 7, "ret": 0, "bytes": 2359296}
{"mock_phase": "before_read", "rank": 7, "copies": 64, "bytes": 524288}
{"mock_phase": "read_complete", "rank": 7, "ret": 0, "bytes": 524288}
{"mock_phase": "before_read", "rank": 7, "copies": 64, "bytes": 330752}
{"mock_phase": "read_complete", "rank": 7, "ret": 0, "bytes": 330752}
{"mock_phase": "before_read", "rank": 7, "copies": 64, "bytes": 8192}
{"mock_phase": "read_complete", "rank": 7, "ret": 0, "bytes": 8192}
{"mock_phase": "before_read", "rank": 7, "copies": 64, "bytes": 1054720}
{"mock_phase": "read_complete", "rank": 7, "ret": 0, "bytes": 1054720}
{"mock_phase": "before_read", "rank": 7, "copies": 64, "bytes": 4194304}
{"mock_phase": "read_complete", "rank": 7, "ret": 0, "bytes": 4194304}
{"mock_phase": "before_read", "rank": 7, "copies": 64, "bytes": 3735552}
{"mock_phase": "read_complete", "rank": 7, "ret": 0, "bytes": 3735552}
{"mock_phase": "before_read", "rank": 7, "copies": 64, "bytes": 524288}
{"mock_phase": "read_complete", "rank": 7, "ret": 0, "bytes": 524288}
{"mock_phase": "before_read", "rank": 7, "copies": 64, "bytes": 524288}
{"mock_phase": "read_complete", "rank": 7, "ret": 0, "bytes": 524288}
{"mock_phase": "before_read", "rank": 7, "copies": 64, "bytes": 8192}
{"mock_phase": "read_complete", "rank": 7, "ret": 0, "bytes": 8192}
{"mock_phase": "before_read", "rank": 7, "copies": 64, "bytes": 8192}
{"mock_phase": "read_complete", "rank": 7, "ret": 0, "bytes": 8192}
{"mock_phase": "before_read", "rank": 7, "copies": 64, "bytes": 7341056}
{"mock_phase": "read_complete", "rank": 7, "ret": 0, "bytes": 7341056}
{"mock_phase": "before_read", "rank": 7, "copies": 64, "bytes": 8388608}
{"mock_phase": "read_complete", "rank": 7, "ret": 0, "bytes": 8388608}
{"mock_phase": "before_read", "rank": 7, "copies": 64, "bytes": 2883584}
{"mock_phase": "read_complete", "rank": 7, "ret": 0, "bytes": 2883584}
{"mock_phase": "before_read", "rank": 7, "copies": 64, "bytes": 1048576}
{"mock_phase": "read_complete", "rank": 7, "ret": 0, "bytes": 1048576}
{"mock_phase": "before_read", "rank": 7, "copies": 64, "bytes": 403456}
{"mock_phase": "read_complete", "rank": 7, "ret": 0, "bytes": 403456}
{"mock_phase": "before_read", "rank": 7, "copies": 64, "bytes": 16384}
{"mock_phase": "read_complete", "rank": 7, "ret": 0, "bytes": 16384}
{"mock_phase": "before_read", "rank": 7, "copies": 64, "bytes": 4202496}
{"mock_phase": "read_complete", "rank": 7, "ret": 0, "bytes": 4202496}
{"mock_phase": "before_read", "rank": 7, "copies": 11, "bytes": 1441792}
{"mock_phase": "read_complete", "rank": 7, "ret": 0, "bytes": 1441792}
{"ok": true, "request_id": "cmpl-a9fe379400afd0fe-0-b657d516", "ranks": [{"rank": 0, "bytes": 55858176, "read_s": 0.013457769993692636, "hash_s": 0.0745163606479764, "nonzero_groups": [0, 1, 2, 3, 4, 5, 6]}, {"rank": 1, "bytes": 55858176, "read_s": 0.013044890481978655, "hash_s": 0.0737055903300643, "nonzero_groups": [0, 1, 2, 3, 4, 5, 6]}, {"rank": 2, "bytes": 55858176, "read_s": 0.012777430936694145, "hash_s": 0.07451213896274567, "nonzero_groups": [0, 1, 2, 3, 4, 5, 6]}, {"rank": 3, "bytes": 55858176, "read_s": 0.012808278668671846, "hash_s": 0.07327977102249861, "nonzero_groups": [0, 1, 2, 3, 4, 5, 6]}, {"rank": 4, "bytes": 55858176, "read_s": 0.012865000870078802, "hash_s": 0.07388114044442773, "nonzero_groups": [0, 1, 2, 3, 4, 5, 6]}, {"rank": 5, "bytes": 55858176, "read_s": 0.012668130919337273, "hash_s": 0.07373982109129429, "nonzero_groups": [0, 1, 2, 3, 4, 5, 6]}, {"rank": 6, "bytes": 55858176, "read_s": 0.013007509056478739, "hash_s": 0.07353184185922146, "nonzero_groups": [0, 1, 2, 3, 4, 5, 6]}, {"rank": 7, "bytes": 55858176, "read_s": 0.012983320746570826, "hash_s": 0.07358425296843052, "nonzero_groups": [0, 1, 2, 3, 4, 5, 6]}], "bytes": 446865408, "consume_s": 0.7432141001336277, "ack_s": 0.0021299999207258224, "total_s": 0.745344530325383, "hold_ms": 0}
127.0.0.1 - - [09/Oct/2026 07:23:03] "POST /consume HTTP/1.1" 200 -
